transaction_id,account_id,amount,transaction_type,counterparty_id,timestamp,branch_code,is_fraud,scenario
TXN_000001,ACC_10019,21478.67,TRANSFER,EXT_10113,2026-08-28 09:02:31.000000,BR_009,0,normal
TXN_000002,ACC_10027,3842.69,TRANSFER,EXT_10481,2026-08-28 09:04:27.000000,BR_009,0,normal
TXN_000003,ACC_10044,3326.68,TRANSFER,EXT_10274,2026-08-28 09:07:52.000000,BR_009,0,normal
TXN_000004,ACC_10002,1971.31,DEBIT,EXT_10025,2026-08-28 09:09:34.000000,BR_009,0,normal
TXN_000005,ACC_10001,28497.88,TRANSFER,EXT_10455,2026-08-28 09:11:20.000000,BR_009,0,normal
TXN_000006,ACC_10040,500.0,TRANSFER,EXT_10241,2026-08-28 09:11:37.000000,BR_009,0,normal
TXN_000007,ACC_10025,953.86,TRANSFER,EXT_10495,2026-08-28 09:14:44.000000,BR_009,0,normal
TXN_000008,ACC_10006,1704.89,DEBIT,EXT_10154,2026-08-28 09:16:34.000000,BR_009,0,normal
TXN_000009,ACC_10026,14535.25,CREDIT,EXT_10303,2026-08-28 09:16:56.000000,BR_009,0,normal
TXN_000010,ACC_10028,793.88,TRANSFER,EXT_10274,2026-08-28 09:17:09.000000,BR_006,0,normal
TXN_000011,ACC_10000,2351.12,DEBIT,EXT_10465,2026-08-28 09:22:41.000000,BR_009,0,normal
TXN_000012,ACC_10000,2178.14,TRANSFER,EXT_10423,2026-08-28 09:25:13.000000,BR_009,0,normal
TXN_000013,ACC_10031,931.94,CREDIT,EXT_10169,2026-08-28 09:26:04.000000,BR_009,0,normal
TXN_000014,ACC_10043,6420.94,CREDIT,EXT_10293,2026-08-28 09:26:25.000000,BR_009,0,normal
TXN_000015,ACC_10045,6131.89,DEBIT,EXT_10467,2026-08-28 09:27:36.000000,BR_009,0,normal
TXN_000016,ACC_10027,2880.78,DEBIT,EXT_10079,2026-08-28 09:28:04.000000,BR_009,0,normal
TXN_000017,ACC_10026,23287.53,TRANSFER,EXT_10125,2026-08-28 09:30:00.000000,BR_009,0,normal
TXN_000018,ACC_10044,500.0,PAYMENT,EXT_10327,2026-08-28 09:30:09.000000,BR_009,0,normal
TXN_000019,ACC_10022,709.39,TRANSFER,EXT_10319,2026-08-28 09:33:03.000000,BR_009,0,normal
TXN_000020,ACC_10027,500.0,TRANSFER,EXT_10222,2026-08-28 09:34:04.000000,BR_009,0,normal
TXN_000021,ACC_10045,6406.43,CREDIT,EXT_10313,2026-08-28 09:36:33.000000,BR_009,0,normal
TXN_000022,ACC_10038,26279.11,DEBIT,EXT_10265,2026-08-28 09:37:46.000000,BR_009,0,normal
TXN_000023,ACC_10004,6002.94,DEBIT,EXT_10289,2026-08-28 09:38:54.000000,BR_009,0,normal
TXN_000024,ACC_10045,12076.01,CREDIT,EXT_10406,2026-08-28 09:39:30.000000,BR_009,0,normal
TXN_000025,ACC_10049,2589.63,DEBIT,EXT_10453,2026-08-28 09:40:05.000000,BR_006,0,normal
TXN_000026,ACC_10023,1678.93,DEBIT,EXT_10313,2026-08-28 09:40:23.000000,BR_009,0,normal
TXN_000027,ACC_10033,10632.18,DEBIT,EXT_10433,2026-08-28 09:44:27.000000,BR_009,0,normal
TXN_000028,ACC_10032,500.0,CREDIT,EXT_10026,2026-08-28 09:45:22.000000,BR_009,0,normal
TXN_000029,ACC_10013,3364.66,CREDIT,EXT_10119,2026-08-28 09:46:19.000000,BR_006,0,normal
TXN_000030,ACC_10034,1664.26,TRANSFER,EXT_10320,2026-08-28 09:49:51.000000,BR_009,0,normal
TXN_000031,ACC_10045,1646.53,TRANSFER,EXT_10127,2026-08-28 09:50:00.000000,BR_009,0,normal
TXN_000032,ACC_10009,132451.24,TRANSFER,EXT_10449,2026-08-28 09:54:00.000000,BR_006,0,normal
TXN_000033,ACC_10013,6342.07,DEBIT,EXT_10352,2026-08-28 09:54:13.000000,BR_006,0,normal
TXN_000034,ACC_10023,1663.24,DEBIT,EXT_10034,2026-08-28 09:55:25.000000,BR_009,0,normal
TXN_000035,ACC_10048,1746.7,CREDIT,EXT_10255,2026-08-28 09:55:28.000000,BR_009,0,normal
TXN_000036,ACC_10032,4823.2,CREDIT,EXT_10441,2026-08-28 09:57:42.000000,BR_009,0,normal
TXN_000037,ACC_10013,16363.69,PAYMENT,EXT_10006,2026-08-28 10:01:19.000000,BR_006,0,normal
TXN_000038,ACC_10031,609.0,PAYMENT,EXT_10150,2026-08-28 10:01:30.000000,BR_009,0,normal
TXN_000039,ACC_10000,500.0,CREDIT,EXT_10063,2026-08-28 10:02:12.000000,BR_009,0,normal
TXN_000040,ACC_10015,500.0,PAYMENT,EXT_10114,2026-08-28 10:04:28.000000,BR_009,0,normal
TXN_000041,ACC_10015,1760.18,PAYMENT,EXT_10312,2026-08-28 10:05:14.000000,BR_009,0,normal
TXN_000042,ACC_10027,8877.61,CREDIT,EXT_10182,2026-08-28 10:05:31.000000,BR_009,0,normal
TXN_000043,ACC_10017,3642.27,CREDIT,EXT_10076,2026-08-28 10:06:18.000000,BR_009,0,normal
TXN_000044,ACC_10046,1970.82,DEBIT,EXT_10115,2026-08-28 10:09:39.000000,BR_009,0,normal
TXN_000045,ACC_10008,3535.35,CREDIT,EXT_10386,2026-08-28 10:15:35.000000,BR_009,0,normal
TXN_000046,ACC_10045,2433.14,TRANSFER,EXT_10072,2026-08-28 10:18:22.000000,BR_009,0,normal
TXN_000047,ACC_10045,5575.95,TRANSFER,EXT_10458,2026-08-28 10:19:22.000000,BR_009,0,normal
TXN_000048,ACC_10019,42926.26,PAYMENT,EXT_10295,2026-08-28 10:23:56.000000,BR_009,0,normal
TXN_000049,ACC_10017,3378.84,TRANSFER,EXT_10166,2026-08-28 10:24:14.000000,BR_009,0,normal
TXN_000050,ACC_10039,1728.45,TRANSFER,EXT_10058,2026-08-28 10:28:14.000000,BR_009,0,normal
TXN_000051,ACC_10005,7373.98,TRANSFER,EXT_10233,2026-08-28 10:30:25.000000,BR_009,0,normal
TXN_000052,ACC_10020,3696.31,TRANSFER,EXT_10051,2026-08-28 10:32:26.000000,BR_009,0,normal
TXN_000053,ACC_10026,13123.02,DEBIT,EXT_10238,2026-08-28 10:32:55.000000,BR_009,0,normal
TXN_000054,ACC_10015,10990.84,CREDIT,EXT_10242,2026-08-28 10:34:49.000000,BR_009,0,normal
TXN_000055,ACC_10025,6515.06,CREDIT,EXT_10400,2026-08-28 10:35:08.000000,BR_009,0,normal
TXN_000056,ACC_10032,15123.23,CREDIT,EXT_10015,2026-08-28 10:35:54.000000,BR_009,0,normal
TXN_000057,ACC_10023,3872.75,CREDIT,EXT_10496,2026-08-28 10:37:03.000000,BR_009,0,normal
TXN_000058,ACC_10031,2476.08,DEBIT,EXT_10391,2026-08-28 10:44:13.000000,BR_009,0,normal
TXN_000059,ACC_10005,955.99,TRANSFER,EXT_10121,2026-08-28 10:44:35.000000,BR_009,0,normal
TXN_000060,ACC_10045,22863.17,DEBIT,EXT_10472,2026-08-28 10:50:27.000000,BR_009,0,normal
TXN_000061,ACC_10020,21219.99,TRANSFER,EXT_10185,2026-08-28 10:51:13.000000,BR_009,0,normal
TXN_000062,ACC_10033,12677.88,TRANSFER,EXT_10111,2026-08-28 10:51:51.000000,BR_009,0,normal
TXN_000063,ACC_10040,500.0,TRANSFER,EXT_10272,2026-08-28 10:52:28.000000,BR_009,0,normal
TXN_000064,ACC_10020,7412.16,TRANSFER,EXT_10275,2026-08-28 10:55:08.000000,BR_009,0,normal
TXN_000065,ACC_10018,8023.29,CREDIT,EXT_10323,2026-08-28 10:57:42.000000,BR_009,0,normal
TXN_000066,ACC_10003,4094.81,DEBIT,EXT_10127,2026-08-28 10:59:25.000000,BR_009,0,normal
TXN_000067,ACC_10039,500.0,CREDIT,EXT_10154,2026-08-28 11:03:15.000000,BR_009,0,normal
TXN_000068,ACC_10041,19645.11,TRANSFER,EXT_10069,2026-08-28 11:04:16.000000,BR_009,0,normal
TXN_000069,ACC_10027,6228.55,TRANSFER,EXT_10490,2026-08-28 11:09:39.000000,BR_009,0,normal
TXN_000070,ACC_10004,1285.59,PAYMENT,EXT_10460,2026-08-28 11:09:44.000000,BR_009,0,normal
TXN_000071,ACC_10005,2299.52,TRANSFER,EXT_10221,2026-08-28 11:10:50.000000,BR_009,0,normal
TXN_000072,ACC_10036,22488.0,DEBIT,EXT_10321,2026-08-28 11:11:42.000000,BR_009,0,normal
TXN_000073,ACC_10033,1275.86,DEBIT,EXT_10359,2026-08-28 11:13:25.000000,BR_009,0,normal
TXN_000074,ACC_10024,7362.36,DEBIT,EXT_10307,2026-08-28 11:15:46.000000,BR_009,0,normal
TXN_000075,ACC_10014,7590.16,DEBIT,EXT_10031,2026-08-28 11:17:22.000000,BR_006,0,normal
TXN_000076,ACC_10000,7591.83,PAYMENT,EXT_10344,2026-08-28 11:22:24.000000,BR_009,0,normal
TXN_000077,ACC_10015,10196.16,DEBIT,EXT_10248,2026-08-28 11:22:44.000000,BR_009,0,normal
TXN_000078,ACC_10015,530.37,TRANSFER,EXT_10486,2026-08-28 11:23:32.000000,BR_009,0,normal
TXN_000079,ACC_10025,5052.3,CREDIT,EXT_10377,2026-08-28 11:24:23.000000,BR_009,0,normal
TXN_000080,ACC_10036,1183.7,DEBIT,EXT_10111,2026-08-28 11:27:08.000000,BR_009,0,normal
TXN_000081,ACC_10021,782.66,TRANSFER,EXT_10057,2026-08-28 11:28:46.000000,BR_009,0,normal
TXN_000082,ACC_10038,14133.72,DEBIT,EXT_10255,2026-08-28 11:29:34.000000,BR_009,0,normal
TXN_000083,ACC_10013,1282.61,TRANSFER,EXT_10358,2026-08-28 11:32:31.000000,BR_006,0,normal
TXN_000084,ACC_10031,745.38,DEBIT,EXT_10086,2026-08-28 11:32:52.000000,BR_009,0,normal
TXN_000085,ACC_10047,2149.53,TRANSFER,EXT_10304,2026-08-28 11:33:12.000000,BR_009,0,normal
TXN_000086,ACC_10048,12241.28,TRANSFER,EXT_10304,2026-08-28 11:33:15.000000,BR_009,0,normal
TXN_000087,ACC_10024,2664.55,DEBIT,EXT_10131,2026-08-28 11:38:17.000000,BR_009,0,normal
TXN_000088,ACC_10020,1064.98,DEBIT,EXT_10050,2026-08-28 11:42:18.000000,BR_009,0,normal
TXN_000089,ACC_10031,18408.87,TRANSFER,EXT_10167,2026-08-28 11:45:46.000000,BR_009,0,normal
TXN_000090,ACC_10000,39386.2,CREDIT,EXT_10367,2026-08-28 11:48:16.000000,BR_009,0,normal
TXN_000091,ACC_10025,1763.4,TRANSFER,EXT_10152,2026-08-28 12:02:59.000000,BR_009,0,normal
TXN_000092,ACC_10036,815.22,CREDIT,EXT_10154,2026-08-28 12:07:10.000000,BR_009,0,normal
TXN_000093,ACC_10030,2242.81,TRANSFER,EXT_10212,2026-08-28 12:07:45.000000,BR_009,0,normal
TXN_000094,ACC_10001,500.0,TRANSFER,EXT_10482,2026-08-28 12:08:25.000000,BR_009,0,normal
TXN_000095,ACC_10037,3524.35,CREDIT,EXT_10386,2026-08-28 12:10:54.000000,BR_009,0,normal
TXN_000096,ACC_10016,6025.25,DEBIT,EXT_10350,2026-08-28 12:12:24.000000,BR_009,0,normal
TXN_000097,ACC_10008,500.0,TRANSFER,EXT_10007,2026-08-28 12:14:28.000000,BR_009,0,normal
TXN_000098,ACC_10005,1579.45,DEBIT,EXT_10414,2026-08-28 12:16:29.000000,BR_009,0,normal
TXN_000099,ACC_10048,5862.72,DEBIT,EXT_10071,2026-08-28 12:19:33.000000,BR_009,0,normal
TXN_000100,ACC_10027,1591.19,TRANSFER,EXT_10421,2026-08-28 12:20:24.000000,BR_009,0,normal
TXN_000101,ACC_10024,7231.14,DEBIT,EXT_10311,2026-08-28 12:20:59.000000,BR_009,0,normal
TXN_000102,ACC_10030,10585.87,PAYMENT,EXT_10320,2026-08-28 12:21:54.000000,BR_009,0,normal
TXN_000103,ACC_10031,935.33,DEBIT,EXT_10127,2026-08-28 12:22:17.000000,BR_009,0,normal
TXN_000104,ACC_10024,3589.37,DEBIT,EXT_10218,2026-08-28 12:24:25.000000,BR_009,0,normal
TXN_000105,ACC_10033,19529.42,TRANSFER,EXT_10050,2026-08-28 12:30:09.000000,BR_009,0,normal
TXN_000106,ACC_10024,7615.01,CREDIT,EXT_10215,2026-08-28 12:31:30.000000,BR_009,0,normal
TXN_000107,ACC_10003,917.25,DEBIT,EXT_10406,2026-08-28 12:32:01.000000,BR_009,0,normal
TXN_000108,ACC_10011,1964.96,TRANSFER,EXT_10344,2026-08-28 12:32:16.000000,BR_009,0,normal
TXN_000109,ACC_10039,1779.55,DEBIT,EXT_10339,2026-08-28 12:33:13.000000,BR_009,0,normal
TXN_000110,ACC_10000,3666.54,CREDIT,EXT_10232,2026-08-28 12:34:16.000000,BR_009,0,normal
TXN_000111,ACC_10042,5200.84,DEBIT,EXT_10100,2026-08-28 12:38:52.000000,BR_009,0,normal
TXN_000112,ACC_10012,737.26,PAYMENT,EXT_10376,2026-08-28 12:39:15.000000,BR_009,0,normal
TXN_000113,ACC_10020,136006.15,CREDIT,EXT_10492,2026-08-28 12:40:25.000000,BR_009,0,normal
TXN_000114,ACC_10041,38809.69,TRANSFER,EXT_10224,2026-08-28 12:41:13.000000,BR_009,0,normal
TXN_000115,ACC_10013,6597.51,TRANSFER,EXT_10103,2026-08-28 12:41:31.000000,BR_006,0,normal
TXN_000116,ACC_10003,687.96,CREDIT,EXT_10231,2026-08-28 12:43:16.000000,BR_009,0,normal
TXN_000117,ACC_10008,12677.79,DEBIT,EXT_10084,2026-08-28 12:46:24.000000,BR_009,0,normal
TXN_000118,ACC_10036,500.0,CREDIT,EXT_10481,2026-08-28 12:46:24.000000,BR_009,0,normal
TXN_000119,ACC_10023,6974.25,TRANSFER,EXT_10240,2026-08-28 12:46:37.000000,BR_009,0,normal
TXN_000120,ACC_10001,500.0,DEBIT,EXT_10304,2026-08-28 12:50:33.000000,BR_009,0,normal
TXN_000121,ACC_10027,6791.25,CREDIT,EXT_10202,2026-08-28 12:52:30.000000,BR_009,0,normal
TXN_000122,ACC_10012,1557.86,TRANSFER,EXT_10152,2026-08-28 12:55:45.000000,BR_009,0,normal
TXN_000123,ACC_10022,7376.62,DEBIT,EXT_10440,2026-08-28 12:58:12.000000,BR_009,0,normal
TXN_000124,ACC_10027,13254.74,DEBIT,EXT_10387,2026-08-28 13:00:09.000000,BR_009,0,normal
TXN_000125,ACC_10024,17610.99,DEBIT,EXT_10340,2026-08-28 13:02:02.000000,BR_009,0,normal
TXN_000126,ACC_10048,25674.08,CREDIT,EXT_10297,2026-08-28 13:03:08.000000,BR_009,0,normal
TXN_000127,ACC_10038,500.0,DEBIT,EXT_10087,2026-08-28 13:05:03.000000,BR_009,0,normal
TXN_000128,ACC_10043,20029.1,TRANSFER,EXT_10037,2026-08-28 13:05:33.000000,BR_009,0,normal
TXN_000129,ACC_10008,21659.32,DEBIT,EXT_10196,2026-08-28 13:07:20.000000,BR_009,0,normal
TXN_000130,ACC_10008,8679.19,TRANSFER,EXT_10397,2026-08-28 13:08:16.000000,BR_009,0,normal
TXN_000131,ACC_10034,6355.8,CREDIT,EXT_10464,2026-08-28 13:08:18.000000,BR_009,0,normal
TXN_000132,ACC_10001,2347.21,TRANSFER,EXT_10433,2026-08-28 13:09:24.000000,BR_009,0,normal
TXN_000133,ACC_10045,11195.96,TRANSFER,EXT_10176,2026-08-28 13:10:19.000000,BR_009,0,normal
TXN_000134,ACC_10039,7395.48,TRANSFER,EXT_10283,2026-08-28 13:12:16.000000,BR_009,0,normal
TXN_000135,ACC_10032,841.19,TRANSFER,EXT_10291,2026-08-28 13:15:16.000000,BR_009,0,normal
TXN_000136,ACC_10016,903.96,TRANSFER,EXT_10190,2026-08-28 13:15:18.000000,BR_009,0,normal
TXN_000137,ACC_10002,18365.02,TRANSFER,EXT_10280,2026-08-28 13:16:02.000000,BR_009,0,normal
TXN_000138,ACC_10045,50150.35,DEBIT,EXT_10361,2026-08-28 13:16:06.000000,BR_009,0,normal
TXN_000139,ACC_10038,41317.28,CREDIT,EXT_10346,2026-08-28 13:16:29.000000,BR_009,0,normal
TXN_000140,ACC_10016,2138.99,TRANSFER,EXT_10484,2026-08-28 13:16:35.000000,BR_009,0,normal
TXN_000141,ACC_10023,22454.26,TRANSFER,EXT_10327,2026-08-28 13:22:33.000000,BR_009,0,normal
TXN_000142,ACC_10022,2078.44,TRANSFER,EXT_10300,2026-08-28 13:23:17.000000,BR_009,0,normal
TXN_000143,ACC_10024,14299.51,TRANSFER,EXT_10431,2026-08-28 13:30:16.000000,BR_009,0,normal
TXN_000144,ACC_10024,2809.84,DEBIT,EXT_10100,2026-08-28 13:30:59.000000,BR_009,0,normal
TXN_000145,ACC_10033,8939.87,CREDIT,EXT_10133,2026-08-28 13:32:13.000000,BR_009,0,normal
TXN_000146,ACC_10008,11178.18,CREDIT,EXT_10403,2026-08-28 13:32:51.000000,BR_009,0,normal
TXN_000147,ACC_10021,500.0,PAYMENT,EXT_10348,2026-08-28 13:35:23.000000,BR_009,0,normal
TXN_000148,ACC_10036,3393.11,CREDIT,EXT_10254,2026-08-28 13:38:42.000000,BR_009,0,normal
TXN_000149,ACC_10002,20943.96,PAYMENT,EXT_10276,2026-08-28 13:39:06.000000,BR_009,0,normal
TXN_000150,ACC_10028,25299.95,CREDIT,EXT_10054,2026-08-28 13:41:02.000000,BR_006,0,normal
TXN_000151,ACC_10042,3617.39,TRANSFER,EXT_10248,2026-08-28 13:42:55.000000,BR_009,0,normal
TXN_000152,ACC_10025,21084.27,CREDIT,EXT_10202,2026-08-28 13:49:32.000000,BR_009,0,normal
TXN_000153,ACC_10046,10535.81,DEBIT,EXT_10292,2026-08-28 13:51:34.000000,BR_009,0,normal
TXN_000154,ACC_10044,927.7,TRANSFER,EXT_10202,2026-08-28 13:54:15.000000,BR_009,0,normal
TXN_000155,ACC_10027,1079.33,TRANSFER,EXT_10308,2026-08-28 13:56:53.000000,BR_009,0,normal
TXN_000156,ACC_10002,2688.54,CREDIT,EXT_10018,2026-08-28 13:58:45.000000,BR_009,0,normal
TXN_000157,ACC_10009,1375.37,TRANSFER,EXT_10190,2026-08-28 13:59:08.000000,BR_006,0,normal
TXN_000158,ACC_10033,80978.96,DEBIT,EXT_10008,2026-08-28 14:01:15.000000,BR_009,0,normal
TXN_000159,ACC_10011,12125.05,TRANSFER,EXT_10147,2026-08-28 14:02:06.000000,BR_009,0,normal
TXN_000160,ACC_10031,500.0,TRANSFER,EXT_10393,2026-08-28 14:03:53.000000,BR_009,0,normal
TXN_000161,ACC_10038,6869.33,DEBIT,EXT_10241,2026-08-28 14:04:02.000000,BR_009,0,normal
TXN_000162,ACC_10024,4164.03,TRANSFER,EXT_10477,2026-08-28 14:07:05.000000,BR_009,0,normal
TXN_000163,ACC_10015,3460.37,CREDIT,EXT_10031,2026-08-28 14:08:39.000000,BR_009,0,normal
TXN_000164,ACC_10011,500.0,CREDIT,EXT_10210,2026-08-28 14:08:58.000000,BR_009,0,normal
TXN_000165,ACC_10031,66221.36,CREDIT,EXT_10076,2026-08-28 14:11:37.000000,BR_009,0,normal
TXN_000166,ACC_10044,500.0,DEBIT,EXT_10052,2026-08-28 14:13:13.000000,BR_009,0,normal
TXN_000167,ACC_10031,565.9,DEBIT,EXT_10035,2026-08-28 14:14:21.000000,BR_009,0,normal
TXN_000168,ACC_10015,5755.54,TRANSFER,EXT_10184,2026-08-28 14:16:21.000000,BR_009,0,normal
TXN_000169,ACC_10008,3390.7,DEBIT,EXT_10490,2026-08-28 14:17:49.000000,BR_009,0,normal
TXN_000170,ACC_10017,531.68,CREDIT,EXT_10488,2026-08-28 14:19:41.000000,BR_009,0,normal
TXN_000171,ACC_10022,5092.1,CREDIT,EXT_10298,2026-08-28 14:19:47.000000,BR_009,0,normal
TXN_000172,ACC_10016,4971.93,CREDIT,EXT_10057,2026-08-28 14:23:14.000000,BR_009,0,normal
TXN_000173,ACC_10037,500.0,CREDIT,EXT_10145,2026-08-28 14:25:00.000000,BR_009,0,normal
TXN_000174,ACC_10046,1814.35,TRANSFER,EXT_10430,2026-08-28 14:25:42.000000,BR_009,0,normal
TXN_000175,ACC_10047,2293.21,DEBIT,EXT_10104,2026-08-28 14:25:59.000000,BR_009,0,normal
TXN_000176,ACC_10023,8448.19,CREDIT,EXT_10234,2026-08-28 14:26:12.000000,BR_009,0,normal
TXN_000177,ACC_10004,1032.66,TRANSFER,EXT_10293,2026-08-28 14:30:13.000000,BR_009,0,normal
TXN_000178,ACC_10015,7929.5,TRANSFER,EXT_10125,2026-08-28 14:31:48.000000,BR_009,0,normal
TXN_000179,ACC_10000,17123.66,DEBIT,EXT_10304,2026-08-28 14:31:51.000000,BR_009,0,normal
TXN_000180,ACC_10031,3019.67,PAYMENT,EXT_10013,2026-08-28 14:34:20.000000,BR_009,0,normal
TXN_000181,ACC_10014,2358.25,DEBIT,EXT_10059,2026-08-28 14:35:15.000000,BR_006,0,normal
TXN_000182,ACC_10033,500.0,DEBIT,EXT_10149,2026-08-28 14:35:29.000000,BR_009,0,normal
TXN_000183,ACC_10001,973.66,CREDIT,EXT_10240,2026-08-28 14:36:08.000000,BR_009,0,normal
TXN_000184,ACC_10008,5487.44,DEBIT,EXT_10154,2026-08-28 14:36:39.000000,BR_009,0,normal
TXN_000185,ACC_10016,9856.61,CREDIT,EXT_10110,2026-08-28 14:36:52.000000,BR_009,0,normal
TXN_000186,ACC_10015,68935.45,PAYMENT,EXT_10402,2026-08-28 14:37:06.000000,BR_009,0,normal
TXN_000187,ACC_10030,3337.38,TRANSFER,EXT_10151,2026-08-28 14:40:55.000000,BR_009,0,normal
TXN_000188,ACC_10037,2585.28,DEBIT,EXT_10354,2026-08-28 14:41:14.000000,BR_009,0,normal
TXN_000189,ACC_10022,917.55,PAYMENT,EXT_10077,2026-08-28 14:42:57.000000,BR_009,0,normal
TXN_000190,ACC_10027,18704.59,CREDIT,EXT_10291,2026-08-28 14:45:04.000000,BR_009,0,normal
TXN_000191,ACC_10042,6090.57,TRANSFER,EXT_10175,2026-08-28 14:51:19.000000,BR_009,0,normal
TXN_000192,ACC_10022,5333.92,CREDIT,EXT_10367,2026-08-28 14:53:43.000000,BR_009,0,normal
TXN_000193,ACC_10029,3043.14,TRANSFER,EXT_10436,2026-08-28 14:54:41.000000,BR_009,0,normal
TXN_000194,ACC_10002,12744.54,DEBIT,EXT_10335,2026-08-28 14:54:42.000000,BR_009,0,normal
TXN_000195,ACC_10031,7852.82,DEBIT,EXT_10024,2026-08-28 15:02:23.000000,BR_009,0,normal
TXN_000196,ACC_10048,3135.07,CREDIT,EXT_10341,2026-08-28 15:03:02.000000,BR_009,0,normal
TXN_000197,ACC_10024,521.01,PAYMENT,EXT_10449,2026-08-28 15:03:58.000000,BR_009,0,normal
TXN_000198,ACC_10039,3434.43,CREDIT,EXT_10343,2026-08-28 15:04:03.000000,BR_009,0,normal
TXN_000199,ACC_10037,69066.29,DEBIT,EXT_10070,2026-08-28 15:14:25.000000,BR_009,0,normal
TXN_000200,ACC_10030,500.0,DEBIT,EXT_10051,2026-08-28 15:16:25.000000,BR_009,0,normal
TXN_000201,ACC_10045,500.0,CREDIT,EXT_10255,2026-08-28 15:19:20.000000,BR_009,0,normal
TXN_000202,ACC_10002,500.0,CREDIT,EXT_10463,2026-08-28 15:24:30.000000,BR_009,0,normal
TXN_000203,ACC_10043,2617.67,TRANSFER,EXT_10065,2026-08-28 15:24:46.000000,BR_009,0,normal
TXN_000204,ACC_10043,1626.7,CREDIT,EXT_10329,2026-08-28 15:24:57.000000,BR_009,0,normal
TXN_000205,ACC_10023,4897.53,TRANSFER,EXT_10476,2026-08-28 15:27:36.000000,BR_009,0,normal
TXN_000206,ACC_10048,1903.45,DEBIT,EXT_10343,2026-08-28 15:30:32.000000,BR_009,0,normal
TXN_000207,ACC_10036,500.0,DEBIT,EXT_10107,2026-08-28 15:36:00.000000,BR_009,0,normal
TXN_000208,ACC_10027,4050.73,PAYMENT,EXT_10146,2026-08-28 15:36:13.000000,BR_009,0,normal
TXN_000209,ACC_10032,1144.93,PAYMENT,EXT_10234,2026-08-28 15:41:31.000000,BR_009,0,normal
TXN_000210,ACC_10014,1286.16,TRANSFER,EXT_10119,2026-08-28 15:41:58.000000,BR_006,0,normal
TXN_000211,ACC_10034,5203.62,DEBIT,EXT_10129,2026-08-28 15:44:35.000000,BR_009,0,normal
TXN_000212,ACC_10019,13470.18,DEBIT,EXT_10338,2026-08-28 15:50:10.000000,BR_009,0,normal
TXN_000213,ACC_10045,14047.59,CREDIT,EXT_10441,2026-08-28 15:55:03.000000,BR_009,0,normal
TXN_000214,ACC_10027,2700.18,CREDIT,EXT_10390,2026-08-28 16:00:10.000000,BR_009,0,normal
TXN_000215,ACC_10002,3393.09,PAYMENT,EXT_10476,2026-08-28 16:04:55.000000,BR_009,0,normal
TXN_000216,ACC_10026,9904.94,CREDIT,EXT_10082,2026-08-28 16:05:14.000000,BR_009,0,normal
TXN_000217,ACC_10032,2087.55,TRANSFER,EXT_10400,2026-08-28 16:06:19.000000,BR_009,0,normal
TXN_000218,ACC_10026,14441.33,DEBIT,EXT_10018,2026-08-28 16:06:23.000000,BR_009,0,normal
TXN_000219,ACC_10025,4054.45,DEBIT,EXT_10176,2026-08-28 16:08:01.000000,BR_009,0,normal
TXN_000220,ACC_10023,1699.38,CREDIT,EXT_10175,2026-08-28 16:12:50.000000,BR_009,0,normal
TXN_000221,ACC_10040,16753.42,TRANSFER,EXT_10163,2026-08-28 16:13:22.000000,BR_009,0,normal
TXN_000222,ACC_10018,9286.35,DEBIT,EXT_10242,2026-08-28 16:15:14.000000,BR_009,0,normal
TXN_000223,ACC_10034,3527.48,CREDIT,EXT_10148,2026-08-28 16:16:06.000000,BR_009,0,normal
TXN_000224,ACC_10022,5228.42,DEBIT,EXT_10431,2026-08-28 16:17:02.000000,BR_009,0,normal
TXN_000225,ACC_10015,967.71,DEBIT,EXT_10134,2026-08-28 16:17:02.000000,BR_009,0,normal
TXN_000226,ACC_10025,627.98,PAYMENT,EXT_10096,2026-08-28 16:22:31.000000,BR_009,0,normal
TXN_000227,ACC_10000,13087.7,CREDIT,EXT_10097,2026-08-28 16:22:48.000000,BR_009,0,normal
TXN_000228,ACC_10043,42690.39,TRANSFER,EXT_10077,2026-08-28 16:27:36.000000,BR_009,0,normal
TXN_000229,ACC_10010,9893.99,TRANSFER,EXT_10298,2026-08-28 16:28:58.000000,BR_006,0,normal
TXN_000230,ACC_10037,3315.07,CREDIT,EXT_10270,2026-08-28 16:30:23.000000,BR_009,0,normal
TXN_000231,ACC_10031,500.0,CREDIT,EXT_10135,2026-08-28 16:30:42.000000,BR_009,0,normal
TXN_000232,ACC_10039,6316.26,CREDIT,EXT_10456,2026-08-28 16:36:52.000000,BR_009,0,normal
TXN_000233,ACC_10043,6824.27,CREDIT,EXT_10251,2026-08-28 16:42:38.000000,BR_009,0,normal
TXN_000234,ACC_10042,7472.12,PAYMENT,EXT_10481,2026-08-28 16:43:27.000000,BR_009,0,normal
TXN_000235,ACC_10023,3273.25,TRANSFER,EXT_10379,2026-08-28 16:45:40.000000,BR_009,0,normal
TXN_000236,ACC_10022,4542.25,CREDIT,EXT_10443,2026-08-28 16:45:53.000000,BR_009,0,normal
TXN_000237,ACC_10003,16770.3,TRANSFER,EXT_10431,2026-08-28 16:50:18.000000,BR_009,0,normal
TXN_000238,ACC_10046,3934.08,CREDIT,EXT_10073,2026-08-28 16:53:58.000000,BR_009,0,normal
TXN_000239,ACC_10034,1770.04,DEBIT,EXT_10068,2026-08-28 16:54:08.000000,BR_009,0,normal
TXN_000240,ACC_10009,500.0,DEBIT,EXT_10251,2026-08-28 16:54:59.000000,BR_006,0,normal
TXN_000241,ACC_10011,4039.06,TRANSFER,EXT_10088,2026-08-28 16:57:01.000000,BR_009,0,normal
TXN_000242,ACC_10027,1501.25,CREDIT,EXT_10189,2026-08-28 16:57:25.000000,BR_009,0,normal
TXN_000243,ACC_10003,28697.49,DEBIT,EXT_10278,2026-08-28 17:00:24.000000,BR_009,0,normal
TXN_000244,ACC_10045,1641.68,TRANSFER,EXT_10048,2026-08-28 17:00:34.000000,BR_009,0,normal
TXN_000245,ACC_10028,1805.26,DEBIT,EXT_10146,2026-08-28 17:04:58.000000,BR_006,0,normal
TXN_000246,ACC_10031,3174.46,CREDIT,EXT_10183,2026-08-28 17:09:34.000000,BR_009,0,normal
TXN_000247,ACC_10019,2684.85,CREDIT,EXT_10034,2026-08-28 17:17:39.000000,BR_009,0,normal
TXN_000248,ACC_10047,7360.82,DEBIT,EXT_10002,2026-08-28 17:20:49.000000,BR_009,0,normal
TXN_000249,ACC_10013,500.0,CREDIT,EXT_10252,2026-08-28 17:22:09.000000,BR_006,0,normal
TXN_000250,ACC_10026,5509.12,DEBIT,EXT_10380,2026-08-28 17:23:20.000000,BR_009,0,normal
TXN_000251,ACC_10021,4899.64,CREDIT,EXT_10496,2026-08-28 17:24:27.000000,BR_009,0,normal
TXN_000252,ACC_10040,3432.8,TRANSFER,EXT_10193,2026-08-28 17:25:30.000000,BR_009,0,normal
TXN_000253,ACC_10040,78746.03,CREDIT,EXT_10248,2026-08-28 17:26:09.000000,BR_009,0,normal
TXN_000254,ACC_10029,1423.41,DEBIT,EXT_10074,2026-08-28 17:28:19.000000,BR_009,0,normal
TXN_000255,ACC_10008,28691.88,TRANSFER,EXT_10242,2026-08-28 17:29:30.000000,BR_009,0,normal
TXN_000256,ACC_10049,29889.19,PAYMENT,EXT_10397,2026-08-28 17:29:39.000000,BR_006,0,normal
TXN_000257,ACC_10036,2489.65,CREDIT,EXT_10196,2026-08-28 17:33:31.000000,BR_009,0,normal
TXN_000258,ACC_10048,1211.3,PAYMENT,EXT_10447,2026-08-28 17:34:18.000000,BR_009,0,normal
TXN_000259,ACC_10002,976.78,TRANSFER,EXT_10094,2026-08-28 17:34:36.000000,BR_009,0,normal
TXN_000260,ACC_10049,5795.42,TRANSFER,EXT_10287,2026-08-28 17:36:42.000000,BR_006,0,normal
TXN_000261,ACC_10046,1043.38,DEBIT,EXT_10178,2026-08-28 17:37:05.000000,BR_009,0,normal
TXN_000262,ACC_10029,2158.16,DEBIT,EXT_10428,2026-08-28 17:37:56.000000,BR_009,0,normal
TXN_000263,ACC_10002,10598.0,PAYMENT,EXT_10055,2026-08-28 17:42:22.000000,BR_009,0,normal
TXN_000264,ACC_10023,532.98,CREDIT,EXT_10473,2026-08-28 17:42:23.000000,BR_009,0,normal
TXN_000265,ACC_10034,10758.21,TRANSFER,EXT_10412,2026-08-28 17:57:08.000000,BR_009,0,normal
TXN_000266,ACC_10035,6138.48,TRANSFER,EXT_10485,2026-08-29 09:16:16.000000,BR_009,0,normal
TXN_000267,ACC_10004,6639.69,TRANSFER,EXT_10407,2026-08-29 09:56:22.000000,BR_009,0,normal
TXN_000268,ACC_10025,200000.0,DEBIT,EXT_10434,2026-08-29 10:00:34.000000,BR_009,0,normal
TXN_000269,ACC_10037,10341.95,CREDIT,EXT_10433,2026-08-29 10:18:10.000000,BR_009,0,normal
TXN_000270,ACC_10016,2208.55,CREDIT,EXT_10221,2026-08-29 11:02:50.000000,BR_009,0,normal
TXN_000271,ACC_10048,500.0,DEBIT,EXT_10215,2026-08-29 11:08:25.000000,BR_009,0,normal
TXN_000272,ACC_10023,6315.47,CREDIT,EXT_10057,2026-08-29 11:28:25.000000,BR_009,0,normal
TXN_000273,ACC_10018,10010.79,DEBIT,EXT_10084,2026-08-29 11:34:15.000000,BR_009,0,normal
TXN_000274,ACC_10035,14222.47,DEBIT,EXT_10271,2026-08-29 11:55:54.000000,BR_009,0,normal
TXN_000275,ACC_10004,4030.99,TRANSFER,EXT_10245,2026-08-29 12:30:24.000000,BR_009,0,normal
TXN_000276,ACC_10028,2422.35,PAYMENT,EXT_10438,2026-08-29 12:31:31.000000,BR_006,0,normal
TXN_000277,ACC_10036,68212.12,TRANSFER,EXT_10333,2026-08-29 12:53:16.000000,BR_009,0,normal
TXN_000278,ACC_10033,1771.97,TRANSFER,EXT_10194,2026-08-29 13:07:43.000000,BR_009,0,normal
TXN_000279,ACC_10021,3057.14,DEBIT,EXT_10111,2026-08-29 13:14:35.000000,BR_009,0,normal
TXN_000280,ACC_10019,1621.36,TRANSFER,EXT_10136,2026-08-29 13:35:41.000000,BR_009,0,normal
TXN_000281,ACC_10034,500.0,CREDIT,EXT_10164,2026-08-29 15:38:51.000000,BR_009,0,normal
TXN_000282,ACC_10025,11767.44,TRANSFER,EXT_10215,2026-08-29 15:44:25.000000,BR_009,0,normal
TXN_000283,ACC_10029,9747.77,CREDIT,EXT_10486,2026-08-29 16:08:48.000000,BR_009,0,normal
TXN_000284,ACC_10011,3857.14,DEBIT,EXT_10292,2026-08-29 16:49:46.000000,BR_009,0,normal
TXN_000285,ACC_10031,6991.61,DEBIT,EXT_10323,2026-08-29 16:53:51.000000,BR_009,0,normal
TXN_000286,ACC_10031,1436.38,DEBIT,EXT_10171,2026-08-29 17:09:50.000000,BR_009,0,normal
TXN_000287,ACC_10003,6088.14,TRANSFER,EXT_10091,2026-08-29 17:25:03.000000,BR_009,0,normal
TXN_000288,ACC_10006,1340.6,DEBIT,EXT_10144,2026-08-30 09:47:53.000000,BR_009,0,normal
TXN_000289,ACC_10036,41336.58,TRANSFER,EXT_10413,2026-08-30 09:53:01.000000,BR_009,0,normal
TXN_000290,ACC_10032,548.77,CREDIT,EXT_10341,2026-08-30 10:02:10.000000,BR_009,0,normal
TXN_000291,ACC_10001,2930.76,DEBIT,EXT_10343,2026-08-30 10:10:46.000000,BR_009,0,normal
TXN_000292,ACC_10047,4141.83,CREDIT,EXT_10204,2026-08-30 10:12:45.000000,BR_009,0,normal
TXN_000293,ACC_10041,581.73,TRANSFER,EXT_10215,2026-08-30 10:23:59.000000,BR_009,0,normal
TXN_000294,ACC_10031,2186.82,CREDIT,EXT_10305,2026-08-30 11:14:21.000000,BR_009,0,normal
TXN_000295,ACC_10047,500.0,TRANSFER,EXT_10056,2026-08-30 11:22:10.000000,BR_009,0,normal
TXN_000296,ACC_10021,1892.04,DEBIT,EXT_10216,2026-08-30 11:23:55.000000,BR_009,0,normal
TXN_000297,ACC_10045,12402.23,CREDIT,EXT_10133,2026-08-30 12:12:14.000000,BR_009,0,normal
TXN_000298,ACC_10031,4435.66,DEBIT,EXT_10156,2026-08-30 12:21:09.000000,BR_009,0,normal
TXN_000299,ACC_10001,1013.9,DEBIT,EXT_10419,2026-08-30 13:53:15.000000,BR_009,0,normal
TXN_000300,ACC_10025,23898.64,TRANSFER,EXT_10354,2026-08-30 14:12:13.000000,BR_009,0,normal
TXN_000301,ACC_10029,18025.8,CREDIT,EXT_10341,2026-08-30 14:39:26.000000,BR_009,0,normal
TXN_000302,ACC_10031,2730.09,DEBIT,EXT_10281,2026-08-30 14:44:31.000000,BR_009,0,normal
TXN_000303,ACC_10002,2900.79,CREDIT,EXT_10477,2026-08-30 14:46:39.000000,BR_009,0,normal
TXN_000304,ACC_10023,4478.27,CREDIT,EXT_10200,2026-08-30 14:53:42.000000,BR_009,0,normal
TXN_000305,ACC_10039,2543.72,TRANSFER,EXT_10128,2026-08-30 14:53:51.000000,BR_009,0,normal
TXN_000306,ACC_10037,39732.91,DEBIT,EXT_10176,2026-08-30 15:39:50.000000,BR_009,0,normal
TXN_000307,ACC_10017,16218.68,CREDIT,EXT_10035,2026-08-30 15:42:47.000000,BR_009,0,normal
TXN_000308,ACC_10029,7979.66,TRANSFER,EXT_10167,2026-08-30 16:44:21.000000,BR_009,0,normal
TXN_000309,ACC_10029,1781.03,DEBIT,EXT_10065,2026-08-30 17:05:36.000000,BR_009,0,normal
TXN_000310,ACC_10041,31690.38,TRANSFER,EXT_10462,2026-08-30 17:30:59.000000,BR_009,0,normal
TXN_000311,ACC_10020,5735.99,TRANSFER,EXT_10498,2026-08-30 17:50:40.000000,BR_009,0,normal
TXN_000312,ACC_10031,4894.61,DEBIT,EXT_10127,2026-08-30 17:52:25.000000,BR_009,0,normal
TXN_000313,ACC_10003,537.11,DEBIT,EXT_10223,2026-08-31 09:01:03.000000,BR_009,0,normal
TXN_000314,ACC_10030,13044.91,DEBIT,EXT_10431,2026-08-31 09:03:01.000000,BR_009,0,normal
TXN_000315,ACC_10030,3815.36,DEBIT,EXT_10489,2026-08-31 09:03:28.000000,BR_009,0,normal
TXN_000316,ACC_10021,6178.53,CREDIT,EXT_10495,2026-08-31 09:05:40.000000,BR_009,0,normal
TXN_000317,ACC_10031,18835.44,DEBIT,EXT_10321,2026-08-31 09:07:15.000000,BR_009,0,normal
TXN_000318,ACC_10048,3589.56,DEBIT,EXT_10240,2026-08-31 09:08:00.000000,BR_009,0,normal
TXN_000319,ACC_10048,17641.94,DEBIT,EXT_10085,2026-08-31 09:08:02.000000,BR_009,0,normal
TXN_000320,ACC_10008,8525.76,PAYMENT,EXT_10242,2026-08-31 09:08:31.000000,BR_009,0,normal
TXN_000321,ACC_10047,150708.05,TRANSFER,EXT_10148,2026-08-31 09:10:16.617707,BR_004,1,temporal_link
TXN_000322,ACC_10038,10811.18,TRANSFER,EXT_10466,2026-08-31 09:10:35.000000,BR_009,0,normal
TXN_000323,ACC_10021,7970.34,CREDIT,EXT_10023,2026-08-31 09:15:04.000000,BR_009,0,normal
TXN_000324,ACC_10008,94666.46,TRANSFER,EXT_10118,2026-08-31 09:15:11.563093,BR_004,1,temporal_link
TXN_000325,ACC_10000,1703.9,TRANSFER,EXT_10043,2026-08-31 09:16:53.000000,BR_009,0,normal
TXN_000326,ACC_10049,500.0,PAYMENT,EXT_10269,2026-08-31 09:17:44.000000,BR_006,0,normal
TXN_000327,ACC_10025,3645.01,DEBIT,EXT_10096,2026-08-31 09:20:31.000000,BR_009,0,normal
TXN_000328,ACC_10031,551.19,CREDIT,EXT_10463,2026-08-31 09:23:43.000000,BR_009,0,normal
TXN_000329,ACC_10046,99824.28,TRANSFER,EXT_10065,2026-08-31 09:25:39.410755,BR_004,1,temporal_link
TXN_000330,ACC_10042,106523.4,TRANSFER,EXT_10225,2026-08-31 09:26:03.480162,BR_004,1,temporal_link
TXN_000331,ACC_10008,16631.41,DEBIT,EXT_10205,2026-08-31 09:27:10.000000,BR_009,0,normal
TXN_000332,ACC_10045,1843.67,TRANSFER,EXT_10426,2026-08-31 09:27:59.000000,BR_009,0,normal
TXN_000333,ACC_10043,2474.3,CREDIT,EXT_10007,2026-08-31 09:28:16.000000,BR_009,0,normal
TXN_000334,ACC_10029,1167.69,CREDIT,EXT_10264,2026-08-31 09:29:25.000000,BR_009,0,normal
TXN_000335,ACC_10044,141281.99,TRANSFER,EXT_10171,2026-08-31 09:32:32.124082,BR_004,1,temporal_link
TXN_000336,ACC_10039,6940.52,DEBIT,EXT_10460,2026-08-31 09:32:48.000000,BR_009,0,normal
TXN_000337,ACC_10004,5641.13,TRANSFER,EXT_10141,2026-08-31 09:32:53.000000,BR_009,0,normal
TXN_000338,ACC_10034,3782.72,DEBIT,EXT_10027,2026-08-31 09:33:17.000000,BR_009,0,normal
TXN_000339,ACC_10042,2559.43,DEBIT,EXT_10003,2026-08-31 09:35:08.000000,BR_009,0,normal
TXN_000340,ACC_10009,2526.45,TRANSFER,EXT_10184,2026-08-31 09:39:33.000000,BR_006,0,normal
TXN_000341,ACC_10003,80968.99,TRANSFER,EXT_10125,2026-08-31 09:40:31.039562,BR_004,1,temporal_link
TXN_000342,ACC_10000,1228.53,DEBIT,EXT_10153,2026-08-31 09:41:38.000000,BR_009,0,normal
TXN_000343,ACC_10021,3531.28,TRANSFER,EXT_10485,2026-08-31 09:44:20.000000,BR_009,0,normal
TXN_000344,ACC_10031,834.69,PAYMENT,EXT_10254,2026-08-31 09:48:06.000000,BR_009,0,normal
TXN_000345,ACC_10002,113228.36,TRANSFER,EXT_10369,2026-08-31 09:49:11.356890,BR_004,1,temporal_link
TXN_000346,ACC_10011,2622.65,TRANSFER,EXT_10276,2026-08-31 09:53:08.000000,BR_009,0,normal
TXN_000347,ACC_10025,15815.68,DEBIT,EXT_10343,2026-08-31 09:53:24.000000,BR_009,0,normal
TXN_000348,ACC_10028,4360.91,PAYMENT,EXT_10326,2026-08-31 09:55:15.000000,BR_006,0,normal
TXN_000349,ACC_10043,132725.25,TRANSFER,EXT_10428,2026-08-31 09:56:39.001811,BR_004,1,temporal_link
TXN_000350,ACC_10029,4173.14,DEBIT,EXT_10310,2026-08-31 10:00:39.000000,BR_009,0,normal
TXN_000351,ACC_10025,1615.85,DEBIT,EXT_10296,2026-08-31 10:02:38.000000,BR_009,0,normal
TXN_000352,ACC_10003,1807.22,PAYMENT,EXT_10066,2026-08-31 10:10:29.000000,BR_009,0,normal
TXN_000353,ACC_10042,9083.17,DEBIT,EXT_10400,2026-08-31 10:11:43.000000,BR_009,0,normal
TXN_000354,ACC_10012,157804.71,TRANSFER,EXT_10161,2026-08-31 10:12:02.892740,BR_004,1,temporal_link
TXN_000355,ACC_10002,137882.66,TRANSFER,EXT_10338,2026-08-31 10:13:43.236438,BR_004,1,temporal_link
TXN_000356,ACC_10046,32861.44,CREDIT,EXT_10450,2026-08-31 10:14:19.000000,BR_009,0,normal
TXN_000357,ACC_10029,3730.4,DEBIT,EXT_10433,2026-08-31 10:15:03.000000,BR_009,0,normal
TXN_000358,ACC_10019,500.0,CREDIT,EXT_10045,2026-08-31 10:16:15.000000,BR_009,0,clean_busy
TXN_000359,ACC_10039,2201.83,CREDIT,EXT_10294,2026-08-31 10:17:04.000000,BR_009,0,normal
TXN_000360,ACC_10029,25683.33,DEBIT,EXT_10125,2026-08-31 10:20:53.000000,BR_009,0,normal
TXN_000361,ACC_10030,2877.77,TRANSFER,EXT_10326,2026-08-31 10:22:49.000000,BR_009,0,normal
TXN_000362,ACC_10046,3817.88,CREDIT,EXT_10115,2026-08-31 10:23:20.000000,BR_009,0,normal
TXN_000363,ACC_10025,3657.53,TRANSFER,EXT_10493,2026-08-31 10:24:50.000000,BR_009,0,normal
TXN_000364,ACC_10045,7988.99,PAYMENT,EXT_10013,2026-08-31 10:28:03.000000,BR_009,0,normal
TXN_000365,ACC_10022,2741.81,PAYMENT,EXT_10309,2026-08-31 10:28:15.000000,BR_009,0,normal
TXN_000366,ACC_10019,1140.87,TRANSFER,EXT_10496,2026-08-31 10:28:46.000000,BR_009,0,normal
TXN_000367,ACC_10037,137901.91,TRANSFER,EXT_10432,2026-08-31 10:34:06.181515,BR_004,1,temporal_link
TXN_000368,ACC_10037,1881.39,TRANSFER,EXT_10197,2026-08-31 10:35:00.000000,BR_009,0,normal
TXN_000369,ACC_10047,606.79,TRANSFER,EXT_10018,2026-08-31 10:36:43.000000,BR_009,0,normal
TXN_000370,ACC_10000,5825.07,TRANSFER,EXT_10280,2026-08-31 10:36:47.000000,BR_009,0,normal
TXN_000371,ACC_10032,135041.62,TRANSFER,EXT_10104,2026-08-31 10:38:56.515809,BR_004,1,temporal_link
TXN_000372,ACC_10048,24501.69,TRANSFER,EXT_10486,2026-08-31 10:39:30.000000,BR_009,0,normal
TXN_000373,ACC_10019,531.27,DEBIT,EXT_10496,2026-08-31 10:42:15.000000,BR_009,0,clean_busy
TXN_000374,ACC_10009,819.46,CREDIT,EXT_10492,2026-08-31 10:43:30.000000,BR_006,0,normal
TXN_000375,ACC_10015,2721.2,CREDIT,EXT_10117,2026-08-31 10:44:04.000000,BR_009,0,normal
TXN_000376,ACC_10021,3644.02,CREDIT,EXT_10263,2026-08-31 10:46:06.000000,BR_009,0,normal
TXN_000377,ACC_10048,2029.62,CREDIT,EXT_10291,2026-08-31 10:46:49.000000,BR_009,0,normal
TXN_000378,ACC_10016,4763.37,PAYMENT,EXT_10074,2026-08-31 10:50:22.000000,BR_009,0,normal
TXN_000379,ACC_10023,1700.04,DEBIT,EXT_10405,2026-08-31 10:50:45.000000,BR_009,0,normal
TXN_000380,ACC_10022,4754.77,DEBIT,EXT_10144,2026-08-31 10:54:14.000000,BR_009,0,normal
TXN_000381,ACC_10015,8360.99,TRANSFER,EXT_10270,2026-08-31 10:56:54.000000,BR_009,0,normal
TXN_000382,ACC_10030,2551.74,DEBIT,EXT_10314,2026-08-31 10:57:00.000000,BR_009,0,normal
TXN_000383,ACC_10019,1724.17,TRANSFER,EXT_10260,2026-08-31 10:58:07.000000,BR_009,0,clean_busy
TXN_000384,ACC_10027,5852.17,DEBIT,EXT_10091,2026-08-31 11:05:26.000000,BR_009,0,normal
TXN_000385,ACC_10040,4355.01,TRANSFER,EXT_10442,2026-08-31 11:07:10.000000,BR_009,0,normal
TXN_000386,ACC_10004,1828.42,TRANSFER,EXT_10351,2026-08-31 11:08:38.000000,BR_009,0,normal
TXN_000387,ACC_10039,7288.07,CREDIT,EXT_10241,2026-08-31 11:11:09.000000,BR_009,0,normal
TXN_000388,ACC_10036,9768.04,CREDIT,EXT_10193,2026-08-31 11:14:49.000000,BR_009,0,normal
TXN_000389,ACC_10022,5051.41,TRANSFER,EXT_10212,2026-08-31 11:16:25.000000,BR_009,0,normal
TXN_000390,ACC_10022,7139.74,TRANSFER,EXT_10402,2026-08-31 11:16:31.000000,BR_009,0,normal
TXN_000391,ACC_10019,6149.97,TRANSFER,EXT_10221,2026-08-31 11:19:26.000000,BR_009,0,clean_busy
TXN_000392,ACC_10016,2982.2,TRANSFER,EXT_10034,2026-08-31 11:19:34.000000,BR_009,0,normal
TXN_000393,ACC_10013,44900.63,CREDIT,EXT_10040,2026-08-31 11:20:07.000000,BR_006,0,normal
TXN_000394,ACC_10045,9814.99,PAYMENT,EXT_10322,2026-08-31 11:20:10.000000,BR_009,0,normal
TXN_000395,ACC_10038,2426.29,CREDIT,EXT_10184,2026-08-31 11:20:27.000000,BR_009,0,normal
TXN_000396,ACC_10023,4974.88,DEBIT,EXT_10278,2026-08-31 11:22:58.000000,BR_009,0,normal
TXN_000397,ACC_10026,95064.7,TRANSFER,EXT_10154,2026-08-31 11:22:58.699078,BR_004,1,temporal_link
TXN_000398,ACC_10026,4708.94,DEBIT,EXT_10328,2026-08-31 11:23:33.000000,BR_009,0,normal
TXN_000399,ACC_10021,5220.75,DEBIT,EXT_10311,2026-08-31 11:24:12.000000,BR_009,0,normal
TXN_000400,ACC_10004,832.7,TRANSFER,EXT_10030,2026-08-31 11:24:43.000000,BR_009,0,normal
TXN_000401,ACC_10019,1675.82,CREDIT,EXT_10038,2026-08-31 11:36:25.000000,BR_009,0,clean_busy
TXN_000402,ACC_10011,156888.68,TRANSFER,EXT_10105,2026-08-31 11:37:27.205848,BR_004,1,temporal_link
TXN_000403,ACC_10019,28362.46,DEBIT,EXT_10401,2026-08-31 11:38:52.000000,BR_009,0,clean_busy
TXN_000404,ACC_10005,2266.58,TRANSFER,EXT_10412,2026-08-31 11:39:18.000000,BR_009,0,normal
TXN_000405,ACC_10042,4212.97,DEBIT,EXT_10177,2026-08-31 11:41:59.000000,BR_009,0,normal
TXN_000406,ACC_10017,28331.33,PAYMENT,EXT_10425,2026-08-31 11:43:50.000000,BR_009,0,normal
TXN_000407,ACC_10043,500.0,DEBIT,EXT_10112,2026-08-31 11:47:36.000000,BR_009,0,normal
TXN_000408,ACC_10017,162792.1,TRANSFER,EXT_10253,2026-08-31 11:50:17.536910,BR_004,1,temporal_link
TXN_000409,ACC_10012,140348.52,TRANSFER,EXT_10356,2026-08-31 11:50:24.907181,BR_004,1,temporal_link
TXN_000410,ACC_10010,1716.87,DEBIT,EXT_10330,2026-08-31 11:52:22.000000,BR_006,0,normal
TXN_000411,ACC_10029,732.4,CREDIT,EXT_10227,2026-08-31 11:53:07.000000,BR_009,0,normal
TXN_000412,ACC_10029,1332.69,CREDIT,EXT_10395,2026-08-31 11:53:31.000000,BR_009,0,normal
TXN_000413,ACC_10020,598.59,DEBIT,EXT_10270,2026-08-31 11:53:37.000000,BR_009,0,normal
TXN_000414,ACC_10042,182845.85,TRANSFER,EXT_10072,2026-08-31 11:54:03.618623,BR_004,1,temporal_link
TXN_000415,ACC_10022,135131.27,TRANSFER,EXT_10025,2026-08-31 11:59:26.975369,BR_004,1,temporal_link
TXN_000416,ACC_10045,2891.19,DEBIT,EXT_10345,2026-08-31 12:01:44.000000,BR_009,0,normal
TXN_000417,ACC_10033,141868.31,TRANSFER,EXT_10375,2026-08-31 12:03:55.804320,BR_004,1,temporal_link
TXN_000418,ACC_10038,125664.21,TRANSFER,EXT_10359,2026-08-31 12:05:31.398361,BR_004,1,temporal_link
TXN_000419,ACC_10047,957.97,CREDIT,EXT_10277,2026-08-31 12:06:35.000000,BR_009,0,normal
TXN_000420,ACC_10043,24097.8,CREDIT,EXT_10039,2026-08-31 12:07:26.000000,BR_009,0,normal
TXN_000421,ACC_10011,13646.57,PAYMENT,EXT_10018,2026-08-31 12:08:19.000000,BR_009,0,normal
TXN_000422,ACC_10003,10391.14,CREDIT,EXT_10193,2026-08-31 12:09:00.000000,BR_009,0,normal
TXN_000423,ACC_10027,20883.7,CREDIT,EXT_10218,2026-08-31 12:09:23.000000,BR_009,0,normal
TXN_000424,ACC_10035,1875.63,DEBIT,EXT_10203,2026-08-31 12:11:15.000000,BR_009,0,normal
TXN_000425,ACC_10045,553.47,TRANSFER,EXT_10241,2026-08-31 12:13:02.000000,BR_009,0,normal
TXN_000426,ACC_10040,1428.9,TRANSFER,EXT_10190,2026-08-31 12:13:06.000000,BR_009,0,normal
TXN_000427,ACC_10039,500.0,CREDIT,EXT_10382,2026-08-31 12:14:24.000000,BR_009,0,normal
TXN_000428,ACC_10019,10245.86,CREDIT,EXT_10040,2026-08-31 12:15:52.000000,BR_009,0,clean_busy
TXN_000429,ACC_10019,8792.77,PAYMENT,EXT_10490,2026-08-31 12:20:04.000000,BR_009,0,clean_busy
TXN_000430,ACC_10016,500.0,CREDIT,EXT_10355,2026-08-31 12:20:25.000000,BR_009,0,normal
TXN_000431,ACC_10042,134084.88,TRANSFER,EXT_10180,2026-08-31 12:26:16.671527,BR_004,1,temporal_link
TXN_000432,ACC_10040,1390.11,DEBIT,EXT_10448,2026-08-31 12:30:42.000000,BR_009,0,normal
TXN_000433,ACC_10013,500.0,CREDIT,EXT_10257,2026-08-31 12:32:57.000000,BR_006,0,normal
TXN_000434,ACC_10032,9995.6,CREDIT,EXT_10470,2026-08-31 12:36:43.000000,BR_009,0,normal
TXN_000435,ACC_10019,689.32,CREDIT,EXT_10409,2026-08-31 12:37:02.000000,BR_009,0,clean_busy
TXN_000436,ACC_10041,4819.72,DEBIT,EXT_10114,2026-08-31 12:39:27.000000,BR_009,0,normal
TXN_000437,ACC_10047,1106.4,PAYMENT,EXT_10199,2026-08-31 12:40:05.000000,BR_009,0,normal
TXN_000438,ACC_10019,659.78,DEBIT,EXT_10351,2026-08-31 12:41:33.000000,BR_009,0,clean_busy
TXN_000439,ACC_10040,102374.4,TRANSFER,EXT_10313,2026-08-31 12:42:05.052076,BR_004,1,temporal_link
TXN_000440,ACC_10019,500.0,TRANSFER,EXT_10277,2026-08-31 12:42:13.000000,BR_009,0,clean_busy
TXN_000441,ACC_10008,659.07,DEBIT,EXT_10336,2026-08-31 12:43:54.000000,BR_009,0,normal
TXN_000442,ACC_10021,5860.45,DEBIT,EXT_10004,2026-08-31 12:43:56.000000,BR_009,0,normal
TXN_000443,ACC_10003,562.46,TRANSFER,EXT_10379,2026-08-31 12:45:41.000000,BR_009,0,normal
TXN_000444,ACC_10039,43744.72,TRANSFER,EXT_10183,2026-08-31 12:47:11.000000,BR_009,0,normal
TXN_000445,ACC_10016,1720.55,TRANSFER,EXT_10289,2026-08-31 12:47:13.000000,BR_009,0,normal
TXN_000446,ACC_10019,103936.07,TRANSFER,EXT_10051,2026-08-31 12:47:16.369542,BR_004,1,temporal_link
TXN_000447,ACC_10018,20785.05,DEBIT,EXT_10052,2026-08-31 12:48:12.000000,BR_009,0,normal
TXN_000448,ACC_10048,2653.27,DEBIT,EXT_10110,2026-08-31 12:50:44.000000,BR_009,0,normal
TXN_000449,ACC_10002,5385.38,DEBIT,EXT_10186,2026-08-31 12:51:16.000000,BR_009,0,normal
TXN_000450,ACC_10008,1976.28,DEBIT,EXT_10494,2026-08-31 12:52:55.000000,BR_009,0,normal
TXN_000451,ACC_10036,9657.06,CREDIT,EXT_10002,2026-08-31 12:54:53.000000,BR_009,0,normal
TXN_000452,ACC_10043,4332.2,DEBIT,EXT_10409,2026-08-31 12:56:24.000000,BR_009,0,normal
TXN_000453,ACC_10049,5303.73,TRANSFER,EXT_10490,2026-08-31 12:58:16.000000,BR_006,0,normal
TXN_000454,ACC_10002,14248.5,CREDIT,EXT_10459,2026-08-31 13:00:13.000000,BR_009,0,normal
TXN_000455,ACC_10033,32116.97,TRANSFER,EXT_10096,2026-08-31 13:00:48.000000,BR_009,0,normal
TXN_000456,ACC_10040,794.66,DEBIT,EXT_10012,2026-08-31 13:01:03.000000,BR_009,0,normal
TXN_000457,ACC_10019,1615.87,DEBIT,EXT_10245,2026-08-31 13:02:03.000000,BR_009,0,clean_busy
TXN_000458,ACC_10049,5951.67,DEBIT,EXT_10472,2026-08-31 13:02:11.000000,BR_006,0,normal
TXN_000459,ACC_10041,125308.09,TRANSFER,EXT_10423,2026-08-31 13:02:33.497194,BR_004,1,temporal_link
TXN_000460,ACC_10004,4225.92,TRANSFER,EXT_10233,2026-08-31 13:03:52.000000,BR_009,0,normal
TXN_000461,ACC_10019,2431.38,TRANSFER,EXT_10472,2026-08-31 13:04:29.000000,BR_009,0,clean_busy
TXN_000462,ACC_10047,3124.81,DEBIT,EXT_10401,2026-08-31 13:04:40.000000,BR_009,0,normal
TXN_000463,ACC_10049,15420.52,CREDIT,EXT_10267,2026-08-31 13:06:15.000000,BR_006,0,normal
TXN_000464,ACC_10048,8071.1,PAYMENT,EXT_10226,2026-08-31 13:07:36.000000,BR_009,0,normal
TXN_000465,ACC_10019,2056.29,CREDIT,EXT_10039,2026-08-31 13:09:10.000000,BR_009,0,clean_busy
TXN_000466,ACC_10019,5229.37,TRANSFER,EXT_10479,2026-08-31 13:12:26.000000,BR_009,0,clean_busy
TXN_000467,ACC_10034,10600.17,CREDIT,EXT_10299,2026-08-31 13:14:03.000000,BR_009,0,normal
TXN_000468,ACC_10027,5655.19,DEBIT,EXT_10114,2026-08-31 13:14:23.000000,BR_009,0,normal
TXN_000469,ACC_10015,3101.99,DEBIT,EXT_10008,2026-08-31 13:15:18.000000,BR_009,0,normal
TXN_000470,ACC_10026,1715.6,PAYMENT,EXT_10067,2026-08-31 13:16:54.000000,BR_009,0,normal
TXN_000471,ACC_10028,138672.87,DEBIT,EXT_10479,2026-08-31 13:18:48.000000,BR_006,0,normal
TXN_000472,ACC_10046,1167.13,TRANSFER,EXT_10100,2026-08-31 13:19:41.000000,BR_009,0,normal
TXN_000473,ACC_10019,1916.08,TRANSFER,EXT_10267,2026-08-31 13:22:29.000000,BR_009,0,clean_busy
TXN_000474,ACC_10009,197177.67,TRANSFER,EXT_10412,2026-08-31 13:23:20.756952,BR_004,1,temporal_link
TXN_000475,ACC_10035,117850.8,TRANSFER,EXT_10008,2026-08-31 13:24:54.507513,BR_004,1,temporal_link
TXN_000476,ACC_10039,2191.38,TRANSFER,EXT_10148,2026-08-31 13:25:59.000000,BR_009,0,normal
TXN_000477,ACC_10044,5721.06,DEBIT,EXT_10106,2026-08-31 13:26:20.000000,BR_009,0,normal
TXN_000478,ACC_10029,4182.98,CREDIT,EXT_10160,2026-08-31 13:26:54.000000,BR_009,0,normal
TXN_000479,ACC_10044,3848.06,CREDIT,EXT_10024,2026-08-31 13:28:42.000000,BR_009,0,normal
TXN_000480,ACC_10038,998.53,DEBIT,EXT_10327,2026-08-31 13:29:33.000000,BR_009,0,normal
TXN_000481,ACC_10001,171082.04,TRANSFER,EXT_10116,2026-08-31 13:31:51.904860,BR_004,1,temporal_link
TXN_000482,ACC_10022,500.0,TRANSFER,EXT_10093,2026-08-31 13:32:15.000000,BR_009,0,normal
TXN_000483,ACC_10039,2292.76,TRANSFER,EXT_10027,2026-08-31 13:33:13.000000,BR_009,0,normal
TXN_000484,ACC_10021,2159.96,DEBIT,EXT_10275,2026-08-31 13:34:06.000000,BR_009,0,normal
TXN_000485,ACC_10049,149505.17,TRANSFER,EXT_10468,2026-08-31 13:37:04.643861,BR_004,1,temporal_link
TXN_000486,ACC_10019,200000.0,DEBIT,EXT_10128,2026-08-31 13:42:01.000000,BR_009,0,clean_busy
TXN_000487,ACC_10022,5797.07,PAYMENT,EXT_10285,2026-08-31 13:42:04.000000,BR_009,0,normal
TXN_000488,ACC_10017,176223.86,TRANSFER,EXT_10030,2026-08-31 13:45:39.130983,BR_004,1,temporal_link
TXN_000489,ACC_10022,3120.33,CREDIT,EXT_10421,2026-08-31 13:45:51.000000,BR_009,0,normal
TXN_000490,ACC_10028,39766.32,DEBIT,EXT_10219,2026-08-31 13:46:05.000000,BR_006,0,normal
TXN_000491,ACC_10018,1568.9,CREDIT,EXT_10144,2026-08-31 13:46:47.000000,BR_009,0,normal
TXN_000492,ACC_10003,2665.32,DEBIT,EXT_10032,2026-08-31 13:50:10.000000,BR_009,0,normal
TXN_000493,ACC_10018,1053.68,CREDIT,EXT_10122,2026-08-31 13:50:56.000000,BR_009,0,normal
TXN_000494,ACC_10033,48902.42,TRANSFER,EXT_10042,2026-08-31 13:51:18.000000,BR_009,0,normal
TXN_000495,ACC_10033,4380.75,CREDIT,EXT_10197,2026-08-31 13:53:03.000000,BR_009,0,normal
TXN_000496,ACC_10048,900.68,TRANSFER,EXT_10249,2026-08-31 13:56:08.000000,BR_009,0,normal
TXN_000497,ACC_10024,500.0,DEBIT,EXT_10292,2026-08-31 13:58:48.000000,BR_009,0,normal
TXN_000498,ACC_10001,197803.62,TRANSFER,EXT_10249,2026-08-31 14:00:21.000000,BR_009,0,normal
TXN_000499,ACC_10029,7251.09,CREDIT,EXT_10428,2026-08-31 14:02:57.000000,BR_009,0,normal
TXN_000500,ACC_10019,786.14,DEBIT,EXT_10275,2026-08-31 14:03:18.000000,BR_009,0,clean_busy
TXN_000501,ACC_10008,5902.03,DEBIT,EXT_10066,2026-08-31 14:04:07.000000,BR_009,0,normal
TXN_000502,ACC_10015,500.0,CREDIT,EXT_10409,2026-08-31 14:05:28.000000,BR_009,0,normal
TXN_000503,ACC_10035,500.0,DEBIT,EXT_10064,2026-08-31 14:08:21.000000,BR_009,0,normal
TXN_000504,ACC_10027,1187.29,CREDIT,EXT_10244,2026-08-31 14:09:44.000000,BR_009,0,normal
TXN_000505,ACC_10026,88095.07,TRANSFER,EXT_10153,2026-08-31 14:16:40.905778,BR_004,1,temporal_link
TXN_000506,ACC_10003,2417.02,CREDIT,EXT_10282,2026-08-31 14:17:48.000000,BR_009,0,normal
TXN_000507,ACC_10048,138414.15,TRANSFER,EXT_10383,2026-08-31 14:19:14.526487,BR_004,1,temporal_link
TXN_000508,ACC_10040,2227.78,DEBIT,EXT_10128,2026-08-31 14:19:44.000000,BR_009,0,normal
TXN_000509,ACC_10030,9757.77,TRANSFER,EXT_10010,2026-08-31 14:20:28.000000,BR_009,0,normal
TXN_000510,ACC_10041,21561.27,CREDIT,EXT_10232,2026-08-31 14:21:10.000000,BR_009,0,normal
TXN_000511,ACC_10019,1015.28,TRANSFER,EXT_10182,2026-08-31 14:23:08.000000,BR_009,0,clean_busy
TXN_000512,ACC_10033,22429.78,DEBIT,EXT_10229,2026-08-31 14:23:21.000000,BR_009,0,normal
TXN_000513,ACC_10031,2488.84,DEBIT,EXT_10419,2026-08-31 14:24:18.000000,BR_009,0,normal
TXN_000514,ACC_10046,1635.36,CREDIT,EXT_10166,2026-08-31 14:25:00.000000,BR_009,0,normal
TXN_000515,ACC_10011,727.39,DEBIT,EXT_10141,2026-08-31 14:25:35.000000,BR_009,0,normal
TXN_000516,ACC_10036,111253.11,TRANSFER,EXT_10098,2026-08-31 14:25:36.481654,BR_004,1,temporal_link
TXN_000517,ACC_10043,20650.96,CREDIT,EXT_10240,2026-08-31 14:27:42.000000,BR_009,0,normal
TXN_000518,ACC_10042,25208.59,TRANSFER,EXT_10234,2026-08-31 14:30:39.000000,BR_009,0,normal
TXN_000519,ACC_10026,500.0,CREDIT,EXT_10361,2026-08-31 14:31:58.000000,BR_009,0,normal
TXN_000520,ACC_10046,194926.89,TRANSFER,EXT_10054,2026-08-31 14:34:59.303554,BR_004,1,temporal_link
TXN_000521,ACC_10045,180979.22,TRANSFER,EXT_10076,2026-08-31 14:35:02.570773,BR_004,1,temporal_link
TXN_000522,ACC_10035,2999.51,PAYMENT,EXT_10230,2026-08-31 14:37:19.000000,BR_009,0,normal
TXN_000523,ACC_10018,3679.97,CREDIT,EXT_10123,2026-08-31 14:37:52.000000,BR_009,0,normal
TXN_000524,ACC_10044,14885.54,DEBIT,EXT_10408,2026-08-31 14:38:18.000000,BR_009,0,normal
TXN_000525,ACC_10035,1328.58,DEBIT,EXT_10158,2026-08-31 14:39:07.000000,BR_009,0,normal
TXN_000526,ACC_10015,1209.82,TRANSFER,EXT_10175,2026-08-31 14:39:48.000000,BR_009,0,normal
TXN_000527,ACC_10028,6818.21,DEBIT,EXT_10390,2026-08-31 14:41:34.000000,BR_006,0,normal
TXN_000528,ACC_10026,175963.55,TRANSFER,EXT_10258,2026-08-31 14:42:47.288240,BR_004,1,temporal_link
TXN_000529,ACC_10019,1791.25,TRANSFER,EXT_10223,2026-08-31 14:45:56.000000,BR_009,0,clean_busy
TXN_000530,ACC_10025,915.21,PAYMENT,EXT_10201,2026-08-31 14:47:10.000000,BR_009,0,normal
TXN_000531,ACC_10025,618.5,TRANSFER,EXT_10286,2026-08-31 14:47:13.000000,BR_009,0,normal
TXN_000532,ACC_10033,76910.84,CREDIT,EXT_10483,2026-08-31 14:48:53.000000,BR_009,0,normal
TXN_000533,ACC_10049,3840.98,PAYMENT,EXT_10456,2026-08-31 14:49:16.000000,BR_006,0,normal
TXN_000534,ACC_10033,52078.82,DEBIT,EXT_10350,2026-08-31 14:50:07.000000,BR_009,0,normal
TXN_000535,ACC_10026,11346.44,DEBIT,EXT_10167,2026-08-31 14:50:16.000000,BR_009,0,normal
TXN_000536,ACC_10007,19280.93,DEBIT,EXT_10097,2026-08-31 14:52:44.000000,BR_009,0,normal
TXN_000537,ACC_10015,156844.95,TRANSFER,EXT_10212,2026-08-31 14:52:52.451103,BR_004,1,temporal_link
TXN_000538,ACC_10018,643.24,DEBIT,EXT_10499,2026-08-31 14:53:33.000000,BR_009,0,normal
TXN_000539,ACC_10024,11824.04,TRANSFER,EXT_10139,2026-08-31 14:54:29.000000,BR_009,0,normal
TXN_000540,ACC_10012,1931.78,TRANSFER,EXT_10090,2026-08-31 14:54:46.000000,BR_009,0,normal
TXN_000541,ACC_10046,3211.7,DEBIT,EXT_10124,2026-08-31 14:55:38.000000,BR_009,0,normal
TXN_000542,ACC_10004,192567.83,TRANSFER,EXT_10328,2026-08-31 14:56:25.066428,BR_004,1,temporal_link
TXN_000543,ACC_10047,4110.21,CREDIT,EXT_10230,2026-08-31 14:57:07.000000,BR_009,0,normal
TXN_000544,ACC_10039,4036.72,TRANSFER,EXT_10095,2026-08-31 14:58:34.000000,BR_009,0,normal
TXN_000545,ACC_10024,7796.56,TRANSFER,EXT_10133,2026-08-31 15:00:48.000000,BR_009,0,normal
TXN_000546,ACC_10049,6396.99,CREDIT,EXT_10474,2026-08-31 15:01:25.000000,BR_006,0,normal
TXN_000547,ACC_10002,500.0,DEBIT,EXT_10169,2026-08-31 15:03:02.000000,BR_009,0,normal
TXN_000548,ACC_10016,195126.23,TRANSFER,EXT_10390,2026-08-31 15:06:54.904758,BR_004,1,temporal_link
TXN_000549,ACC_10036,5770.81,TRANSFER,EXT_10416,2026-08-31 15:07:19.000000,BR_009,0,normal
TXN_000550,ACC_10047,110661.1,TRANSFER,EXT_10049,2026-08-31 15:09:42.000000,BR_009,0,normal
TXN_000551,ACC_10022,1204.64,DEBIT,EXT_10338,2026-08-31 15:09:49.000000,BR_009,0,normal
TXN_000552,ACC_10015,1870.98,DEBIT,EXT_10483,2026-08-31 15:13:50.000000,BR_009,0,normal
TXN_000553,ACC_10001,155318.73,TRANSFER,EXT_10125,2026-08-31 15:15:31.108174,BR_004,1,temporal_link
TXN_000554,ACC_10032,196535.67,TRANSFER,EXT_10164,2026-08-31 15:21:13.095933,BR_004,1,temporal_link
TXN_000555,ACC_10048,2359.44,TRANSFER,EXT_10293,2026-08-31 15:23:24.000000,BR_009,0,normal
TXN_000556,ACC_10015,8202.61,CREDIT,EXT_10303,2026-08-31 15:23:50.000000,BR_009,0,normal
TXN_000557,ACC_10019,500.0,TRANSFER,EXT_10498,2026-08-31 15:27:58.000000,BR_009,0,clean_busy
TXN_000558,ACC_10025,1313.09,DEBIT,EXT_10377,2026-08-31 15:28:09.000000,BR_009,0,normal
TXN_000559,ACC_10019,500.0,DEBIT,EXT_10454,2026-08-31 15:32:07.000000,BR_009,0,normal
TXN_000560,ACC_10027,1927.35,CREDIT,EXT_10084,2026-08-31 15:34:41.000000,BR_009,0,normal
TXN_000561,ACC_10015,1035.32,PAYMENT,EXT_10011,2026-08-31 15:34:48.000000,BR_009,0,normal
TXN_000562,ACC_10034,2161.86,DEBIT,EXT_10041,2026-08-31 15:35:24.000000,BR_009,0,normal
TXN_000563,ACC_10015,8367.06,CREDIT,EXT_10280,2026-08-31 15:35:51.000000,BR_009,0,normal
TXN_000564,ACC_10036,664.24,TRANSFER,EXT_10427,2026-08-31 15:36:29.000000,BR_009,0,normal
TXN_000565,ACC_10048,706.53,CREDIT,EXT_10135,2026-08-31 15:38:38.000000,BR_009,0,normal
TXN_000566,ACC_10022,500.0,DEBIT,EXT_10107,2026-08-31 15:39:25.000000,BR_009,0,normal
TXN_000567,ACC_10017,11940.27,DEBIT,EXT_10221,2026-08-31 15:39:34.000000,BR_009,0,normal
TXN_000568,ACC_10007,500.0,TRANSFER,EXT_10318,2026-08-31 15:39:54.000000,BR_009,0,normal
TXN_000569,ACC_10004,1673.69,CREDIT,EXT_10080,2026-08-31 15:40:13.000000,BR_009,0,normal
TXN_000570,ACC_10040,27423.94,CREDIT,EXT_10395,2026-08-31 15:41:29.000000,BR_009,0,normal
TXN_000571,ACC_10034,695.31,TRANSFER,EXT_10143,2026-08-31 15:43:01.000000,BR_009,0,normal
TXN_000572,ACC_10018,4012.45,DEBIT,EXT_10255,2026-08-31 15:43:30.000000,BR_009,0,normal
TXN_000573,ACC_10020,20345.02,CREDIT,EXT_10187,2026-08-31 15:44:15.000000,BR_009,0,normal
TXN_000574,ACC_10048,8481.14,CREDIT,EXT_10497,2026-08-31 15:45:47.000000,BR_009,0,normal
TXN_000575,ACC_10034,116802.35,TRANSFER,EXT_10257,2026-08-31 15:46:43.649395,BR_004,1,temporal_link
TXN_000576,ACC_10024,10258.94,CREDIT,EXT_10469,2026-08-31 15:46:56.000000,BR_009,0,normal
TXN_000577,ACC_10049,32100.2,DEBIT,EXT_10007,2026-08-31 15:48:10.000000,BR_006,0,normal
TXN_000578,ACC_10025,11898.39,TRANSFER,EXT_10422,2026-08-31 15:52:35.000000,BR_009,0,normal
TXN_000579,ACC_10008,7473.95,DEBIT,EXT_10214,2026-08-31 15:54:00.000000,BR_009,0,normal
TXN_000580,ACC_10031,39313.77,DEBIT,EXT_10488,2026-08-31 15:54:25.000000,BR_009,0,normal
TXN_000581,ACC_10031,8281.39,DEBIT,EXT_10030,2026-08-31 15:55:30.000000,BR_009,0,normal
TXN_000582,ACC_10014,89307.67,TRANSFER,EXT_10045,2026-08-31 15:57:17.586021,BR_004,1,temporal_link
TXN_000583,ACC_10037,739.8,PAYMENT,EXT_10430,2026-08-31 15:58:08.000000,BR_009,0,normal
TXN_000584,ACC_10024,139938.14,TRANSFER,EXT_10437,2026-08-31 15:58:46.982276,BR_004,1,temporal_link
TXN_000585,ACC_10008,2972.75,TRANSFER,EXT_10238,2026-08-31 15:59:47.000000,BR_009,0,normal
TXN_000586,ACC_10035,4065.58,TRANSFER,EXT_10090,2026-08-31 16:00:23.000000,BR_009,0,normal
TXN_000587,ACC_10029,2867.14,CREDIT,EXT_10300,2026-08-31 16:01:24.000000,BR_009,0,normal
TXN_000588,ACC_10034,10421.22,DEBIT,EXT_10354,2026-08-31 16:02:01.000000,BR_009,0,normal
TXN_000589,ACC_10021,500.0,DEBIT,EXT_10226,2026-08-31 16:02:36.000000,BR_009,0,normal
TXN_000590,ACC_10040,134966.67,TRANSFER,EXT_10202,2026-08-31 16:04:25.914778,BR_004,1,temporal_link
TXN_000591,ACC_10012,11186.32,TRANSFER,EXT_10004,2026-08-31 16:04:27.000000,BR_009,0,normal
TXN_000592,ACC_10022,4522.08,TRANSFER,EXT_10212,2026-08-31 16:05:54.000000,BR_009,0,normal
TXN_000593,ACC_10015,91101.03,TRANSFER,EXT_10428,2026-08-31 16:06:47.155826,BR_004,1,temporal_link
TXN_000594,ACC_10044,2019.73,TRANSFER,EXT_10145,2026-08-31 16:08:27.000000,BR_009,0,normal
TXN_000595,ACC_10018,180987.52,TRANSFER,EXT_10449,2026-08-31 16:11:44.333039,BR_004,1,temporal_link
TXN_000596,ACC_10005,1245.05,DEBIT,EXT_10402,2026-08-31 16:11:46.000000,BR_009,0,normal
TXN_000597,ACC_10015,836.32,CREDIT,EXT_10324,2026-08-31 16:11:47.000000,BR_009,0,normal
TXN_000598,ACC_10040,14276.65,CREDIT,EXT_10058,2026-08-31 16:12:26.000000,BR_009,0,normal
TXN_000599,ACC_10046,2380.28,TRANSFER,EXT_10289,2026-08-31 16:14:19.000000,BR_009,0,normal
TXN_000600,ACC_10019,126121.79,TRANSFER,EXT_10154,2026-08-31 16:20:23.361805,BR_004,1,temporal_link
TXN_000601,ACC_10011,3472.7,CREDIT,EXT_10327,2026-08-31 16:25:37.000000,BR_009,0,normal
TXN_000602,ACC_10012,14728.85,DEBIT,EXT_10096,2026-08-31 16:30:12.000000,BR_009,0,normal
TXN_000603,ACC_10038,4578.31,DEBIT,EXT_10183,2026-08-31 16:37:48.000000,BR_009,0,normal
TXN_000604,ACC_10024,120118.76,TRANSFER,EXT_10165,2026-08-31 16:40:10.581115,BR_004,1,temporal_link
TXN_000605,ACC_10030,34352.15,DEBIT,EXT_10101,2026-08-31 16:41:04.000000,BR_009,0,normal
TXN_000606,ACC_10044,15949.87,TRANSFER,EXT_10389,2026-08-31 16:41:19.000000,BR_009,0,normal
TXN_000607,ACC_10045,1742.57,TRANSFER,EXT_10469,2026-08-31 16:43:56.000000,BR_009,0,normal
TXN_000608,ACC_10001,2898.55,CREDIT,EXT_10395,2026-08-31 16:46:40.000000,BR_009,0,normal
TXN_000609,ACC_10033,7422.02,TRANSFER,EXT_10174,2026-08-31 16:46:52.000000,BR_009,0,normal
TXN_000610,ACC_10009,10361.06,DEBIT,EXT_10480,2026-08-31 16:47:27.000000,BR_006,0,normal
TXN_000611,ACC_10045,10883.01,CREDIT,EXT_10162,2026-08-31 16:47:47.000000,BR_009,0,normal
TXN_000612,ACC_10045,22982.92,TRANSFER,EXT_10341,2026-08-31 16:52:07.000000,BR_009,0,normal
TXN_000613,ACC_10016,9720.09,CREDIT,EXT_10143,2026-08-31 16:52:33.000000,BR_009,0,normal
TXN_000614,ACC_10025,840.08,CREDIT,EXT_10045,2026-08-31 16:54:33.000000,BR_009,0,normal
TXN_000615,ACC_10001,198697.13,TRANSFER,EXT_10001,2026-08-31 16:55:58.179644,BR_004,1,temporal_link
TXN_000616,ACC_10022,713.33,PAYMENT,EXT_10398,2026-08-31 17:00:43.000000,BR_009,0,normal
TXN_000617,ACC_10023,195381.58,TRANSFER,EXT_10425,2026-08-31 17:01:31.331746,BR_004,1,temporal_link
TXN_000618,ACC_10018,6422.57,DEBIT,EXT_10052,2026-08-31 17:04:21.000000,BR_009,0,normal
TXN_000619,ACC_10007,9124.71,TRANSFER,EXT_10190,2026-08-31 17:04:26.000000,BR_009,0,normal
TXN_000620,ACC_10024,916.17,TRANSFER,EXT_10128,2026-08-31 17:05:46.000000,BR_009,0,normal
TXN_000621,ACC_10001,14622.85,CREDIT,EXT_10125,2026-08-31 17:06:41.000000,BR_009,0,normal
TXN_000622,ACC_10041,1127.68,TRANSFER,EXT_10406,2026-08-31 17:07:12.000000,BR_009,0,normal
TXN_000623,ACC_10048,18475.42,PAYMENT,EXT_10107,2026-08-31 17:07:27.000000,BR_009,0,normal
TXN_000624,ACC_10010,787.15,CREDIT,EXT_10159,2026-08-31 17:10:03.000000,BR_006,0,normal
TXN_000625,ACC_10045,3321.27,DEBIT,EXT_10258,2026-08-31 17:10:24.000000,BR_009,0,normal
TXN_000626,ACC_10036,3548.94,DEBIT,EXT_10463,2026-08-31 17:10:46.000000,BR_009,0,normal
TXN_000627,ACC_10027,2499.58,TRANSFER,EXT_10403,2026-08-31 17:11:25.000000,BR_009,0,normal
TXN_000628,ACC_10035,500.0,DEBIT,EXT_10261,2026-08-31 17:12:07.000000,BR_009,0,normal
TXN_000629,ACC_10019,936.82,DEBIT,EXT_10364,2026-08-31 17:12:41.000000,BR_009,0,clean_busy
TXN_000630,ACC_10037,5197.49,DEBIT,EXT_10059,2026-08-31 17:13:35.000000,BR_009,0,normal
TXN_000631,ACC_10024,975.2,DEBIT,EXT_10056,2026-08-31 17:14:19.000000,BR_009,0,normal
TXN_000632,ACC_10039,8837.48,TRANSFER,EXT_10372,2026-08-31 17:17:55.000000,BR_009,0,normal
TXN_000633,ACC_10009,7032.18,TRANSFER,EXT_10107,2026-08-31 17:20:24.000000,BR_006,0,normal
TXN_000634,ACC_10026,3578.41,TRANSFER,EXT_10037,2026-08-31 17:22:26.000000,BR_009,0,normal
TXN_000635,ACC_10038,2971.17,DEBIT,EXT_10386,2026-08-31 17:22:54.000000,BR_009,0,normal
TXN_000636,ACC_10042,10305.14,DEBIT,EXT_10167,2026-08-31 17:23:04.000000,BR_009,0,normal
TXN_000637,ACC_10031,47260.67,CREDIT,EXT_10017,2026-08-31 17:23:35.000000,BR_009,0,normal
TXN_000638,ACC_10019,500.0,CREDIT,EXT_10455,2026-08-31 17:23:44.000000,BR_009,0,clean_busy
TXN_000639,ACC_10018,6611.55,CREDIT,EXT_10077,2026-08-31 17:27:48.000000,BR_009,0,normal
TXN_000640,ACC_10025,10989.06,TRANSFER,EXT_10131,2026-08-31 17:28:27.000000,BR_009,0,normal
TXN_000641,ACC_10019,4813.84,DEBIT,EXT_10153,2026-08-31 17:31:09.000000,BR_009,0,clean_busy
TXN_000642,ACC_10019,11787.0,CREDIT,EXT_10285,2026-08-31 17:31:33.000000,BR_009,0,clean_busy
TXN_000643,ACC_10037,35993.98,DEBIT,EXT_10333,2026-08-31 17:31:51.000000,BR_009,0,normal
TXN_000644,ACC_10019,916.26,DEBIT,EXT_10255,2026-08-31 17:34:20.000000,BR_009,0,clean_busy
TXN_000645,ACC_10002,12621.51,TRANSFER,EXT_10057,2026-08-31 17:34:48.000000,BR_009,0,normal
TXN_000646,ACC_10035,5036.67,DEBIT,EXT_10330,2026-08-31 17:36:42.000000,BR_009,0,normal
TXN_000647,ACC_10018,8607.82,DEBIT,EXT_10047,2026-08-31 17:37:39.000000,BR_009,0,normal
TXN_000648,ACC_10005,549.58,CREDIT,EXT_10451,2026-08-31 17:41:20.000000,BR_009,0,normal
TXN_000649,ACC_10048,16886.99,TRANSFER,EXT_10039,2026-08-31 17:41:47.000000,BR_009,0,normal
TXN_000650,ACC_10000,8054.83,DEBIT,EXT_10126,2026-08-31 17:44:00.000000,BR_009,0,normal
TXN_000651,ACC_10019,500.0,PAYMENT,EXT_10420,2026-08-31 17:44:12.000000,BR_009,0,clean_busy
TXN_000652,ACC_10045,1271.87,CREDIT,EXT_10240,2026-08-31 17:47:14.000000,BR_009,0,normal
TXN_000653,ACC_10033,3967.79,DEBIT,EXT_10184,2026-08-31 17:50:00.000000,BR_009,0,normal
TXN_000654,ACC_10033,1648.89,TRANSFER,EXT_10153,2026-08-31 17:51:08.000000,BR_009,0,normal
TXN_000655,ACC_10037,16950.66,CREDIT,EXT_10055,2026-08-31 17:51:49.000000,BR_009,0,normal
TXN_000656,ACC_10048,500.0,DEBIT,EXT_10087,2026-08-31 17:53:54.000000,BR_009,0,normal
TXN_000657,ACC_10022,6337.09,DEBIT,EXT_10374,2026-08-31 17:57:57.000000,BR_009,0,normal
TXN_000658,ACC_10030,64088.87,DEBIT,EXT_10490,2026-08-31 17:58:20.000000,BR_009,0,normal
TXN_000659,ACC_10017,1151.78,CREDIT,EXT_10034,2026-08-31 17:58:49.000000,BR_009,0,normal
TXN_000660,ACC_10019,165085.85,TRANSFER,EXT_10406,2026-09-01 02:17:22.985354,BR_006,1,temporal_link
TXN_000661,ACC_10049,165103.42,TRANSFER,EXT_10086,2026-09-01 02:21:20.179028,BR_006,1,temporal_link
TXN_000662,ACC_10025,109995.03,TRANSFER,EXT_10145,2026-09-01 02:22:51.870968,BR_006,1,temporal_link
TXN_000663,ACC_10012,180384.02,TRANSFER,EXT_10042,2026-09-01 02:25:01.427768,BR_006,1,temporal_link
TXN_000664,ACC_10030,2054.17,DEBIT,EXT_10160,2026-09-01 09:00:33.000000,BR_009,0,normal
TXN_000665,ACC_10017,5619.26,CREDIT,EXT_10362,2026-09-01 09:02:21.000000,BR_009,0,normal
TXN_000666,ACC_10022,14349.21,CREDIT,EXT_10181,2026-09-01 09:05:53.000000,BR_009,0,normal
TXN_000667,ACC_10018,13223.85,DEBIT,EXT_10048,2026-09-01 09:08:18.000000,BR_009,0,normal
TXN_000668,ACC_10039,5507.63,CREDIT,EXT_10399,2026-09-01 09:10:03.000000,BR_009,0,normal
TXN_000669,ACC_10047,500.0,DEBIT,EXT_10069,2026-09-01 09:10:31.000000,BR_009,0,normal
TXN_000670,ACC_10020,21958.34,DEBIT,EXT_10324,2026-09-01 09:14:06.000000,BR_009,0,normal
TXN_000671,ACC_10013,14808.52,CREDIT,EXT_10281,2026-09-01 09:15:52.000000,BR_006,0,normal
TXN_000672,ACC_10022,1935.77,TRANSFER,EXT_10216,2026-09-01 09:15:53.000000,BR_009,0,normal
TXN_000673,ACC_10042,5551.1,CREDIT,EXT_10370,2026-09-01 09:15:56.000000,BR_009,0,normal
TXN_000674,ACC_10023,3629.04,DEBIT,EXT_10128,2026-09-01 09:16:49.000000,BR_009,0,normal
TXN_000675,ACC_10047,756.8,DEBIT,EXT_10343,2026-09-01 09:19:06.000000,BR_009,0,normal
TXN_000676,ACC_10019,1488.18,DEBIT,EXT_10261,2026-09-01 09:20:38.000000,BR_009,0,normal
TXN_000677,ACC_10037,35034.01,DEBIT,EXT_10121,2026-09-01 09:21:39.000000,BR_009,0,normal
TXN_000678,ACC_10026,2766.57,TRANSFER,EXT_10399,2026-09-01 09:21:56.000000,BR_009,0,normal
TXN_000679,ACC_10025,1981.58,TRANSFER,EXT_10090,2026-09-01 09:22:02.000000,BR_009,0,normal
TXN_000680,ACC_10015,9123.84,CREDIT,EXT_10028,2026-09-01 09:22:15.000000,BR_009,0,normal
TXN_000681,ACC_10002,2044.15,DEBIT,EXT_10167,2026-09-01 09:24:57.000000,BR_009,0,normal
TXN_000682,ACC_10002,541.29,CREDIT,EXT_10360,2026-09-01 09:24:59.000000,BR_009,0,normal
TXN_000683,ACC_10035,3959.93,TRANSFER,EXT_10314,2026-09-01 09:24:59.000000,BR_009,0,normal
TXN_000684,ACC_10004,170830.1,TRANSFER,EXT_10404,2026-09-01 09:25:26.000000,BR_009,0,normal
TXN_000685,ACC_10037,3796.24,TRANSFER,EXT_10203,2026-09-01 09:25:41.000000,BR_009,0,normal
TXN_000686,ACC_10022,6332.75,DEBIT,EXT_10239,2026-09-01 09:27:12.000000,BR_009,0,normal
TXN_000687,ACC_10031,1771.66,DEBIT,EXT_10187,2026-09-01 09:28:34.000000,BR_009,0,normal
TXN_000688,ACC_10004,1169.98,TRANSFER,EXT_10222,2026-09-01 09:30:47.000000,BR_009,0,normal
TXN_000689,ACC_10015,500.0,TRANSFER,EXT_10145,2026-09-01 09:31:40.000000,BR_009,0,normal
TXN_000690,ACC_10015,3976.4,TRANSFER,EXT_10080,2026-09-01 09:33:41.000000,BR_009,0,normal
TXN_000691,ACC_10030,8141.9,DEBIT,EXT_10327,2026-09-01 09:34:30.000000,BR_009,0,normal
TXN_000692,ACC_10023,1792.4,TRANSFER,EXT_10369,2026-09-01 09:35:05.000000,BR_009,0,normal
TXN_000693,ACC_10032,71157.32,TRANSFER,EXT_10336,2026-09-01 09:35:50.000000,BR_009,0,normal
TXN_000694,ACC_10036,6483.06,CREDIT,EXT_10082,2026-09-01 09:36:50.000000,BR_009,0,normal
TXN_000695,ACC_10022,526.1,TRANSFER,EXT_10497,2026-09-01 09:42:13.000000,BR_009,0,normal
TXN_000696,ACC_10039,2862.91,DEBIT,EXT_10203,2026-09-01 09:43:00.000000,BR_009,0,normal
TXN_000697,ACC_10022,948.05,CREDIT,EXT_10063,2026-09-01 09:43:37.000000,BR_009,0,normal
TXN_000698,ACC_10028,842.68,DEBIT,EXT_10303,2026-09-01 09:44:10.000000,BR_006,0,normal
TXN_000699,ACC_10028,34760.68,CREDIT,EXT_10306,2026-09-01 09:47:21.000000,BR_006,0,normal
TXN_000700,ACC_10008,5344.91,CREDIT,EXT_10435,2026-09-01 09:48:59.000000,BR_009,0,normal
TXN_000701,ACC_10011,46632.29,TRANSFER,EXT_10187,2026-09-01 09:50:53.000000,BR_009,0,normal
TXN_000702,ACC_10030,500.0,DEBIT,EXT_10094,2026-09-01 09:55:37.000000,BR_009,0,normal
TXN_000703,ACC_10042,3564.05,TRANSFER,EXT_10262,2026-09-01 09:57:13.000000,BR_009,0,normal
TXN_000704,ACC_10046,5882.44,PAYMENT,EXT_10409,2026-09-01 09:59:33.000000,BR_009,0,normal
TXN_000705,ACC_10045,6685.64,TRANSFER,EXT_10060,2026-09-01 10:04:29.000000,BR_009,0,normal
TXN_000706,ACC_10041,1319.38,CREDIT,EXT_10232,2026-09-01 10:04:52.000000,BR_009,0,normal
TXN_000707,ACC_10031,7161.63,CREDIT,EXT_10087,2026-09-01 10:08:30.000000,BR_009,0,normal
TXN_000708,ACC_10027,20711.01,TRANSFER,EXT_10442,2026-09-01 10:09:39.000000,BR_009,0,normal
TXN_000709,ACC_10030,7220.95,TRANSFER,EXT_10339,2026-09-01 10:10:55.000000,BR_009,0,normal
TXN_000710,ACC_10000,20480.96,DEBIT,EXT_10058,2026-09-01 10:15:55.000000,BR_009,0,normal
TXN_000711,ACC_10028,4910.22,TRANSFER,EXT_10008,2026-09-01 10:16:57.000000,BR_006,0,normal
TXN_000712,ACC_10013,1241.89,DEBIT,EXT_10421,2026-09-01 10:20:22.000000,BR_006,0,normal
TXN_000713,ACC_10025,752.95,PAYMENT,EXT_10351,2026-09-01 10:20:54.000000,BR_009,0,normal
TXN_000714,ACC_10025,500.0,PAYMENT,EXT_10443,2026-09-01 10:22:23.000000,BR_009,0,normal
TXN_000715,ACC_10015,19215.45,CREDIT,EXT_10328,2026-09-01 10:23:44.000000,BR_009,0,normal
TXN_000716,ACC_10040,500.0,PAYMENT,EXT_10053,2026-09-01 10:24:01.000000,BR_009,0,normal
TXN_000717,ACC_10017,2320.72,DEBIT,EXT_10292,2026-09-01 10:26:36.000000,BR_009,0,normal
TXN_000718,ACC_10023,19781.06,DEBIT,EXT_10058,2026-09-01 10:27:32.000000,BR_009,0,normal
TXN_000719,ACC_10032,5593.0,DEBIT,EXT_10418,2026-09-01 10:34:25.000000,BR_009,0,normal
TXN_000720,ACC_10003,25848.52,TRANSFER,EXT_10350,2026-09-01 10:40:21.000000,BR_009,0,normal
TXN_000721,ACC_10018,31514.47,TRANSFER,EXT_10323,2026-09-01 10:43:26.000000,BR_009,0,normal
TXN_000722,ACC_10025,3796.88,TRANSFER,EXT_10402,2026-09-01 10:53:27.000000,BR_009,0,normal
TXN_000723,ACC_10034,3611.86,TRANSFER,EXT_10057,2026-09-01 10:54:11.000000,BR_009,0,normal
TXN_000724,ACC_10012,1601.76,PAYMENT,EXT_10001,2026-09-01 10:55:08.000000,BR_009,0,normal
TXN_000725,ACC_10009,4183.06,DEBIT,EXT_10017,2026-09-01 10:55:28.000000,BR_006,0,normal
TXN_000726,ACC_10031,3265.59,CREDIT,EXT_10352,2026-09-01 10:56:16.000000,BR_009,0,normal
TXN_000727,ACC_10032,13738.62,CREDIT,EXT_10482,2026-09-01 10:57:27.000000,BR_009,0,normal
TXN_000728,ACC_10043,3230.42,CREDIT,EXT_10464,2026-09-01 10:58:46.000000,BR_009,0,normal
TXN_000729,ACC_10006,2597.77,PAYMENT,EXT_10015,2026-09-01 11:00:09.000000,BR_009,0,normal
TXN_000730,ACC_10041,2068.08,CREDIT,EXT_10322,2026-09-01 11:02:47.000000,BR_009,0,normal
TXN_000731,ACC_10045,41745.87,CREDIT,EXT_10280,2026-09-01 11:03:06.000000,BR_009,0,normal
TXN_000732,ACC_10035,13517.12,DEBIT,EXT_10484,2026-09-01 11:04:03.000000,BR_009,0,normal
TXN_000733,ACC_10022,9336.67,CREDIT,EXT_10102,2026-09-01 11:15:22.000000,BR_009,0,normal
TXN_000734,ACC_10027,2215.55,CREDIT,EXT_10267,2026-09-01 11:19:38.000000,BR_009,0,normal
TXN_000735,ACC_10037,3393.33,DEBIT,EXT_10367,2026-09-01 11:21:08.000000,BR_009,0,normal
TXN_000736,ACC_10048,23048.0,CREDIT,EXT_10178,2026-09-01 11:21:58.000000,BR_009,0,normal
TXN_000737,ACC_10048,1288.79,TRANSFER,EXT_10301,2026-09-01 11:23:26.000000,BR_009,0,normal
TXN_000738,ACC_10040,2153.04,PAYMENT,EXT_10061,2026-09-01 11:25:10.000000,BR_009,0,normal
TXN_000739,ACC_10032,4616.01,DEBIT,EXT_10413,2026-09-01 11:25:35.000000,BR_009,0,normal
TXN_000740,ACC_10018,7233.42,CREDIT,EXT_10180,2026-09-01 11:26:11.000000,BR_009,0,normal
TXN_000741,ACC_10016,5357.11,PAYMENT,EXT_10042,2026-09-01 11:27:29.000000,BR_009,0,normal
TXN_000742,ACC_10049,585.76,CREDIT,EXT_10381,2026-09-01 11:28:56.000000,BR_006,0,normal
TXN_000743,ACC_10046,1092.04,TRANSFER,EXT_10214,2026-09-01 11:32:44.000000,BR_009,0,normal
TXN_000744,ACC_10034,4341.22,DEBIT,EXT_10012,2026-09-01 11:40:30.000000,BR_009,0,normal
TXN_000745,ACC_10000,6698.24,DEBIT,EXT_10031,2026-09-01 11:41:27.000000,BR_009,0,normal
TXN_000746,ACC_10049,7505.48,TRANSFER,EXT_10449,2026-09-01 11:42:51.000000,BR_006,0,normal
TXN_000747,ACC_10040,859.48,CREDIT,EXT_10019,2026-09-01 11:42:55.000000,BR_009,0,normal
TXN_000748,ACC_10017,1022.82,PAYMENT,EXT_10317,2026-09-01 11:43:01.000000,BR_009,0,normal
TXN_000749,ACC_10022,1251.96,TRANSFER,EXT_10415,2026-09-01 11:43:08.000000,BR_009,0,normal
TXN_000750,ACC_10002,23011.61,DEBIT,EXT_10190,2026-09-01 11:45:03.000000,BR_009,0,normal
TXN_000751,ACC_10031,1687.15,CREDIT,EXT_10196,2026-09-01 11:48:13.000000,BR_009,0,normal
TXN_000752,ACC_10017,2670.22,PAYMENT,EXT_10315,2026-09-01 11:50:25.000000,BR_009,0,normal
TXN_000753,ACC_10042,2140.09,DEBIT,EXT_10250,2026-09-01 11:52:53.000000,BR_009,0,normal
TXN_000754,ACC_10027,51868.65,TRANSFER,EXT_10458,2026-09-01 11:54:55.000000,BR_009,0,normal
TXN_000755,ACC_10033,7714.14,DEBIT,EXT_10274,2026-09-01 11:56:31.000000,BR_009,0,normal
TXN_000756,ACC_10031,15684.67,CREDIT,EXT_10339,2026-09-01 11:56:43.000000,BR_009,0,normal
TXN_000757,ACC_10029,35782.3,CREDIT,EXT_10447,2026-09-01 12:00:04.000000,BR_009,0,normal
TXN_000758,ACC_10023,5275.57,DEBIT,EXT_10227,2026-09-01 12:06:18.000000,BR_009,0,normal
TXN_000759,ACC_10049,2487.13,TRANSFER,EXT_10030,2026-09-01 12:06:18.000000,BR_006,0,normal
TXN_000760,ACC_10022,3899.87,TRANSFER,EXT_10276,2026-09-01 12:09:58.000000,BR_009,0,normal
TXN_000761,ACC_10010,9056.47,CREDIT,EXT_10152,2026-09-01 12:11:43.000000,BR_006,0,normal
TXN_000762,ACC_10001,6223.72,CREDIT,EXT_10292,2026-09-01 12:12:11.000000,BR_009,0,normal
TXN_000763,ACC_10025,20179.91,CREDIT,EXT_10307,2026-09-01 12:14:07.000000,BR_009,0,normal
TXN_000764,ACC_10034,2892.5,CREDIT,EXT_10111,2026-09-01 12:15:04.000000,BR_009,0,normal
TXN_000765,ACC_10024,500.0,CREDIT,EXT_10176,2026-09-01 12:15:05.000000,BR_009,0,normal
TXN_000766,ACC_10021,34288.01,TRANSFER,EXT_10194,2026-09-01 12:16:13.000000,BR_009,0,normal
TXN_000767,ACC_10048,4707.65,TRANSFER,EXT_10039,2026-09-01 12:18:24.000000,BR_009,0,normal
TXN_000768,ACC_10010,3322.77,DEBIT,EXT_10058,2026-09-01 12:19:39.000000,BR_006,0,normal
TXN_000769,ACC_10032,1530.11,PAYMENT,EXT_10273,2026-09-01 12:20:53.000000,BR_009,0,normal
TXN_000770,ACC_10029,23983.95,CREDIT,EXT_10137,2026-09-01 12:21:47.000000,BR_009,0,normal
TXN_000771,ACC_10006,6608.53,DEBIT,EXT_10055,2026-09-01 12:22:25.000000,BR_009,0,normal
TXN_000772,ACC_10031,6690.58,DEBIT,EXT_10331,2026-09-01 12:23:00.000000,BR_009,0,normal
TXN_000773,ACC_10046,1962.36,TRANSFER,EXT_10496,2026-09-01 12:23:37.000000,BR_009,0,normal
TXN_000774,ACC_10045,521.71,DEBIT,EXT_10427,2026-09-01 12:24:33.000000,BR_009,0,normal
TXN_000775,ACC_10036,19959.19,CREDIT,EXT_10289,2026-09-01 12:27:28.000000,BR_009,0,normal
TXN_000776,ACC_10009,1262.05,CREDIT,EXT_10461,2026-09-01 12:28:05.000000,BR_006,0,normal
TXN_000777,ACC_10023,19967.17,DEBIT,EXT_10416,2026-09-01 12:28:07.000000,BR_009,0,normal
TXN_000778,ACC_10019,164428.67,DEBIT,EXT_10311,2026-09-01 12:29:02.000000,BR_009,0,normal
TXN_000779,ACC_10002,782.7,CREDIT,EXT_10147,2026-09-01 12:29:49.000000,BR_009,0,normal
TXN_000780,ACC_10045,500.0,TRANSFER,EXT_10214,2026-09-01 12:30:19.000000,BR_009,0,normal
TXN_000781,ACC_10039,7308.92,TRANSFER,EXT_10190,2026-09-01 12:30:35.000000,BR_009,0,normal
TXN_000782,ACC_10045,859.02,CREDIT,EXT_10261,2026-09-01 12:34:38.000000,BR_009,0,normal
TXN_000783,ACC_10013,1570.49,TRANSFER,EXT_10204,2026-09-01 12:34:38.000000,BR_006,0,normal
TXN_000784,ACC_10024,621.63,DEBIT,EXT_10318,2026-09-01 12:36:05.000000,BR_009,0,normal
TXN_000785,ACC_10004,5677.47,DEBIT,EXT_10150,2026-09-01 12:37:43.000000,BR_009,0,normal
TXN_000786,ACC_10026,3639.12,DEBIT,EXT_10113,2026-09-01 12:38:20.000000,BR_009,0,normal
TXN_000787,ACC_10033,21206.05,CREDIT,EXT_10305,2026-09-01 12:38:28.000000,BR_009,0,normal
TXN_000788,ACC_10018,631.77,CREDIT,EXT_10445,2026-09-01 12:39:19.000000,BR_009,0,normal
TXN_000789,ACC_10015,3400.3,TRANSFER,EXT_10206,2026-09-01 12:40:36.000000,BR_009,0,normal
TXN_000790,ACC_10015,2790.73,PAYMENT,EXT_10173,2026-09-01 12:41:18.000000,BR_009,0,normal
TXN_000791,ACC_10015,927.46,PAYMENT,EXT_10374,2026-09-01 12:43:53.000000,BR_009,0,normal
TXN_000792,ACC_10008,3197.65,TRANSFER,EXT_10168,2026-09-01 12:44:43.000000,BR_009,0,normal
TXN_000793,ACC_10008,6281.23,TRANSFER,EXT_10494,2026-09-01 12:44:43.000000,BR_009,0,normal
TXN_000794,ACC_10004,4816.04,DEBIT,EXT_10115,2026-09-01 12:48:36.000000,BR_009,0,normal
TXN_000795,ACC_10018,554.59,TRANSFER,EXT_10249,2026-09-01 12:49:06.000000,BR_009,0,normal
TXN_000796,ACC_10035,7654.0,CREDIT,EXT_10221,2026-09-01 12:50:04.000000,BR_009,0,normal
TXN_000797,ACC_10040,8874.26,CREDIT,EXT_10474,2026-09-01 12:50:18.000000,BR_009,0,normal
TXN_000798,ACC_10038,500.0,PAYMENT,EXT_10087,2026-09-01 12:50:52.000000,BR_009,0,normal
TXN_000799,ACC_10003,11912.18,CREDIT,EXT_10489,2026-09-01 12:51:01.000000,BR_009,0,normal
TXN_000800,ACC_10048,14872.0,DEBIT,EXT_10013,2026-09-01 12:52:32.000000,BR_009,0,normal
TXN_000801,ACC_10028,12153.31,DEBIT,EXT_10086,2026-09-01 12:55:07.000000,BR_006,0,normal
TXN_000802,ACC_10045,22624.46,TRANSFER,EXT_10350,2026-09-01 12:57:39.000000,BR_009,0,normal
TXN_000803,ACC_10015,688.04,PAYMENT,EXT_10335,2026-09-01 12:57:45.000000,BR_009,0,normal
TXN_000804,ACC_10044,537.43,TRANSFER,EXT_10054,2026-09-01 13:02:34.000000,BR_009,0,normal
TXN_000805,ACC_10006,2912.79,DEBIT,EXT_10285,2026-09-01 13:03:12.000000,BR_009,0,normal
TXN_000806,ACC_10036,1757.82,TRANSFER,EXT_10001,2026-09-01 13:07:00.000000,BR_009,0,normal
TXN_000807,ACC_10018,3396.26,DEBIT,EXT_10174,2026-09-01 13:07:44.000000,BR_009,0,normal
TXN_000808,ACC_10006,1285.36,DEBIT,EXT_10320,2026-09-01 13:08:13.000000,BR_009,0,normal
TXN_000809,ACC_10049,10403.87,CREDIT,EXT_10401,2026-09-01 13:08:45.000000,BR_006,0,normal
TXN_000810,ACC_10018,8626.82,DEBIT,EXT_10132,2026-09-01 13:11:29.000000,BR_009,0,normal
TXN_000811,ACC_10019,5673.96,PAYMENT,EXT_10011,2026-09-01 13:13:46.000000,BR_009,0,normal
TXN_000812,ACC_10044,500.0,TRANSFER,EXT_10464,2026-09-01 13:14:39.000000,BR_009,0,normal
TXN_000813,ACC_10044,500.0,CREDIT,EXT_10149,2026-09-01 13:16:26.000000,BR_009,0,normal
TXN_000814,ACC_10010,63341.76,DEBIT,EXT_10268,2026-09-01 13:16:55.000000,BR_006,0,normal
TXN_000815,ACC_10025,1473.75,DEBIT,EXT_10445,2026-09-01 13:17:21.000000,BR_009,0,normal
TXN_000816,ACC_10002,1514.5,CREDIT,EXT_10424,2026-09-01 13:22:42.000000,BR_009,0,normal
TXN_000817,ACC_10010,3554.33,DEBIT,EXT_10242,2026-09-01 13:29:01.000000,BR_006,0,normal
TXN_000818,ACC_10008,19873.55,DEBIT,EXT_10150,2026-09-01 13:34:19.000000,BR_009,0,normal
TXN_000819,ACC_10022,3007.31,DEBIT,EXT_10161,2026-09-01 13:36:09.000000,BR_009,0,normal
TXN_000820,ACC_10048,5925.95,CREDIT,EXT_10051,2026-09-01 13:37:36.000000,BR_009,0,normal
TXN_000821,ACC_10003,10170.25,TRANSFER,EXT_10450,2026-09-01 13:38:15.000000,BR_009,0,normal
TXN_000822,ACC_10022,1965.95,TRANSFER,EXT_10128,2026-09-01 13:38:21.000000,BR_009,0,normal
TXN_000823,ACC_10023,811.0,PAYMENT,EXT_10266,2026-09-01 13:41:07.000000,BR_009,0,normal
TXN_000824,ACC_10016,956.58,CREDIT,EXT_10232,2026-09-01 13:44:17.000000,BR_009,0,normal
TXN_000825,ACC_10030,7117.69,DEBIT,EXT_10268,2026-09-01 13:45:50.000000,BR_009,0,normal
TXN_000826,ACC_10010,8090.02,DEBIT,EXT_10207,2026-09-01 13:46:55.000000,BR_006,0,normal
TXN_000827,ACC_10045,19082.22,CREDIT,EXT_10352,2026-09-01 13:47:55.000000,BR_009,0,normal
TXN_000828,ACC_10025,2311.53,CREDIT,EXT_10226,2026-09-01 13:50:53.000000,BR_009,0,normal
TXN_000829,ACC_10027,4413.82,CREDIT,EXT_10232,2026-09-01 13:51:51.000000,BR_009,0,normal
TXN_000830,ACC_10005,550.03,CREDIT,EXT_10086,2026-09-01 13:52:10.000000,BR_009,0,normal
TXN_000831,ACC_10005,500.0,CREDIT,EXT_10041,2026-09-01 13:57:01.000000,BR_009,0,normal
TXN_000832,ACC_10043,43908.96,DEBIT,EXT_10195,2026-09-01 13:57:37.000000,BR_009,0,normal
TXN_000833,ACC_10007,2757.07,DEBIT,EXT_10070,2026-09-01 13:57:55.000000,BR_009,0,normal
TXN_000834,ACC_10032,1479.55,CREDIT,EXT_10159,2026-09-01 13:58:48.000000,BR_009,0,normal
TXN_000835,ACC_10048,3081.46,TRANSFER,EXT_10094,2026-09-01 14:00:50.000000,BR_009,0,normal
TXN_000836,ACC_10023,2055.83,DEBIT,EXT_10019,2026-09-01 14:03:57.000000,BR_009,0,normal
TXN_000837,ACC_10031,3346.68,DEBIT,EXT_10119,2026-09-01 14:04:22.000000,BR_009,0,normal
TXN_000838,ACC_10000,950.43,TRANSFER,EXT_10454,2026-09-01 14:05:13.000000,BR_009,0,normal
TXN_000839,ACC_10018,70212.54,TRANSFER,EXT_10485,2026-09-01 14:05:54.000000,BR_009,0,normal
TXN_000840,ACC_10007,5650.46,TRANSFER,EXT_10486,2026-09-01 14:09:08.000000,BR_009,0,normal
TXN_000841,ACC_10001,500.0,DEBIT,EXT_10252,2026-09-01 14:11:25.000000,BR_009,0,normal
TXN_000842,ACC_10002,4530.81,TRANSFER,EXT_10205,2026-09-01 14:11:32.000000,BR_009,0,normal
TXN_000843,ACC_10034,37179.74,PAYMENT,EXT_10093,2026-09-01 14:18:53.000000,BR_009,0,normal
TXN_000844,ACC_10035,4828.4,PAYMENT,EXT_10285,2026-09-01 14:19:15.000000,BR_009,0,normal
TXN_000845,ACC_10049,1173.7,DEBIT,EXT_10220,2026-09-01 14:19:58.000000,BR_006,0,normal
TXN_000846,ACC_10020,10723.08,CREDIT,EXT_10406,2026-09-01 14:22:34.000000,BR_009,0,normal
TXN_000847,ACC_10046,558.67,TRANSFER,EXT_10473,2026-09-01 14:23:35.000000,BR_009,0,normal
TXN_000848,ACC_10025,1276.15,CREDIT,EXT_10304,2026-09-01 14:26:03.000000,BR_009,0,normal
TXN_000849,ACC_10029,886.57,TRANSFER,EXT_10084,2026-09-01 14:27:18.000000,BR_009,0,normal
TXN_000850,ACC_10032,8709.93,PAYMENT,EXT_10285,2026-09-01 14:30:20.000000,BR_009,0,normal
TXN_000851,ACC_10031,14707.25,CREDIT,EXT_10395,2026-09-01 14:32:54.000000,BR_009,0,normal
TXN_000852,ACC_10005,7508.43,CREDIT,EXT_10208,2026-09-01 14:33:43.000000,BR_009,0,normal
TXN_000853,ACC_10037,5899.17,TRANSFER,EXT_10303,2026-09-01 14:35:10.000000,BR_009,0,normal
TXN_000854,ACC_10014,10554.68,DEBIT,EXT_10307,2026-09-01 14:35:56.000000,BR_006,0,normal
TXN_000855,ACC_10047,4855.45,CREDIT,EXT_10307,2026-09-01 14:36:39.000000,BR_009,0,normal
TXN_000856,ACC_10046,2338.62,CREDIT,EXT_10367,2026-09-01 14:39:03.000000,BR_009,0,normal
TXN_000857,ACC_10028,761.73,DEBIT,EXT_10343,2026-09-01 14:46:01.000000,BR_006,0,normal
TXN_000858,ACC_10030,38496.65,TRANSFER,EXT_10060,2026-09-01 14:47:45.000000,BR_009,0,normal
TXN_000859,ACC_10005,2530.67,TRANSFER,EXT_10283,2026-09-01 14:48:15.000000,BR_009,0,normal
TXN_000860,ACC_10003,500.0,DEBIT,EXT_10250,2026-09-01 14:52:39.000000,BR_009,0,normal
TXN_000861,ACC_10004,992.14,DEBIT,EXT_10160,2026-09-01 14:59:47.000000,BR_009,0,normal
TXN_000862,ACC_10015,3902.89,TRANSFER,EXT_10000,2026-09-01 15:06:38.000000,BR_009,0,normal
TXN_000863,ACC_10015,989.28,DEBIT,EXT_10069,2026-09-01 15:09:32.000000,BR_009,0,normal
TXN_000864,ACC_10039,4016.92,PAYMENT,EXT_10221,2026-09-01 15:10:43.000000,BR_009,0,normal
TXN_000865,ACC_10008,2304.3,DEBIT,EXT_10183,2026-09-01 15:13:01.000000,BR_009,0,normal
TXN_000866,ACC_10018,15841.08,DEBIT,EXT_10236,2026-09-01 15:15:18.000000,BR_009,0,normal
TXN_000867,ACC_10033,4589.45,CREDIT,EXT_10458,2026-09-01 15:19:05.000000,BR_009,0,normal
TXN_000868,ACC_10023,1260.39,CREDIT,EXT_10304,2026-09-01 15:19:14.000000,BR_009,0,normal
TXN_000869,ACC_10033,18955.67,DEBIT,EXT_10094,2026-09-01 15:20:43.000000,BR_009,0,normal
TXN_000870,ACC_10026,3279.58,DEBIT,EXT_10287,2026-09-01 15:20:59.000000,BR_009,0,normal
TXN_000871,ACC_10040,6983.36,TRANSFER,EXT_10140,2026-09-01 15:23:04.000000,BR_009,0,normal
TXN_000872,ACC_10022,23252.74,CREDIT,EXT_10164,2026-09-01 15:24:17.000000,BR_009,0,normal
TXN_000873,ACC_10030,545.23,CREDIT,EXT_10086,2026-09-01 15:28:04.000000,BR_009,0,normal
TXN_000874,ACC_10038,4394.67,TRANSFER,EXT_10201,2026-09-01 15:31:08.000000,BR_009,0,normal
TXN_000875,ACC_10020,2197.52,TRANSFER,EXT_10270,2026-09-01 15:31:35.000000,BR_009,0,normal
TXN_000876,ACC_10013,1682.74,DEBIT,EXT_10032,2026-09-01 15:32:30.000000,BR_006,0,normal
TXN_000877,ACC_10026,1188.37,TRANSFER,EXT_10376,2026-09-01 15:32:42.000000,BR_009,0,normal
TXN_000878,ACC_10040,35233.44,DEBIT,EXT_10049,2026-09-01 15:34:05.000000,BR_009,0,normal
TXN_000879,ACC_10015,518.73,CREDIT,EXT_10258,2026-09-01 15:34:08.000000,BR_009,0,normal
TXN_000880,ACC_10012,5134.1,DEBIT,EXT_10196,2026-09-01 15:34:31.000000,BR_009,0,normal
TXN_000881,ACC_10040,1075.13,TRANSFER,EXT_10476,2026-09-01 15:36:13.000000,BR_009,0,normal
TXN_000882,ACC_10008,3656.38,TRANSFER,EXT_10167,2026-09-01 15:38:55.000000,BR_009,0,normal
TXN_000883,ACC_10036,16706.66,DEBIT,EXT_10455,2026-09-01 15:39:36.000000,BR_009,0,normal
TXN_000884,ACC_10000,7902.76,CREDIT,EXT_10320,2026-09-01 15:40:41.000000,BR_009,0,normal
TXN_000885,ACC_10001,2302.23,CREDIT,EXT_10490,2026-09-01 15:41:30.000000,BR_009,0,normal
TXN_000886,ACC_10042,7733.44,CREDIT,EXT_10198,2026-09-01 15:51:27.000000,BR_009,0,normal
TXN_000887,ACC_10025,8094.81,TRANSFER,EXT_10188,2026-09-01 15:53:51.000000,BR_009,0,normal
TXN_000888,ACC_10034,530.95,DEBIT,EXT_10426,2026-09-01 15:54:57.000000,BR_009,0,normal
TXN_000889,ACC_10017,2689.14,DEBIT,EXT_10473,2026-09-01 15:56:03.000000,BR_009,0,normal
TXN_000890,ACC_10001,500.0,DEBIT,EXT_10402,2026-09-01 15:56:09.000000,BR_009,0,normal
TXN_000891,ACC_10045,500.0,DEBIT,EXT_10196,2026-09-01 15:58:14.000000,BR_009,0,normal
TXN_000892,ACC_10039,17259.44,TRANSFER,EXT_10085,2026-09-01 16:00:39.000000,BR_009,0,normal
TXN_000893,ACC_10043,622.21,DEBIT,EXT_10263,2026-09-01 16:01:55.000000,BR_009,0,normal
TXN_000894,ACC_10049,977.56,TRANSFER,EXT_10059,2026-09-01 16:02:40.000000,BR_006,0,normal
TXN_000895,ACC_10028,500.0,DEBIT,EXT_10297,2026-09-01 16:06:22.000000,BR_006,0,normal
TXN_000896,ACC_10048,842.86,PAYMENT,EXT_10070,2026-09-01 16:06:39.000000,BR_009,0,normal
TXN_000897,ACC_10029,8495.02,TRANSFER,EXT_10434,2026-09-01 16:06:59.000000,BR_009,0,normal
TXN_000898,ACC_10018,44137.44,TRANSFER,EXT_10194,2026-09-01 16:09:59.000000,BR_009,0,normal
TXN_000899,ACC_10043,731.5,CREDIT,EXT_10069,2026-09-01 16:10:16.000000,BR_009,0,normal
TXN_000900,ACC_10000,8082.52,DEBIT,EXT_10426,2026-09-01 16:11:29.000000,BR_009,0,normal
TXN_000901,ACC_10018,2507.91,TRANSFER,EXT_10254,2026-09-01 16:12:06.000000,BR_009,0,normal
TXN_000902,ACC_10040,29081.34,TRANSFER,EXT_10181,2026-09-01 16:16:23.000000,BR_009,0,normal
TXN_000903,ACC_10032,1064.56,CREDIT,EXT_10022,2026-09-01 16:16:28.000000,BR_009,0,normal
TXN_000904,ACC_10048,1546.07,TRANSFER,EXT_10104,2026-09-01 16:18:06.000000,BR_009,0,normal
TXN_000905,ACC_10025,8050.65,TRANSFER,EXT_10447,2026-09-01 16:23:19.000000,BR_009,0,normal
TXN_000906,ACC_10013,3244.24,DEBIT,EXT_10230,2026-09-01 16:24:48.000000,BR_006,0,normal
TXN_000907,ACC_10033,1139.05,TRANSFER,EXT_10268,2026-09-01 16:25:38.000000,BR_009,0,normal
TXN_000908,ACC_10037,5043.58,TRANSFER,EXT_10389,2026-09-01 16:27:01.000000,BR_009,0,normal
TXN_000909,ACC_10022,7120.81,PAYMENT,EXT_10288,2026-09-01 16:29:30.000000,BR_009,0,normal
TXN_000910,ACC_10046,1045.48,DEBIT,EXT_10244,2026-09-01 16:31:32.000000,BR_009,0,normal
TXN_000911,ACC_10016,21146.3,DEBIT,EXT_10487,2026-09-01 16:44:45.000000,BR_009,0,normal
TXN_000912,ACC_10030,3749.62,TRANSFER,EXT_10469,2026-09-01 16:47:08.000000,BR_009,0,normal
TXN_000913,ACC_10034,3267.08,TRANSFER,EXT_10475,2026-09-01 16:50:27.000000,BR_009,0,normal
TXN_000914,ACC_10033,1615.2,TRANSFER,EXT_10201,2026-09-01 16:51:20.000000,BR_009,0,normal
TXN_000915,ACC_10034,5826.57,DEBIT,EXT_10415,2026-09-01 16:51:33.000000,BR_009,0,normal
TXN_000916,ACC_10015,2080.02,CREDIT,EXT_10043,2026-09-01 16:52:49.000000,BR_009,0,normal
TXN_000917,ACC_10000,2903.25,CREDIT,EXT_10014,2026-09-01 16:54:27.000000,BR_009,0,normal
TXN_000918,ACC_10028,1842.66,DEBIT,EXT_10470,2026-09-01 16:54:33.000000,BR_006,0,normal
TXN_000919,ACC_10005,500.0,DEBIT,EXT_10350,2026-09-01 16:56:59.000000,BR_009,0,normal
TXN_000920,ACC_10031,40398.04,DEBIT,EXT_10370,2026-09-01 16:58:18.000000,BR_009,0,normal
TXN_000921,ACC_10033,5723.63,DEBIT,EXT_10025,2026-09-01 17:00:26.000000,BR_009,0,normal
TXN_000922,ACC_10018,580.0,CREDIT,EXT_10018,2026-09-01 17:03:33.000000,BR_009,0,normal
TXN_000923,ACC_10048,14653.16,TRANSFER,EXT_10126,2026-09-01 17:04:04.000000,BR_009,0,normal
TXN_000924,ACC_10014,7055.01,DEBIT,EXT_10035,2026-09-01 17:04:34.000000,BR_006,0,normal
TXN_000925,ACC_10002,42079.53,TRANSFER,EXT_10139,2026-09-01 17:06:29.000000,BR_009,0,normal
TXN_000926,ACC_10026,1495.61,PAYMENT,EXT_10118,2026-09-01 17:06:31.000000,BR_009,0,normal
TXN_000927,ACC_10008,500.0,CREDIT,EXT_10006,2026-09-01 17:08:56.000000,BR_009,0,normal
TXN_000928,ACC_10042,1217.46,TRANSFER,EXT_10202,2026-09-01 17:12:11.000000,BR_009,0,normal
TXN_000929,ACC_10015,2983.13,DEBIT,EXT_10013,2026-09-01 17:12:41.000000,BR_009,0,normal
TXN_000930,ACC_10017,30409.91,TRANSFER,EXT_10138,2026-09-01 17:14:25.000000,BR_009,1,structuring
TXN_000931,ACC_10017,47053.2,TRANSFER,EXT_10243,2026-09-01 17:17:25.000000,BR_009,1,structuring
TXN_000932,ACC_10031,44297.24,DEBIT,EXT_10285,2026-09-01 17:19:59.000000,BR_009,0,normal
TXN_000933,ACC_10045,823.5,DEBIT,EXT_10300,2026-09-01 17:20:39.000000,BR_009,0,normal
TXN_000934,ACC_10042,5487.58,CREDIT,EXT_10168,2026-09-01 17:22:23.000000,BR_009,0,normal
TXN_000935,ACC_10019,7319.81,TRANSFER,EXT_10117,2026-09-01 17:25:21.000000,BR_009,0,normal
TXN_000936,ACC_10009,3962.76,DEBIT,EXT_10461,2026-09-01 17:25:34.000000,BR_006,0,normal
TXN_000937,ACC_10017,38810.61,TRANSFER,EXT_10304,2026-09-01 17:28:25.000000,BR_009,1,structuring
TXN_000938,ACC_10011,1494.11,TRANSFER,EXT_10233,2026-09-01 17:34:02.000000,BR_009,0,normal
TXN_000939,ACC_10017,47167.04,TRANSFER,EXT_10235,2026-09-01 17:37:25.000000,BR_009,1,structuring
TXN_000940,ACC_10027,67219.89,TRANSFER,EXT_10169,2026-09-01 17:40:09.000000,BR_009,0,normal
TXN_000941,ACC_10029,554.99,DEBIT,EXT_10200,2026-09-01 17:41:20.000000,BR_009,0,normal
TXN_000942,ACC_10017,33758.4,TRANSFER,EXT_10431,2026-09-01 17:41:25.000000,BR_009,1,structuring
TXN_000943,ACC_10027,970.73,DEBIT,EXT_10412,2026-09-01 17:41:59.000000,BR_009,0,normal
TXN_000944,ACC_10019,2636.69,PAYMENT,EXT_10415,2026-09-01 17:43:33.000000,BR_009,0,normal
TXN_000945,ACC_10039,600.07,DEBIT,EXT_10388,2026-09-01 17:44:09.000000,BR_009,0,normal
TXN_000946,ACC_10027,12333.84,DEBIT,EXT_10018,2026-09-01 17:44:47.000000,BR_009,0,normal
TXN_000947,ACC_10033,2616.07,PAYMENT,EXT_10224,2026-09-01 17:57:09.000000,BR_009,0,normal
TXN_000948,ACC_10023,882.25,TRANSFER,EXT_10420,2026-09-01 17:59:19.000000,BR_009,0,normal
TXN_000949,ACC_10002,20770.84,TRANSFER,EXT_10017,2026-09-01 17:59:36.000000,BR_009,0,normal
TXN_000950,ACC_10019,33509.2,TRANSFER,EXT_10022,2026-09-02 09:01:32.000000,BR_009,0,normal
TXN_000951,ACC_10045,9342.3,CREDIT,EXT_10192,2026-09-02 09:04:27.000000,BR_009,0,normal
TXN_000952,ACC_10040,6415.49,DEBIT,EXT_10368,2026-09-02 09:05:04.000000,BR_009,0,normal
TXN_000953,ACC_10029,1596.55,TRANSFER,EXT_10067,2026-09-02 09:05:52.000000,BR_009,0,clean_busy
TXN_000954,ACC_10042,2407.61,CREDIT,EXT_10292,2026-09-02 09:06:36.000000,BR_009,0,normal
TXN_000955,ACC_10029,5414.44,DEBIT,EXT_10476,2026-09-02 09:07:40.000000,BR_009,0,normal
TXN_000956,ACC_10007,500.0,PAYMENT,EXT_10180,2026-09-02 09:09:08.000000,BR_009,0,normal
TXN_000957,ACC_10024,500.0,CREDIT,EXT_10405,2026-09-02 09:11:15.000000,BR_009,0,normal
TXN_000958,ACC_10018,1009.61,CREDIT,EXT_10424,2026-09-02 09:16:30.000000,BR_009,0,normal
TXN_000959,ACC_10045,500.0,PAYMENT,EXT_10269,2026-09-02 09:17:06.000000,BR_009,0,normal
TXN_000960,ACC_10000,8213.47,DEBIT,EXT_10080,2026-09-02 09:20:16.000000,BR_009,0,normal
TXN_000961,ACC_10011,952.26,PAYMENT,EXT_10356,2026-09-02 09:21:26.000000,BR_009,0,normal
TXN_000962,ACC_10048,4170.84,CREDIT,EXT_10298,2026-09-02 09:23:30.000000,BR_009,0,normal
TXN_000963,ACC_10002,3153.44,CREDIT,EXT_10470,2026-09-02 09:25:49.000000,BR_009,0,normal
TXN_000964,ACC_10025,14301.37,DEBIT,EXT_10383,2026-09-02 09:25:51.000000,BR_009,0,normal
TXN_000965,ACC_10015,675.44,DEBIT,EXT_10433,2026-09-02 09:26:43.000000,BR_009,0,normal
TXN_000966,ACC_10000,3950.13,TRANSFER,EXT_10499,2026-09-02 09:27:26.000000,BR_009,0,normal
TXN_000967,ACC_10048,5980.44,CREDIT,EXT_10235,2026-09-02 09:27:29.000000,BR_009,0,normal
TXN_000968,ACC_10000,4167.26,DEBIT,EXT_10445,2026-09-02 09:28:32.000000,BR_009,0,normal
TXN_000969,ACC_10038,7827.29,TRANSFER,EXT_10173,2026-09-02 09:30:06.000000,BR_009,0,normal
TXN_000970,ACC_10030,1870.71,DEBIT,EXT_10478,2026-09-02 09:30:18.000000,BR_009,0,normal
TXN_000971,ACC_10029,500.0,DEBIT,EXT_10374,2026-09-02 09:33:09.000000,BR_009,0,clean_busy
TXN_000972,ACC_10046,5395.56,CREDIT,EXT_10241,2026-09-02 09:34:25.000000,BR_009,0,normal
TXN_000973,ACC_10036,954.02,DEBIT,EXT_10398,2026-09-02 09:37:02.000000,BR_009,0,normal
TXN_000974,ACC_10048,17707.09,DEBIT,EXT_10112,2026-09-02 09:38:04.000000,BR_009,0,normal
TXN_000975,ACC_10029,1944.44,CREDIT,EXT_10341,2026-09-02 09:38:17.000000,BR_009,0,normal
TXN_000976,ACC_10011,42248.45,DEBIT,EXT_10436,2026-09-02 09:39:55.000000,BR_009,0,normal
TXN_000977,ACC_10003,1183.0,DEBIT,EXT_10392,2026-09-02 09:43:15.000000,BR_009,0,normal
TXN_000978,ACC_10042,11935.94,DEBIT,EXT_10411,2026-09-02 09:43:16.000000,BR_009,0,normal
TXN_000979,ACC_10031,955.31,TRANSFER,EXT_10431,2026-09-02 09:43:35.000000,BR_009,0,normal
TXN_000980,ACC_10036,500.0,DEBIT,EXT_10070,2026-09-02 09:43:57.000000,BR_009,0,normal
TXN_000981,ACC_10031,1896.12,CREDIT,EXT_10313,2026-09-02 09:48:20.000000,BR_009,0,normal
TXN_000982,ACC_10040,5146.92,TRANSFER,EXT_10429,2026-09-02 09:48:28.000000,BR_009,0,normal
TXN_000983,ACC_10023,1514.33,TRANSFER,EXT_10156,2026-09-02 09:51:42.000000,BR_009,0,normal
TXN_000984,ACC_10024,2838.95,TRANSFER,EXT_10094,2026-09-02 09:52:41.000000,BR_009,0,normal
TXN_000985,ACC_10040,36810.16,DEBIT,EXT_10062,2026-09-02 09:54:41.000000,BR_009,0,normal
TXN_000986,ACC_10008,2237.45,CREDIT,EXT_10105,2026-09-02 09:54:56.000000,BR_009,0,normal
TXN_000987,ACC_10030,3789.27,DEBIT,EXT_10350,2026-09-02 09:57:51.000000,BR_009,0,normal
TXN_000988,ACC_10020,5527.91,DEBIT,EXT_10045,2026-09-02 09:59:01.000000,BR_009,0,normal
TXN_000989,ACC_10030,1595.2,CREDIT,EXT_10117,2026-09-02 10:00:42.000000,BR_009,0,normal
TXN_000990,ACC_10022,1112.47,CREDIT,EXT_10304,2026-09-02 10:02:55.000000,BR_009,0,normal
TXN_000991,ACC_10034,17931.12,DEBIT,EXT_10171,2026-09-02 10:04:23.000000,BR_009,0,normal
TXN_000992,ACC_10046,1095.94,TRANSFER,EXT_10387,2026-09-02 10:05:08.000000,BR_009,0,normal
TXN_000993,ACC_10043,30452.89,DEBIT,EXT_10142,2026-09-02 10:05:29.000000,BR_009,0,normal
TXN_000994,ACC_10030,5254.24,CREDIT,EXT_10097,2026-09-02 10:05:52.000000,BR_009,0,normal
TXN_000995,ACC_10046,2341.0,CREDIT,EXT_10368,2026-09-02 10:08:54.000000,BR_009,0,normal
TXN_000996,ACC_10027,962.42,PAYMENT,EXT_10049,2026-09-02 10:09:13.000000,BR_009,0,normal
TXN_000997,ACC_10005,500.0,CREDIT,EXT_10431,2026-09-02 10:10:13.000000,BR_009,0,normal
TXN_000998,ACC_10008,200000.0,TRANSFER,EXT_10212,2026-09-02 10:17:26.000000,BR_009,0,normal
TXN_000999,ACC_10032,3859.46,CREDIT,EXT_10072,2026-09-02 10:19:29.000000,BR_009,0,normal
TXN_001000,ACC_10037,3357.87,TRANSFER,EXT_10039,2026-09-02 10:22:45.000000,BR_009,0,normal
TXN_001001,ACC_10029,22222.03,DEBIT,EXT_10111,2026-09-02 10:25:21.000000,BR_009,0,clean_busy
TXN_001002,ACC_10042,4040.78,TRANSFER,EXT_10369,2026-09-02 10:27:03.000000,BR_009,0,normal
TXN_001003,ACC_10007,1039.62,TRANSFER,EXT_10312,2026-09-02 10:27:43.000000,BR_009,0,normal
TXN_001004,ACC_10003,8224.27,TRANSFER,EXT_10446,2026-09-02 10:32:12.000000,BR_009,0,normal
TXN_001005,ACC_10021,734.98,TRANSFER,EXT_10475,2026-09-02 10:32:56.000000,BR_009,0,normal
TXN_001006,ACC_10031,1579.72,DEBIT,EXT_10253,2026-09-02 10:33:25.000000,BR_009,0,normal
TXN_001007,ACC_10016,500.0,TRANSFER,EXT_10256,2026-09-02 10:33:47.000000,BR_009,0,normal
TXN_001008,ACC_10031,1679.24,TRANSFER,EXT_10438,2026-09-02 10:34:12.000000,BR_009,0,normal
TXN_001009,ACC_10007,2181.57,TRANSFER,EXT_10046,2026-09-02 10:36:21.000000,BR_009,0,normal
TXN_001010,ACC_10031,17499.55,DEBIT,EXT_10195,2026-09-02 10:38:27.000000,BR_009,0,normal
TXN_001011,ACC_10019,9689.9,PAYMENT,EXT_10042,2026-09-02 10:39:09.000000,BR_009,0,normal
TXN_001012,ACC_10046,5668.91,DEBIT,EXT_10483,2026-09-02 10:41:38.000000,BR_009,0,normal
TXN_001013,ACC_10018,12364.28,CREDIT,EXT_10281,2026-09-02 10:43:12.000000,BR_009,0,normal
TXN_001014,ACC_10037,3517.97,CREDIT,EXT_10356,2026-09-02 10:43:54.000000,BR_009,0,normal
TXN_001015,ACC_10043,500.0,DEBIT,EXT_10257,2026-09-02 10:46:41.000000,BR_009,0,normal
TXN_001016,ACC_10001,5923.17,TRANSFER,EXT_10303,2026-09-02 10:46:58.000000,BR_009,0,normal
TXN_001017,ACC_10028,8810.59,DEBIT,EXT_10095,2026-09-02 10:49:02.000000,BR_006,0,normal
TXN_001018,ACC_10022,15964.34,TRANSFER,EXT_10294,2026-09-02 10:50:08.000000,BR_009,0,normal
TXN_001019,ACC_10031,3701.36,TRANSFER,EXT_10426,2026-09-02 10:51:37.000000,BR_009,0,normal
TXN_001020,ACC_10033,1162.08,PAYMENT,EXT_10031,2026-09-02 10:56:46.000000,BR_009,0,normal
TXN_001021,ACC_10029,3042.61,CREDIT,EXT_10344,2026-09-02 11:00:20.000000,BR_009,0,normal
TXN_001022,ACC_10029,26362.41,TRANSFER,EXT_10270,2026-09-02 11:03:09.000000,BR_009,0,clean_busy
TXN_001023,ACC_10008,686.28,DEBIT,EXT_10368,2026-09-02 11:05:28.000000,BR_009,0,normal
TXN_001024,ACC_10046,8835.43,CREDIT,EXT_10272,2026-09-02 11:05:35.000000,BR_009,0,normal
TXN_001025,ACC_10023,1545.0,TRANSFER,EXT_10378,2026-09-02 11:08:10.000000,BR_009,0,normal
TXN_001026,ACC_10027,1297.45,TRANSFER,EXT_10251,2026-09-02 11:10:45.000000,BR_009,0,normal
TXN_001027,ACC_10046,18103.62,PAYMENT,EXT_10495,2026-09-02 11:10:53.000000,BR_009,0,normal
TXN_001028,ACC_10000,922.38,TRANSFER,EXT_10433,2026-09-02 11:16:29.000000,BR_009,0,normal
TXN_001029,ACC_10029,1527.07,DEBIT,EXT_10308,2026-09-02 11:16:55.000000,BR_009,0,clean_busy
TXN_001030,ACC_10036,5916.54,TRANSFER,EXT_10317,2026-09-02 11:17:34.000000,BR_009,0,normal
TXN_001031,ACC_10019,1007.8,CREDIT,EXT_10109,2026-09-02 11:18:03.000000,BR_009,0,normal
TXN_001032,ACC_10015,2347.18,TRANSFER,EXT_10212,2026-09-02 11:18:27.000000,BR_009,0,normal
TXN_001033,ACC_10023,5579.41,CREDIT,EXT_10343,2026-09-02 11:19:13.000000,BR_009,0,normal
TXN_001034,ACC_10025,687.0,DEBIT,EXT_10108,2026-09-02 11:22:00.000000,BR_009,0,normal
TXN_001035,ACC_10016,20447.73,DEBIT,EXT_10044,2026-09-02 11:23:12.000000,BR_009,0,normal
TXN_001036,ACC_10029,6347.25,DEBIT,EXT_10344,2026-09-02 11:24:08.000000,BR_009,0,clean_busy
TXN_001037,ACC_10018,4189.94,CREDIT,EXT_10294,2026-09-02 11:25:04.000000,BR_009,0,normal
TXN_001038,ACC_10007,16467.11,TRANSFER,EXT_10364,2026-09-02 11:27:48.000000,BR_009,0,normal
TXN_001039,ACC_10005,25531.48,DEBIT,EXT_10307,2026-09-02 11:30:44.000000,BR_009,0,normal
TXN_001040,ACC_10002,7162.9,DEBIT,EXT_10330,2026-09-02 11:33:11.000000,BR_009,0,normal
TXN_001041,ACC_10029,20915.97,DEBIT,EXT_10453,2026-09-02 11:37:12.000000,BR_009,0,clean_busy
TXN_001042,ACC_10033,1351.06,PAYMENT,EXT_10016,2026-09-02 11:41:13.000000,BR_009,0,normal
TXN_001043,ACC_10037,6048.2,CREDIT,EXT_10389,2026-09-02 11:41:17.000000,BR_009,0,normal
TXN_001044,ACC_10039,1808.61,CREDIT,EXT_10454,2026-09-02 11:47:43.000000,BR_009,0,normal
TXN_001045,ACC_10002,2160.14,CREDIT,EXT_10300,2026-09-02 11:48:19.000000,BR_009,0,normal
TXN_001046,ACC_10008,582.81,DEBIT,EXT_10144,2026-09-02 11:48:55.000000,BR_009,0,normal
TXN_001047,ACC_10000,1510.98,DEBIT,EXT_10162,2026-09-02 11:49:23.000000,BR_009,0,normal
TXN_001048,ACC_10041,2062.43,DEBIT,EXT_10192,2026-09-02 11:51:10.000000,BR_009,0,normal
TXN_001049,ACC_10029,6167.52,TRANSFER,EXT_10370,2026-09-02 11:52:19.000000,BR_009,0,clean_busy
TXN_001050,ACC_10001,1301.18,TRANSFER,EXT_10250,2026-09-02 11:52:29.000000,BR_009,0,normal
TXN_001051,ACC_10029,1480.45,CREDIT,EXT_10489,2026-09-02 11:53:00.000000,BR_009,0,clean_busy
TXN_001052,ACC_10024,5276.79,TRANSFER,EXT_10242,2026-09-02 11:59:05.000000,BR_009,0,normal
TXN_001053,ACC_10036,18646.86,DEBIT,EXT_10441,2026-09-02 12:01:20.000000,BR_009,0,normal
TXN_001054,ACC_10027,7677.23,TRANSFER,EXT_10295,2026-09-02 12:03:33.000000,BR_009,0,normal
TXN_001055,ACC_10023,17897.42,DEBIT,EXT_10297,2026-09-02 12:03:34.000000,BR_009,0,normal
TXN_001056,ACC_10018,9291.4,TRANSFER,EXT_10286,2026-09-02 12:03:36.000000,BR_009,0,normal
TXN_001057,ACC_10006,6440.39,DEBIT,EXT_10355,2026-09-02 12:04:22.000000,BR_009,0,normal
TXN_001058,ACC_10020,8551.05,DEBIT,EXT_10173,2026-09-02 12:08:24.000000,BR_009,0,normal
TXN_001059,ACC_10030,822.5,TRANSFER,EXT_10339,2026-09-02 12:17:17.000000,BR_009,0,normal
TXN_001060,ACC_10039,4314.07,PAYMENT,EXT_10197,2026-09-02 12:18:14.000000,BR_009,0,normal
TXN_001061,ACC_10002,500.0,TRANSFER,EXT_10036,2026-09-02 12:19:14.000000,BR_009,0,normal
TXN_001062,ACC_10035,7117.0,DEBIT,EXT_10013,2026-09-02 12:23:26.000000,BR_009,0,normal
TXN_001063,ACC_10004,5354.11,PAYMENT,EXT_10236,2026-09-02 12:24:19.000000,BR_009,0,normal
TXN_001064,ACC_10012,933.43,CREDIT,EXT_10011,2026-09-02 12:28:48.000000,BR_009,0,normal
TXN_001065,ACC_10003,500.0,TRANSFER,EXT_10240,2026-09-02 12:30:16.000000,BR_009,0,normal
TXN_001066,ACC_10037,5093.66,DEBIT,EXT_10332,2026-09-02 12:31:04.000000,BR_009,0,normal
TXN_001067,ACC_10005,1131.69,CREDIT,EXT_10338,2026-09-02 12:35:04.000000,BR_009,0,normal
TXN_001068,ACC_10024,7581.46,PAYMENT,EXT_10385,2026-09-02 12:37:26.000000,BR_009,0,normal
TXN_001069,ACC_10029,934.88,PAYMENT,EXT_10180,2026-09-02 12:38:13.000000,BR_009,0,clean_busy
TXN_001070,ACC_10026,2321.56,DEBIT,EXT_10019,2026-09-02 12:38:32.000000,BR_009,0,normal
TXN_001071,ACC_10025,2768.73,TRANSFER,EXT_10244,2026-09-02 12:39:03.000000,BR_009,0,normal
TXN_001072,ACC_10001,4197.79,DEBIT,EXT_10095,2026-09-02 12:43:33.000000,BR_009,0,normal
TXN_001073,ACC_10029,500.0,CREDIT,EXT_10094,2026-09-02 12:47:55.000000,BR_009,0,clean_busy
TXN_001074,ACC_10045,9674.52,CREDIT,EXT_10390,2026-09-02 12:50:00.000000,BR_009,0,normal
TXN_001075,ACC_10023,547.78,DEBIT,EXT_10351,2026-09-02 12:50:34.000000,BR_009,0,normal
TXN_001076,ACC_10025,2209.6,CREDIT,EXT_10104,2026-09-02 12:51:44.000000,BR_009,0,normal
TXN_001077,ACC_10044,1363.42,TRANSFER,EXT_10200,2026-09-02 12:53:24.000000,BR_009,0,normal
TXN_001078,ACC_10008,95624.74,DEBIT,EXT_10175,2026-09-02 12:54:50.000000,BR_009,0,normal
TXN_001079,ACC_10032,3374.35,DEBIT,EXT_10372,2026-09-02 12:59:03.000000,BR_009,0,normal
TXN_001080,ACC_10037,15834.46,DEBIT,EXT_10213,2026-09-02 12:59:40.000000,BR_009,0,normal
TXN_001081,ACC_10036,601.4,TRANSFER,EXT_10147,2026-09-02 13:03:23.000000,BR_009,0,normal
TXN_001082,ACC_10031,4139.94,TRANSFER,EXT_10396,2026-09-02 13:07:22.000000,BR_009,0,normal
TXN_001083,ACC_10032,10405.11,DEBIT,EXT_10430,2026-09-02 13:12:31.000000,BR_009,0,normal
TXN_001084,ACC_10029,9567.04,PAYMENT,EXT_10025,2026-09-02 13:12:48.000000,BR_009,0,clean_busy
TXN_001085,ACC_10011,6461.8,TRANSFER,EXT_10254,2026-09-02 13:14:33.000000,BR_009,0,normal
TXN_001086,ACC_10015,6376.69,CREDIT,EXT_10137,2026-09-02 13:16:26.000000,BR_009,0,normal
TXN_001087,ACC_10005,5109.69,DEBIT,EXT_10228,2026-09-02 13:16:51.000000,BR_009,0,normal
TXN_001088,ACC_10015,16474.21,TRANSFER,EXT_10178,2026-09-02 13:18:13.000000,BR_009,0,normal
TXN_001089,ACC_10026,500.0,TRANSFER,EXT_10010,2026-09-02 13:18:40.000000,BR_009,0,normal
TXN_001090,ACC_10025,45792.51,TRANSFER,EXT_10457,2026-09-02 13:24:55.000000,BR_009,0,normal
TXN_001091,ACC_10029,1030.83,CREDIT,EXT_10018,2026-09-02 13:26:44.000000,BR_009,0,clean_busy
TXN_001092,ACC_10004,2054.5,CREDIT,EXT_10288,2026-09-02 13:29:13.000000,BR_009,0,normal
TXN_001093,ACC_10004,16367.38,DEBIT,EXT_10436,2026-09-02 13:30:56.000000,BR_009,0,normal
TXN_001094,ACC_10031,26136.8,CREDIT,EXT_10452,2026-09-02 13:31:30.000000,BR_009,0,normal
TXN_001095,ACC_10037,19743.15,DEBIT,EXT_10172,2026-09-02 13:34:56.000000,BR_009,0,normal
TXN_001096,ACC_10024,8370.49,DEBIT,EXT_10361,2026-09-02 13:36:26.000000,BR_009,0,normal
TXN_001097,ACC_10027,826.59,CREDIT,EXT_10100,2026-09-02 13:37:01.000000,BR_009,0,normal
TXN_001098,ACC_10003,2045.14,DEBIT,EXT_10195,2026-09-02 13:37:18.000000,BR_009,0,normal
TXN_001099,ACC_10004,2292.68,PAYMENT,EXT_10398,2026-09-02 13:39:14.000000,BR_009,0,normal
TXN_001100,ACC_10032,500.0,DEBIT,EXT_10205,2026-09-02 13:39:51.000000,BR_009,0,normal
TXN_001101,ACC_10029,21373.54,DEBIT,EXT_10485,2026-09-02 13:40:30.000000,BR_009,0,clean_busy
TXN_001102,ACC_10029,4233.17,DEBIT,EXT_10197,2026-09-02 13:42:33.000000,BR_009,0,normal
TXN_001103,ACC_10018,5891.36,TRANSFER,EXT_10207,2026-09-02 13:44:41.000000,BR_009,0,normal
TXN_001104,ACC_10002,13792.51,DEBIT,EXT_10023,2026-09-02 13:44:56.000000,BR_009,0,normal
TXN_001105,ACC_10008,1332.86,PAYMENT,EXT_10006,2026-09-02 13:48:33.000000,BR_009,0,normal
TXN_001106,ACC_10038,1069.02,CREDIT,EXT_10363,2026-09-02 13:49:43.000000,BR_009,0,normal
TXN_001107,ACC_10005,15055.6,TRANSFER,EXT_10485,2026-09-02 13:50:23.000000,BR_009,0,normal
TXN_001108,ACC_10003,3018.91,CREDIT,EXT_10222,2026-09-02 13:52:53.000000,BR_009,0,normal
TXN_001109,ACC_10043,2191.38,DEBIT,EXT_10272,2026-09-02 13:53:44.000000,BR_009,0,normal
TXN_001110,ACC_10029,1578.27,CREDIT,EXT_10435,2026-09-02 13:55:00.000000,BR_009,0,normal
TXN_001111,ACC_10048,1578.68,TRANSFER,EXT_10460,2026-09-02 13:57:06.000000,BR_009,0,normal
TXN_001112,ACC_10029,4979.32,TRANSFER,EXT_10195,2026-09-02 13:57:22.000000,BR_009,0,clean_busy
TXN_001113,ACC_10003,6426.6,CREDIT,EXT_10316,2026-09-02 13:59:33.000000,BR_009,0,normal
TXN_001114,ACC_10005,12231.99,DEBIT,EXT_10307,2026-09-02 14:03:46.000000,BR_009,0,normal
TXN_001115,ACC_10035,8294.57,CREDIT,EXT_10390,2026-09-02 14:03:52.000000,BR_009,0,normal
TXN_001116,ACC_10049,8957.35,TRANSFER,EXT_10434,2026-09-02 14:10:52.000000,BR_006,0,normal
TXN_001117,ACC_10027,3129.04,CREDIT,EXT_10442,2026-09-02 14:13:17.000000,BR_009,0,normal
TXN_001118,ACC_10015,14578.55,CREDIT,EXT_10011,2026-09-02 14:17:51.000000,BR_009,0,normal
TXN_001119,ACC_10025,1811.3,DEBIT,EXT_10454,2026-09-02 14:22:29.000000,BR_009,0,normal
TXN_001120,ACC_10018,4178.99,CREDIT,EXT_10406,2026-09-02 14:22:54.000000,BR_009,0,normal
TXN_001121,ACC_10035,96536.51,TRANSFER,EXT_10207,2026-09-02 14:24:01.000000,BR_009,0,normal
TXN_001122,ACC_10009,15800.74,DEBIT,EXT_10380,2026-09-02 14:26:44.000000,BR_006,0,normal
TXN_001123,ACC_10016,3357.88,DEBIT,EXT_10390,2026-09-02 14:29:18.000000,BR_009,0,normal
TXN_001124,ACC_10015,31685.27,CREDIT,EXT_10116,2026-09-02 14:35:13.000000,BR_009,0,normal
TXN_001125,ACC_10021,6176.44,TRANSFER,EXT_10449,2026-09-02 14:35:47.000000,BR_009,0,normal
TXN_001126,ACC_10018,22341.51,DEBIT,EXT_10407,2026-09-02 14:36:11.000000,BR_009,0,normal
TXN_001127,ACC_10029,1518.27,DEBIT,EXT_10324,2026-09-02 14:40:04.000000,BR_009,0,clean_busy
TXN_001128,ACC_10040,38212.6,TRANSFER,EXT_10341,2026-09-02 14:40:28.000000,BR_009,0,normal
TXN_001129,ACC_10026,6177.38,DEBIT,EXT_10354,2026-09-02 14:41:02.000000,BR_009,0,normal
TXN_001130,ACC_10040,1579.07,TRANSFER,EXT_10479,2026-09-02 14:44:08.000000,BR_009,0,normal
TXN_001131,ACC_10047,24001.52,PAYMENT,EXT_10211,2026-09-02 14:51:32.000000,BR_009,0,normal
TXN_001132,ACC_10029,500.0,DEBIT,EXT_10302,2026-09-02 14:53:07.000000,BR_009,0,clean_busy
TXN_001133,ACC_10034,26624.56,CREDIT,EXT_10187,2026-09-02 14:54:05.000000,BR_009,0,normal
TXN_001134,ACC_10029,1391.05,TRANSFER,EXT_10442,2026-09-02 14:54:46.000000,BR_009,0,clean_busy
TXN_001135,ACC_10034,4687.44,CREDIT,EXT_10348,2026-09-02 14:56:02.000000,BR_009,0,normal
TXN_001136,ACC_10021,32357.34,PAYMENT,EXT_10197,2026-09-02 14:57:02.000000,BR_009,0,normal
TXN_001137,ACC_10031,5339.76,CREDIT,EXT_10257,2026-09-02 14:57:46.000000,BR_009,0,normal
TXN_001138,ACC_10031,6525.74,DEBIT,EXT_10051,2026-09-02 15:00:08.000000,BR_009,0,normal
TXN_001139,ACC_10049,11783.53,CREDIT,EXT_10409,2026-09-02 15:03:10.000000,BR_006,0,normal
TXN_001140,ACC_10028,1039.13,CREDIT,EXT_10415,2026-09-02 15:07:17.000000,BR_006,0,normal
TXN_001141,ACC_10003,200000.0,PAYMENT,EXT_10468,2026-09-02 15:08:37.000000,BR_009,0,normal
TXN_001142,ACC_10023,8738.05,TRANSFER,EXT_10002,2026-09-02 15:10:20.000000,BR_009,0,normal
TXN_001143,ACC_10016,500.0,PAYMENT,EXT_10286,2026-09-02 15:11:18.000000,BR_009,0,normal
TXN_001144,ACC_10018,4752.6,DEBIT,EXT_10437,2026-09-02 15:12:49.000000,BR_009,0,normal
TXN_001145,ACC_10004,656.83,TRANSFER,EXT_10496,2026-09-02 15:16:19.000000,BR_009,0,normal
TXN_001146,ACC_10019,3246.96,TRANSFER,EXT_10057,2026-09-02 15:17:11.000000,BR_009,0,normal
TXN_001147,ACC_10044,13035.18,DEBIT,EXT_10061,2026-09-02 15:18:33.000000,BR_009,0,normal
TXN_001148,ACC_10042,14093.44,DEBIT,EXT_10309,2026-09-02 15:18:53.000000,BR_009,0,normal
TXN_001149,ACC_10025,1518.55,CREDIT,EXT_10393,2026-09-02 15:20:01.000000,BR_009,0,normal
TXN_001150,ACC_10015,810.44,CREDIT,EXT_10232,2026-09-02 15:20:51.000000,BR_009,0,normal
TXN_001151,ACC_10025,5449.44,PAYMENT,EXT_10213,2026-09-02 15:21:21.000000,BR_009,0,normal
TXN_001152,ACC_10011,4447.71,TRANSFER,EXT_10026,2026-09-02 15:21:24.000000,BR_009,0,normal
TXN_001153,ACC_10040,4155.38,CREDIT,EXT_10104,2026-09-02 15:22:13.000000,BR_009,0,normal
TXN_001154,ACC_10031,78206.96,DEBIT,EXT_10270,2026-09-02 15:25:56.000000,BR_009,0,normal
TXN_001155,ACC_10011,1484.72,CREDIT,EXT_10036,2026-09-02 15:26:21.000000,BR_009,0,normal
TXN_001156,ACC_10033,43934.17,DEBIT,EXT_10425,2026-09-02 15:26:39.000000,BR_009,0,normal
TXN_001157,ACC_10016,13000.94,TRANSFER,EXT_10051,2026-09-02 15:28:03.000000,BR_009,0,normal
TXN_001158,ACC_10020,2617.07,DEBIT,EXT_10293,2026-09-02 15:29:13.000000,BR_009,0,normal
TXN_001159,ACC_10029,525.54,TRANSFER,EXT_10038,2026-09-02 15:32:03.000000,BR_009,0,normal
TXN_001160,ACC_10027,38485.22,CREDIT,EXT_10000,2026-09-02 15:34:43.000000,BR_009,0,normal
TXN_001161,ACC_10031,500.0,DEBIT,EXT_10351,2026-09-02 15:35:27.000000,BR_009,0,normal
TXN_001162,ACC_10042,5308.02,DEBIT,EXT_10470,2026-09-02 15:40:05.000000,BR_009,0,normal
TXN_001163,ACC_10013,1337.25,CREDIT,EXT_10132,2026-09-02 15:40:33.000000,BR_006,0,normal
TXN_001164,ACC_10008,19902.31,CREDIT,EXT_10468,2026-09-02 15:43:04.000000,BR_009,0,normal
TXN_001165,ACC_10005,2160.38,DEBIT,EXT_10352,2026-09-02 15:44:48.000000,BR_009,0,normal
TXN_001166,ACC_10030,5399.48,TRANSFER,EXT_10473,2026-09-02 15:44:56.000000,BR_009,0,normal
TXN_001167,ACC_10043,3052.27,DEBIT,EXT_10154,2026-09-02 15:45:50.000000,BR_009,0,normal
TXN_001168,ACC_10032,169320.29,TRANSFER,ACC_10009,2026-09-02 15:48:01.000000,BR_009,1,circular_transfer
TXN_001169,ACC_10030,10228.01,DEBIT,EXT_10342,2026-09-02 15:48:28.000000,BR_009,0,normal
TXN_001170,ACC_10042,11457.51,TRANSFER,EXT_10406,2026-09-02 15:51:32.000000,BR_009,0,normal
TXN_001171,ACC_10024,2589.27,PAYMENT,EXT_10492,2026-09-02 15:53:06.000000,BR_009,0,normal
TXN_001172,ACC_10026,11626.43,TRANSFER,EXT_10495,2026-09-02 15:54:08.000000,BR_009,0,normal
TXN_001173,ACC_10019,1694.73,DEBIT,EXT_10092,2026-09-02 15:55:16.000000,BR_009,0,normal
TXN_001174,ACC_10019,1578.56,DEBIT,EXT_10025,2026-09-02 15:55:19.000000,BR_009,0,normal
TXN_001175,ACC_10018,2064.01,CREDIT,EXT_10303,2026-09-02 15:56:19.000000,BR_009,0,normal
TXN_001176,ACC_10020,500.0,CREDIT,EXT_10042,2026-09-02 16:05:40.000000,BR_009,0,normal
TXN_001177,ACC_10043,1112.04,TRANSFER,EXT_10045,2026-09-02 16:07:07.000000,BR_009,0,normal
TXN_001178,ACC_10000,43579.18,DEBIT,EXT_10006,2026-09-02 16:09:13.000000,BR_009,0,normal
TXN_001179,ACC_10009,169320.29,TRANSFER,ACC_10034,2026-09-02 16:10:01.000000,BR_006,1,circular_transfer
TXN_001180,ACC_10029,2155.53,PAYMENT,EXT_10063,2026-09-02 16:10:06.000000,BR_009,0,clean_busy
TXN_001181,ACC_10029,1672.73,DEBIT,EXT_10372,2026-09-02 16:12:27.000000,BR_009,0,clean_busy
TXN_001182,ACC_10034,4317.88,DEBIT,EXT_10034,2026-09-02 16:14:35.000000,BR_009,0,normal
TXN_001183,ACC_10007,12751.88,CREDIT,EXT_10235,2026-09-02 16:16:15.000000,BR_009,0,normal
TXN_001184,ACC_10029,500.0,CREDIT,EXT_10488,2026-09-02 16:17:23.000000,BR_009,0,clean_busy
TXN_001185,ACC_10031,6674.03,PAYMENT,EXT_10165,2026-09-02 16:19:45.000000,BR_009,0,normal
TXN_001186,ACC_10003,4621.42,PAYMENT,EXT_10382,2026-09-02 16:19:57.000000,BR_009,0,normal
TXN_001187,ACC_10029,5837.46,PAYMENT,EXT_10304,2026-09-02 16:20:20.000000,BR_009,0,clean_busy
TXN_001188,ACC_10037,3582.7,TRANSFER,EXT_10157,2026-09-02 16:23:02.000000,BR_009,0,normal
TXN_001189,ACC_10015,500.0,CREDIT,EXT_10093,2026-09-02 16:28:08.000000,BR_009,0,normal
TXN_001190,ACC_10025,14620.71,PAYMENT,EXT_10187,2026-09-02 16:29:28.000000,BR_009,0,normal
TXN_001191,ACC_10013,613.3,DEBIT,EXT_10411,2026-09-02 16:32:20.000000,BR_006,0,normal
TXN_001192,ACC_10007,500.0,DEBIT,EXT_10036,2026-09-02 16:33:30.000000,BR_009,0,normal
TXN_001193,ACC_10048,23710.03,TRANSFER,EXT_10499,2026-09-02 16:46:11.000000,BR_009,0,normal
TXN_001194,ACC_10027,19133.34,CREDIT,EXT_10492,2026-09-02 16:48:11.000000,BR_009,0,normal
TXN_001195,ACC_10031,34745.35,DEBIT,EXT_10114,2026-09-02 16:50:28.000000,BR_009,0,normal
TXN_001196,ACC_10029,1472.82,TRANSFER,EXT_10029,2026-09-02 16:52:04.000000,BR_009,0,clean_busy
TXN_001197,ACC_10046,1656.57,TRANSFER,EXT_10266,2026-09-02 16:52:07.000000,BR_009,0,normal
TXN_001198,ACC_10033,9810.45,CREDIT,EXT_10382,2026-09-02 16:53:48.000000,BR_009,0,normal
TXN_001199,ACC_10020,662.93,TRANSFER,EXT_10092,2026-09-02 16:54:30.000000,BR_009,0,normal
TXN_001200,ACC_10006,6582.38,PAYMENT,EXT_10411,2026-09-02 16:55:26.000000,BR_009,0,normal
TXN_001201,ACC_10000,5517.12,CREDIT,EXT_10007,2026-09-02 16:56:12.000000,BR_009,0,normal
TXN_001202,ACC_10024,3816.41,DEBIT,EXT_10053,2026-09-02 16:57:21.000000,BR_009,0,normal
TXN_001203,ACC_10015,592.19,PAYMENT,EXT_10397,2026-09-02 16:58:41.000000,BR_009,0,normal
TXN_001204,ACC_10027,5852.9,DEBIT,EXT_10466,2026-09-02 17:01:41.000000,BR_009,0,normal
TXN_001205,ACC_10043,8399.92,TRANSFER,EXT_10045,2026-09-02 17:04:38.000000,BR_009,0,normal
TXN_001206,ACC_10006,2192.26,DEBIT,EXT_10064,2026-09-02 17:04:42.000000,BR_009,0,normal
TXN_001207,ACC_10029,1175.39,CREDIT,EXT_10027,2026-09-02 17:05:17.000000,BR_009,0,clean_busy
TXN_001208,ACC_10022,7652.15,PAYMENT,EXT_10306,2026-09-02 17:05:34.000000,BR_009,0,normal
TXN_001209,ACC_10034,169320.29,TRANSFER,ACC_10032,2026-09-02 17:06:01.000000,BR_009,1,circular_transfer
TXN_001210,ACC_10001,900.19,TRANSFER,EXT_10013,2026-09-02 17:09:28.000000,BR_009,0,normal
TXN_001211,ACC_10023,49963.31,TRANSFER,EXT_10460,2026-09-02 17:10:26.000000,BR_009,0,normal
TXN_001212,ACC_10024,1200.68,CREDIT,EXT_10397,2026-09-02 17:10:42.000000,BR_009,0,normal
TXN_001213,ACC_10034,9398.3,DEBIT,EXT_10159,2026-09-02 17:17:48.000000,BR_009,0,normal
TXN_001214,ACC_10040,4974.29,TRANSFER,EXT_10327,2026-09-02 17:17:51.000000,BR_009,0,normal
TXN_001215,ACC_10029,2318.35,DEBIT,EXT_10440,2026-09-02 17:18:08.000000,BR_009,0,clean_busy
TXN_001216,ACC_10016,1277.0,TRANSFER,EXT_10357,2026-09-02 17:18:26.000000,BR_009,0,normal
TXN_001217,ACC_10025,19001.85,DEBIT,EXT_10201,2026-09-02 17:18:40.000000,BR_009,0,normal
TXN_001218,ACC_10006,38957.38,CREDIT,EXT_10443,2026-09-02 17:19:31.000000,BR_009,0,normal
TXN_001219,ACC_10042,153537.7,CREDIT,EXT_10174,2026-09-02 17:21:39.000000,BR_009,0,normal
TXN_001220,ACC_10049,500.0,DEBIT,EXT_10234,2026-09-02 17:21:48.000000,BR_006,0,normal
TXN_001221,ACC_10039,30500.33,DEBIT,EXT_10144,2026-09-02 17:23:03.000000,BR_009,0,normal
TXN_001222,ACC_10000,1016.39,DEBIT,EXT_10190,2026-09-02 17:23:35.000000,BR_009,0,normal
TXN_001223,ACC_10035,4914.83,TRANSFER,EXT_10134,2026-09-02 17:24:54.000000,BR_009,0,normal
TXN_001224,ACC_10047,4235.51,DEBIT,EXT_10235,2026-09-02 17:26:08.000000,BR_009,0,normal
TXN_001225,ACC_10039,1896.08,DEBIT,EXT_10240,2026-09-02 17:26:20.000000,BR_009,0,normal
TXN_001226,ACC_10009,1888.12,DEBIT,EXT_10256,2026-09-02 17:26:32.000000,BR_006,0,normal
TXN_001227,ACC_10049,2563.28,TRANSFER,EXT_10072,2026-09-02 17:28:00.000000,BR_006,0,normal
TXN_001228,ACC_10045,42170.23,DEBIT,EXT_10404,2026-09-02 17:28:46.000000,BR_009,0,normal
TXN_001229,ACC_10040,2660.45,DEBIT,EXT_10067,2026-09-02 17:29:21.000000,BR_009,0,normal
TXN_001230,ACC_10020,11107.41,PAYMENT,EXT_10148,2026-09-02 17:32:12.000000,BR_009,0,normal
TXN_001231,ACC_10024,26905.15,DEBIT,EXT_10491,2026-09-02 17:32:13.000000,BR_009,0,normal
TXN_001232,ACC_10036,1164.64,CREDIT,EXT_10420,2026-09-02 17:32:43.000000,BR_009,0,normal
TXN_001233,ACC_10002,993.99,CREDIT,EXT_10132,2026-09-02 17:35:36.000000,BR_009,0,normal
TXN_001234,ACC_10023,3867.24,DEBIT,EXT_10377,2026-09-02 17:36:25.000000,BR_009,0,normal
TXN_001235,ACC_10008,2383.59,CREDIT,EXT_10355,2026-09-02 17:37:59.000000,BR_009,0,normal
TXN_001236,ACC_10048,5013.6,CREDIT,EXT_10459,2026-09-02 17:41:05.000000,BR_009,0,normal
TXN_001237,ACC_10015,3672.46,DEBIT,EXT_10394,2026-09-02 17:45:34.000000,BR_009,0,normal
TXN_001238,ACC_10019,903.84,CREDIT,EXT_10443,2026-09-02 17:47:09.000000,BR_009,0,normal
TXN_001239,ACC_10029,500.0,CREDIT,EXT_10140,2026-09-02 17:53:18.000000,BR_009,0,clean_busy
TXN_001240,ACC_10034,616.67,TRANSFER,EXT_10023,2026-09-02 17:53:36.000000,BR_009,0,normal
TXN_001241,ACC_10008,941.08,CREDIT,EXT_10008,2026-09-02 17:56:12.000000,BR_009,0,normal
TXN_001242,ACC_10017,3483.96,DEBIT,EXT_10157,2026-09-02 17:57:26.000000,BR_009,0,normal
TXN_001243,ACC_10027,1496.16,TRANSFER,EXT_10173,2026-09-03 09:04:11.000000,BR_009,0,normal
TXN_001244,ACC_10039,6645.81,CREDIT,EXT_10108,2026-09-03 09:04:45.000000,BR_009,0,normal
TXN_001245,ACC_10003,7378.85,CREDIT,EXT_10091,2026-09-03 09:07:35.000000,BR_009,0,normal
TXN_001246,ACC_10040,14298.54,CREDIT,EXT_10472,2026-09-03 09:07:59.000000,BR_009,0,normal
TXN_001247,ACC_10008,8598.29,TRANSFER,EXT_10078,2026-09-03 09:10:48.000000,BR_009,0,normal
TXN_001248,ACC_10028,1552.35,CREDIT,EXT_10369,2026-09-03 09:11:55.000000,BR_006,0,normal
TXN_001249,ACC_10004,28728.95,DEBIT,EXT_10046,2026-09-03 09:19:10.000000,BR_009,0,normal
TXN_001250,ACC_10027,2827.84,TRANSFER,EXT_10056,2026-09-03 09:19:34.000000,BR_009,0,normal
TXN_001251,ACC_10029,1129.55,CREDIT,EXT_10142,2026-09-03 09:22:36.000000,BR_009,0,normal
TXN_001252,ACC_10006,852.59,PAYMENT,EXT_10300,2026-09-03 09:25:37.000000,BR_009,0,normal
TXN_001253,ACC_10031,890.32,PAYMENT,EXT_10307,2026-09-03 09:27:11.000000,BR_009,0,normal
TXN_001254,ACC_10023,1207.43,CREDIT,EXT_10094,2026-09-03 09:28:32.000000,BR_009,0,normal
TXN_001255,ACC_10029,2972.11,TRANSFER,EXT_10164,2026-09-03 09:32:02.000000,BR_009,0,normal
TXN_001256,ACC_10049,3346.8,DEBIT,EXT_10387,2026-09-03 09:34:43.000000,BR_006,0,normal
TXN_001257,ACC_10042,17490.6,TRANSFER,EXT_10042,2026-09-03 09:35:41.000000,BR_009,0,normal
TXN_001258,ACC_10043,47988.97,CREDIT,EXT_10473,2026-09-03 09:37:51.000000,BR_009,0,normal
TXN_001259,ACC_10042,3030.35,DEBIT,EXT_10193,2026-09-03 09:39:07.000000,BR_009,0,normal
TXN_001260,ACC_10034,7878.93,DEBIT,EXT_10354,2026-09-03 09:39:31.000000,BR_009,0,normal
TXN_001261,ACC_10046,1726.77,TRANSFER,EXT_10167,2026-09-03 09:39:48.000000,BR_009,0,normal
TXN_001262,ACC_10024,9562.35,DEBIT,EXT_10276,2026-09-03 09:40:36.000000,BR_009,0,normal
TXN_001263,ACC_10031,6762.89,TRANSFER,EXT_10094,2026-09-03 09:42:26.000000,BR_009,0,normal
TXN_001264,ACC_10028,3837.16,CREDIT,EXT_10442,2026-09-03 09:43:29.000000,BR_006,0,normal
TXN_001265,ACC_10023,5553.53,CREDIT,EXT_10105,2026-09-03 09:44:21.000000,BR_009,0,normal
TXN_001266,ACC_10041,500.0,CREDIT,EXT_10023,2026-09-03 09:47:00.000000,BR_009,0,normal
TXN_001267,ACC_10008,5840.64,DEBIT,EXT_10470,2026-09-03 09:50:26.000000,BR_009,0,normal
TXN_001268,ACC_10012,9519.34,TRANSFER,EXT_10254,2026-09-03 09:50:58.000000,BR_009,0,normal
TXN_001269,ACC_10047,2754.96,CREDIT,EXT_10053,2026-09-03 09:52:37.000000,BR_009,0,normal
TXN_001270,ACC_10015,865.02,DEBIT,EXT_10451,2026-09-03 09:54:12.000000,BR_009,0,normal
TXN_001271,ACC_10000,4784.02,DEBIT,EXT_10045,2026-09-03 09:54:39.000000,BR_009,0,normal
TXN_001272,ACC_10037,500.0,DEBIT,EXT_10459,2026-09-03 09:57:05.000000,BR_009,0,normal
TXN_001273,ACC_10010,10959.55,TRANSFER,EXT_10112,2026-09-03 09:57:09.000000,BR_006,0,normal
TXN_001274,ACC_10015,200000.0,PAYMENT,EXT_10198,2026-09-03 09:59:05.000000,BR_009,0,normal
TXN_001275,ACC_10016,15945.52,CREDIT,EXT_10379,2026-09-03 10:00:12.000000,BR_009,0,normal
TXN_001276,ACC_10043,3429.58,TRANSFER,EXT_10393,2026-09-03 10:01:37.000000,BR_009,0,normal
TXN_001277,ACC_10037,2912.8,CREDIT,EXT_10242,2026-09-03 10:02:11.000000,BR_009,0,normal
TXN_001278,ACC_10024,23820.38,CREDIT,EXT_10167,2026-09-03 10:05:06.000000,BR_009,0,normal
TXN_001279,ACC_10034,2167.97,PAYMENT,EXT_10105,2026-09-03 10:09:51.000000,BR_009,0,normal
TXN_001280,ACC_10022,669.5,DEBIT,EXT_10102,2026-09-03 10:10:51.000000,BR_009,0,normal
TXN_001281,ACC_10023,3464.14,CREDIT,EXT_10172,2026-09-03 10:13:30.000000,BR_009,0,normal
TXN_001282,ACC_10002,20277.22,DEBIT,EXT_10463,2026-09-03 10:14:20.000000,BR_009,0,normal
TXN_001283,ACC_10000,923.73,DEBIT,EXT_10495,2026-09-03 10:16:56.000000,BR_009,0,normal
TXN_001284,ACC_10022,701.58,TRANSFER,EXT_10446,2026-09-03 10:19:11.000000,BR_009,0,normal
TXN_001285,ACC_10027,878.59,TRANSFER,EXT_10205,2026-09-03 10:20:57.000000,BR_009,0,normal
TXN_001286,ACC_10021,838.1,CREDIT,EXT_10370,2026-09-03 10:22:05.000000,BR_009,0,normal
TXN_001287,ACC_10029,500.0,PAYMENT,EXT_10243,2026-09-03 10:22:40.000000,BR_009,0,normal
TXN_001288,ACC_10012,500.0,TRANSFER,EXT_10482,2026-09-03 10:24:03.000000,BR_009,0,normal
TXN_001289,ACC_10041,10252.82,TRANSFER,EXT_10149,2026-09-03 10:28:26.000000,BR_009,0,normal
TXN_001290,ACC_10008,12425.15,CREDIT,EXT_10007,2026-09-03 10:30:27.000000,BR_009,0,normal
TXN_001291,ACC_10018,13639.59,DEBIT,EXT_10364,2026-09-03 10:31:38.000000,BR_009,0,normal
TXN_001292,ACC_10021,1432.37,CREDIT,EXT_10477,2026-09-03 10:32:12.000000,BR_009,0,normal
TXN_001293,ACC_10033,3160.95,TRANSFER,EXT_10044,2026-09-03 10:35:43.000000,BR_009,0,normal
TXN_001294,ACC_10032,5085.2,CREDIT,EXT_10241,2026-09-03 10:36:15.000000,BR_009,0,normal
TXN_001295,ACC_10046,2087.63,TRANSFER,EXT_10267,2026-09-03 10:38:39.000000,BR_009,0,normal
TXN_001296,ACC_10045,12167.14,PAYMENT,EXT_10333,2026-09-03 10:42:30.000000,BR_009,0,normal
TXN_001297,ACC_10001,5655.54,TRANSFER,EXT_10263,2026-09-03 10:42:33.000000,BR_009,0,normal
TXN_001298,ACC_10049,6401.36,DEBIT,EXT_10488,2026-09-03 10:46:49.000000,BR_006,0,normal
TXN_001299,ACC_10045,2849.4,DEBIT,EXT_10282,2026-09-03 10:47:04.000000,BR_009,0,normal
TXN_001300,ACC_10039,9894.52,CREDIT,EXT_10363,2026-09-03 10:47:14.000000,BR_009,0,normal
TXN_001301,ACC_10015,1801.87,PAYMENT,EXT_10127,2026-09-03 10:48:34.000000,BR_009,0,normal
TXN_001302,ACC_10015,1387.13,CREDIT,EXT_10303,2026-09-03 10:49:12.000000,BR_009,0,normal
TXN_001303,ACC_10001,898.95,TRANSFER,EXT_10242,2026-09-03 10:49:36.000000,BR_009,0,normal
TXN_001304,ACC_10023,5500.29,TRANSFER,EXT_10105,2026-09-03 10:50:25.000000,BR_009,0,normal
TXN_001305,ACC_10042,17121.03,DEBIT,EXT_10158,2026-09-03 10:51:39.000000,BR_009,0,normal
TXN_001306,ACC_10025,3097.12,TRANSFER,EXT_10269,2026-09-03 10:55:15.000000,BR_009,0,normal
TXN_001307,ACC_10022,506.68,DEBIT,EXT_10149,2026-09-03 10:55:40.000000,BR_009,0,normal
TXN_001308,ACC_10002,500.0,TRANSFER,EXT_10428,2026-09-03 10:59:20.000000,BR_009,0,normal
TXN_001309,ACC_10014,5659.48,DEBIT,EXT_10170,2026-09-03 11:05:23.000000,BR_006,0,normal
TXN_001310,ACC_10018,891.41,CREDIT,EXT_10494,2026-09-03 11:07:32.000000,BR_009,0,normal
TXN_001311,ACC_10033,1913.83,TRANSFER,EXT_10334,2026-09-03 11:09:28.000000,BR_009,0,normal
TXN_001312,ACC_10030,1186.28,DEBIT,EXT_10471,2026-09-03 11:12:26.000000,BR_009,0,normal
TXN_001313,ACC_10049,8147.04,TRANSFER,EXT_10349,2026-09-03 11:17:02.000000,BR_006,0,normal
TXN_001314,ACC_10030,3103.6,DEBIT,EXT_10370,2026-09-03 11:18:12.000000,BR_009,0,normal
TXN_001315,ACC_10015,10786.14,DEBIT,EXT_10328,2026-09-03 11:20:24.000000,BR_009,0,normal
TXN_001316,ACC_10003,8246.63,DEBIT,EXT_10338,2026-09-03 11:21:18.000000,BR_009,0,normal
TXN_001317,ACC_10045,6253.56,TRANSFER,EXT_10188,2026-09-03 11:21:52.000000,BR_009,0,normal
TXN_001318,ACC_10016,1014.69,CREDIT,EXT_10382,2026-09-03 11:25:12.000000,BR_009,0,normal
TXN_001319,ACC_10048,3948.97,TRANSFER,EXT_10326,2026-09-03 11:25:20.000000,BR_009,0,normal
TXN_001320,ACC_10031,59644.33,CREDIT,EXT_10178,2026-09-03 11:26:59.000000,BR_009,0,normal
TXN_001321,ACC_10022,520.76,TRANSFER,EXT_10107,2026-09-03 11:28:27.000000,BR_009,0,normal
TXN_001322,ACC_10030,25644.83,DEBIT,EXT_10202,2026-09-03 11:35:07.000000,BR_009,0,normal
TXN_001323,ACC_10022,1340.55,DEBIT,EXT_10164,2026-09-03 11:36:09.000000,BR_009,0,normal
TXN_001324,ACC_10039,500.0,PAYMENT,EXT_10070,2026-09-03 11:36:11.000000,BR_009,0,normal
TXN_001325,ACC_10008,1157.68,DEBIT,EXT_10430,2026-09-03 11:42:58.000000,BR_009,0,normal
TXN_001326,ACC_10018,3919.26,DEBIT,EXT_10008,2026-09-03 11:44:12.000000,BR_009,0,normal
TXN_001327,ACC_10024,2382.88,DEBIT,EXT_10088,2026-09-03 11:44:34.000000,BR_009,0,normal
TXN_001328,ACC_10000,8577.9,CREDIT,EXT_10133,2026-09-03 11:45:49.000000,BR_009,0,normal
TXN_001329,ACC_10022,2079.01,CREDIT,EXT_10235,2026-09-03 11:46:22.000000,BR_009,0,normal
TXN_001330,ACC_10042,9209.29,CREDIT,EXT_10204,2026-09-03 11:46:58.000000,BR_009,0,normal
TXN_001331,ACC_10003,4182.75,DEBIT,EXT_10285,2026-09-03 11:47:40.000000,BR_009,0,normal
TXN_001332,ACC_10045,500.0,DEBIT,EXT_10283,2026-09-03 11:48:41.000000,BR_009,0,normal
TXN_001333,ACC_10007,1074.65,TRANSFER,EXT_10428,2026-09-03 11:49:42.000000,BR_009,0,normal
TXN_001334,ACC_10033,1050.45,DEBIT,EXT_10244,2026-09-03 11:49:57.000000,BR_009,0,normal
TXN_001335,ACC_10027,3532.2,DEBIT,EXT_10471,2026-09-03 11:51:37.000000,BR_009,0,normal
TXN_001336,ACC_10010,500.0,CREDIT,EXT_10348,2026-09-03 11:54:53.000000,BR_006,0,normal
TXN_001337,ACC_10027,43179.62,TRANSFER,EXT_10485,2026-09-03 11:57:47.000000,BR_009,1,structuring
TXN_001338,ACC_10000,500.0,DEBIT,EXT_10330,2026-09-03 12:00:55.000000,BR_009,0,normal
TXN_001339,ACC_10049,1860.41,CREDIT,EXT_10097,2026-09-03 12:00:55.000000,BR_006,0,normal
TXN_001340,ACC_10039,12629.53,DEBIT,EXT_10175,2026-09-03 12:05:22.000000,BR_009,0,normal
TXN_001341,ACC_10022,53135.37,DEBIT,EXT_10417,2026-09-03 12:07:10.000000,BR_009,0,normal
TXN_001342,ACC_10039,13634.92,TRANSFER,EXT_10237,2026-09-03 12:11:47.000000,BR_009,0,normal
TXN_001343,ACC_10036,9847.97,TRANSFER,EXT_10487,2026-09-03 12:12:54.000000,BR_009,0,normal
TXN_001344,ACC_10033,8768.53,CREDIT,EXT_10451,2026-09-03 12:15:32.000000,BR_009,0,normal
TXN_001345,ACC_10031,26070.03,DEBIT,EXT_10138,2026-09-03 12:15:39.000000,BR_009,0,normal
TXN_001346,ACC_10015,702.35,TRANSFER,EXT_10160,2026-09-03 12:16:26.000000,BR_009,0,normal
TXN_001347,ACC_10043,1330.01,CREDIT,EXT_10368,2026-09-03 12:18:33.000000,BR_009,0,normal
TXN_001348,ACC_10036,9148.92,DEBIT,EXT_10119,2026-09-03 12:19:08.000000,BR_009,0,normal
TXN_001349,ACC_10027,45684.07,TRANSFER,EXT_10261,2026-09-03 12:19:47.000000,BR_009,1,structuring
TXN_001350,ACC_10045,708.6,CREDIT,EXT_10409,2026-09-03 12:19:55.000000,BR_009,0,normal
TXN_001351,ACC_10025,1263.37,TRANSFER,EXT_10288,2026-09-03 12:20:21.000000,BR_009,0,normal
TXN_001352,ACC_10010,1887.63,DEBIT,EXT_10447,2026-09-03 12:21:00.000000,BR_006,0,normal
TXN_001353,ACC_10031,4466.28,DEBIT,EXT_10429,2026-09-03 12:21:46.000000,BR_009,0,normal
TXN_001354,ACC_10018,1019.23,CREDIT,EXT_10431,2026-09-03 12:25:39.000000,BR_009,0,normal
TXN_001355,ACC_10029,3640.93,DEBIT,EXT_10432,2026-09-03 12:29:02.000000,BR_009,0,normal
TXN_001356,ACC_10001,4089.06,DEBIT,EXT_10357,2026-09-03 12:29:17.000000,BR_009,0,normal
TXN_001357,ACC_10027,46642.01,TRANSFER,EXT_10087,2026-09-03 12:32:47.000000,BR_009,1,structuring
TXN_001358,ACC_10033,70603.43,DEBIT,EXT_10435,2026-09-03 12:34:04.000000,BR_009,0,normal
TXN_001359,ACC_10027,40548.05,TRANSFER,EXT_10303,2026-09-03 12:34:47.000000,BR_009,1,structuring
TXN_001360,ACC_10045,5853.04,TRANSFER,EXT_10153,2026-09-03 12:36:31.000000,BR_009,0,normal
TXN_001361,ACC_10018,1230.66,TRANSFER,EXT_10238,2026-09-03 12:37:50.000000,BR_009,0,normal
TXN_001362,ACC_10009,3074.76,TRANSFER,EXT_10004,2026-09-03 12:37:58.000000,BR_006,0,normal
TXN_001363,ACC_10014,4500.8,TRANSFER,EXT_10142,2026-09-03 12:38:45.000000,BR_006,0,normal
TXN_001364,ACC_10023,3483.1,PAYMENT,EXT_10005,2026-09-03 12:39:29.000000,BR_009,0,normal
TXN_001365,ACC_10021,2403.37,TRANSFER,EXT_10135,2026-09-03 12:40:26.000000,BR_009,0,normal
TXN_001366,ACC_10002,4263.59,CREDIT,EXT_10391,2026-09-03 12:43:37.000000,BR_009,0,normal
TXN_001367,ACC_10015,500.0,DEBIT,EXT_10153,2026-09-03 12:47:02.000000,BR_009,0,normal
TXN_001368,ACC_10013,1651.83,CREDIT,EXT_10457,2026-09-03 12:53:04.000000,BR_006,0,normal
TXN_001369,ACC_10027,39839.56,TRANSFER,EXT_10172,2026-09-03 12:55:47.000000,BR_009,1,structuring
TXN_001370,ACC_10018,5000.12,CREDIT,EXT_10016,2026-09-03 12:56:05.000000,BR_009,0,normal
TXN_001371,ACC_10045,500.0,CREDIT,EXT_10112,2026-09-03 12:57:39.000000,BR_009,0,normal
TXN_001372,ACC_10023,9254.69,DEBIT,EXT_10062,2026-09-03 12:58:14.000000,BR_009,0,normal
TXN_001373,ACC_10032,2480.42,DEBIT,EXT_10205,2026-09-03 12:58:33.000000,BR_009,0,normal
TXN_001374,ACC_10037,1543.64,DEBIT,EXT_10015,2026-09-03 13:02:37.000000,BR_009,0,normal
TXN_001375,ACC_10019,2363.02,TRANSFER,EXT_10076,2026-09-03 13:04:25.000000,BR_009,0,normal
TXN_001376,ACC_10019,3553.15,DEBIT,EXT_10406,2026-09-03 13:10:10.000000,BR_009,0,normal
TXN_001377,ACC_10039,40439.77,TRANSFER,EXT_10322,2026-09-03 13:10:42.000000,BR_009,0,normal
TXN_001378,ACC_10023,2014.84,DEBIT,EXT_10128,2026-09-03 13:11:16.000000,BR_009,0,normal
TXN_001379,ACC_10028,10518.79,CREDIT,EXT_10021,2026-09-03 13:13:51.000000,BR_006,0,normal
TXN_001380,ACC_10027,43999.38,TRANSFER,EXT_10321,2026-09-03 13:15:47.000000,BR_009,1,structuring
TXN_001381,ACC_10005,9889.75,TRANSFER,EXT_10054,2026-09-03 13:17:32.000000,BR_009,0,normal
TXN_001382,ACC_10035,641.37,TRANSFER,EXT_10032,2026-09-03 13:19:41.000000,BR_009,0,normal
TXN_001383,ACC_10023,6361.85,CREDIT,EXT_10246,2026-09-03 13:20:57.000000,BR_009,0,normal
TXN_001384,ACC_10036,500.0,DEBIT,EXT_10109,2026-09-03 13:26:44.000000,BR_009,0,normal
TXN_001385,ACC_10023,1983.87,DEBIT,EXT_10455,2026-09-03 13:35:59.000000,BR_009,0,normal
TXN_001386,ACC_10001,6695.8,TRANSFER,EXT_10378,2026-09-03 13:38:00.000000,BR_009,0,normal
TXN_001387,ACC_10018,748.87,DEBIT,EXT_10027,2026-09-03 13:45:15.000000,BR_009,0,normal
TXN_001388,ACC_10047,1812.2,DEBIT,EXT_10093,2026-09-03 13:46:18.000000,BR_009,0,normal
TXN_001389,ACC_10043,4937.5,DEBIT,EXT_10339,2026-09-03 13:48:53.000000,BR_009,0,normal
TXN_001390,ACC_10026,760.47,CREDIT,EXT_10084,2026-09-03 13:53:42.000000,BR_009,0,normal
TXN_001391,ACC_10040,18467.02,TRANSFER,EXT_10155,2026-09-03 13:55:04.000000,BR_009,0,normal
TXN_001392,ACC_10008,15212.74,CREDIT,EXT_10151,2026-09-03 14:00:13.000000,BR_009,0,normal
TXN_001393,ACC_10003,653.46,DEBIT,EXT_10197,2026-09-03 14:00:35.000000,BR_009,0,normal
TXN_001394,ACC_10044,2962.4,PAYMENT,EXT_10077,2026-09-03 14:03:47.000000,BR_009,0,normal
TXN_001395,ACC_10033,1971.17,DEBIT,EXT_10155,2026-09-03 14:04:13.000000,BR_009,0,normal
TXN_001396,ACC_10037,2033.02,DEBIT,EXT_10182,2026-09-03 14:04:46.000000,BR_009,0,normal
TXN_001397,ACC_10025,46878.64,CREDIT,EXT_10242,2026-09-03 14:05:23.000000,BR_009,0,normal
TXN_001398,ACC_10031,61261.82,TRANSFER,EXT_10035,2026-09-03 14:07:53.000000,BR_009,0,normal
TXN_001399,ACC_10032,2045.98,DEBIT,EXT_10165,2026-09-03 14:10:28.000000,BR_009,0,normal
TXN_001400,ACC_10030,19895.94,TRANSFER,EXT_10450,2026-09-03 14:11:51.000000,BR_009,0,normal
TXN_001401,ACC_10031,500.0,CREDIT,EXT_10153,2026-09-03 14:13:58.000000,BR_009,0,normal
TXN_001402,ACC_10034,570.72,DEBIT,EXT_10030,2026-09-03 14:16:00.000000,BR_009,0,normal
TXN_001403,ACC_10040,734.81,TRANSFER,EXT_10436,2026-09-03 14:17:46.000000,BR_009,0,normal
TXN_001404,ACC_10004,5362.95,TRANSFER,EXT_10443,2026-09-03 14:18:53.000000,BR_009,0,normal
TXN_001405,ACC_10032,3970.65,DEBIT,EXT_10242,2026-09-03 14:19:48.000000,BR_009,0,normal
TXN_001406,ACC_10035,4097.3,PAYMENT,EXT_10436,2026-09-03 14:20:55.000000,BR_009,0,normal
TXN_001407,ACC_10041,22467.35,TRANSFER,EXT_10017,2026-09-03 14:21:09.000000,BR_009,0,normal
TXN_001408,ACC_10020,12468.23,TRANSFER,EXT_10472,2026-09-03 14:22:52.000000,BR_009,0,normal
TXN_001409,ACC_10023,5230.88,CREDIT,EXT_10043,2026-09-03 14:24:13.000000,BR_009,0,normal
TXN_001410,ACC_10017,30124.97,CREDIT,EXT_10000,2026-09-03 14:33:12.000000,BR_009,0,normal
TXN_001411,ACC_10045,6063.99,DEBIT,EXT_10198,2026-09-03 14:33:15.000000,BR_009,0,normal
TXN_001412,ACC_10037,15131.28,PAYMENT,EXT_10253,2026-09-03 14:33:46.000000,BR_009,0,normal
TXN_001413,ACC_10001,1843.42,CREDIT,EXT_10255,2026-09-03 14:35:17.000000,BR_009,0,normal
TXN_001414,ACC_10047,5338.08,CREDIT,EXT_10142,2026-09-03 14:40:46.000000,BR_009,0,normal
TXN_001415,ACC_10045,500.0,TRANSFER,EXT_10024,2026-09-03 14:42:12.000000,BR_009,0,normal
TXN_001416,ACC_10045,19786.72,TRANSFER,EXT_10061,2026-09-03 14:45:52.000000,BR_009,0,normal
TXN_001417,ACC_10000,26060.52,DEBIT,EXT_10001,2026-09-03 14:46:21.000000,BR_009,0,normal
TXN_001418,ACC_10036,13256.28,DEBIT,EXT_10005,2026-09-03 14:47:22.000000,BR_009,0,normal
TXN_001419,ACC_10033,3039.48,DEBIT,EXT_10153,2026-09-03 14:48:36.000000,BR_009,0,normal
TXN_001420,ACC_10047,8128.87,TRANSFER,EXT_10102,2026-09-03 14:51:23.000000,BR_009,0,normal
TXN_001421,ACC_10025,4418.85,TRANSFER,EXT_10218,2026-09-03 14:52:46.000000,BR_009,0,normal
TXN_001422,ACC_10009,2584.39,CREDIT,EXT_10369,2026-09-03 14:53:22.000000,BR_006,0,normal
TXN_001423,ACC_10006,911.3,TRANSFER,EXT_10335,2026-09-03 14:56:00.000000,BR_009,0,normal
TXN_001424,ACC_10029,5195.78,DEBIT,EXT_10173,2026-09-03 14:57:12.000000,BR_009,0,normal
TXN_001425,ACC_10034,1523.22,CREDIT,EXT_10202,2026-09-03 14:58:22.000000,BR_009,0,normal
TXN_001426,ACC_10035,43426.57,TRANSFER,EXT_10151,2026-09-03 14:59:12.000000,BR_009,1,structuring
TXN_001427,ACC_10025,6229.82,TRANSFER,EXT_10409,2026-09-03 15:00:33.000000,BR_009,0,normal
TXN_001428,ACC_10013,567.01,TRANSFER,EXT_10176,2026-09-03 15:00:54.000000,BR_006,0,normal
TXN_001429,ACC_10003,3936.12,DEBIT,EXT_10262,2026-09-03 15:03:02.000000,BR_009,0,normal
TXN_001430,ACC_10041,10127.08,CREDIT,EXT_10398,2026-09-03 15:05:06.000000,BR_009,0,normal
TXN_001431,ACC_10001,2365.88,DEBIT,EXT_10136,2026-09-03 15:08:02.000000,BR_009,0,normal
TXN_001432,ACC_10048,19056.45,DEBIT,EXT_10114,2026-09-03 15:08:03.000000,BR_009,0,normal
TXN_001433,ACC_10011,1656.34,CREDIT,EXT_10234,2026-09-03 15:08:11.000000,BR_009,0,normal
TXN_001434,ACC_10037,3006.82,PAYMENT,EXT_10014,2026-09-03 15:10:00.000000,BR_009,0,normal
TXN_001435,ACC_10035,32363.13,TRANSFER,EXT_10201,2026-09-03 15:11:12.000000,BR_009,1,structuring
TXN_001436,ACC_10034,1112.7,TRANSFER,EXT_10462,2026-09-03 15:14:11.000000,BR_009,0,normal
TXN_001437,ACC_10049,8425.61,TRANSFER,EXT_10208,2026-09-03 15:14:31.000000,BR_006,0,normal
TXN_001438,ACC_10035,44240.87,TRANSFER,EXT_10354,2026-09-03 15:15:12.000000,BR_009,1,structuring
TXN_001439,ACC_10024,4262.07,DEBIT,EXT_10258,2026-09-03 15:17:39.000000,BR_009,0,normal
TXN_001440,ACC_10031,3011.42,CREDIT,EXT_10300,2026-09-03 15:18:28.000000,BR_009,0,normal
TXN_001441,ACC_10031,1712.25,CREDIT,EXT_10170,2026-09-03 15:19:09.000000,BR_009,0,normal
TXN_001442,ACC_10035,31115.63,TRANSFER,EXT_10422,2026-09-03 15:33:12.000000,BR_009,1,structuring
TXN_001443,ACC_10004,11897.5,CREDIT,EXT_10321,2026-09-03 15:34:22.000000,BR_009,0,normal
TXN_001444,ACC_10026,3074.21,DEBIT,EXT_10142,2026-09-03 15:37:05.000000,BR_009,0,normal
TXN_001445,ACC_10049,1277.39,TRANSFER,EXT_10478,2026-09-03 15:39:18.000000,BR_006,0,normal
TXN_001446,ACC_10019,1010.98,CREDIT,EXT_10428,2026-09-03 15:39:57.000000,BR_009,0,normal
TXN_001447,ACC_10018,14665.93,CREDIT,EXT_10356,2026-09-03 15:44:10.000000,BR_009,0,normal
TXN_001448,ACC_10025,813.91,PAYMENT,EXT_10392,2026-09-03 15:44:33.000000,BR_009,0,normal
TXN_001449,ACC_10044,17400.74,TRANSFER,EXT_10191,2026-09-03 15:45:38.000000,BR_009,0,normal
TXN_001450,ACC_10036,28626.72,DEBIT,EXT_10147,2026-09-03 15:46:33.000000,BR_009,0,normal
TXN_001451,ACC_10018,3446.36,DEBIT,EXT_10118,2026-09-03 15:49:30.000000,BR_009,0,normal
TXN_001452,ACC_10016,1344.81,CREDIT,EXT_10163,2026-09-03 15:54:07.000000,BR_009,0,normal
TXN_001453,ACC_10043,1946.29,CREDIT,EXT_10009,2026-09-03 15:55:57.000000,BR_009,0,normal
TXN_001454,ACC_10032,18989.58,CREDIT,EXT_10345,2026-09-03 15:57:10.000000,BR_009,0,normal
TXN_001455,ACC_10034,1777.42,PAYMENT,EXT_10393,2026-09-03 15:57:11.000000,BR_009,0,normal
TXN_001456,ACC_10031,97270.57,DEBIT,EXT_10147,2026-09-03 16:02:23.000000,BR_009,0,normal
TXN_001457,ACC_10049,17024.44,TRANSFER,EXT_10176,2026-09-03 16:03:18.000000,BR_006,0,normal
TXN_001458,ACC_10015,39913.05,TRANSFER,EXT_10359,2026-09-03 16:04:36.000000,BR_009,0,normal
TXN_001459,ACC_10008,5764.69,DEBIT,EXT_10480,2026-09-03 16:04:58.000000,BR_009,0,normal
TXN_001460,ACC_10035,2661.17,DEBIT,EXT_10391,2026-09-03 16:06:13.000000,BR_009,0,normal
TXN_001461,ACC_10038,4022.16,CREDIT,EXT_10194,2026-09-03 16:06:50.000000,BR_009,0,normal
TXN_001462,ACC_10023,1567.68,CREDIT,EXT_10044,2026-09-03 16:08:02.000000,BR_009,0,normal
TXN_001463,ACC_10017,11757.58,DEBIT,EXT_10240,2026-09-03 16:08:29.000000,BR_009,0,normal
TXN_001464,ACC_10033,2399.81,DEBIT,EXT_10055,2026-09-03 16:08:53.000000,BR_009,0,normal
TXN_001465,ACC_10001,1186.21,DEBIT,EXT_10025,2026-09-03 16:09:56.000000,BR_009,0,normal
TXN_001466,ACC_10027,2788.26,TRANSFER,EXT_10372,2026-09-03 16:10:10.000000,BR_009,0,normal
TXN_001467,ACC_10035,47823.44,TRANSFER,EXT_10406,2026-09-03 16:11:12.000000,BR_009,1,structuring
TXN_001468,ACC_10046,1711.23,DEBIT,EXT_10449,2026-09-03 16:11:37.000000,BR_009,0,normal
TXN_001469,ACC_10039,15997.01,DEBIT,EXT_10102,2026-09-03 16:15:20.000000,BR_009,0,normal
TXN_001470,ACC_10043,12382.23,TRANSFER,EXT_10470,2026-09-03 16:20:56.000000,BR_009,0,normal
TXN_001471,ACC_10002,500.0,TRANSFER,EXT_10132,2026-09-03 16:21:55.000000,BR_009,0,normal
TXN_001472,ACC_10033,3092.29,CREDIT,EXT_10002,2026-09-03 16:22:27.000000,BR_009,0,normal
TXN_001473,ACC_10022,2135.86,TRANSFER,EXT_10465,2026-09-03 16:22:42.000000,BR_009,0,normal
TXN_001474,ACC_10024,941.82,DEBIT,EXT_10337,2026-09-03 16:23:59.000000,BR_009,0,normal
TXN_001475,ACC_10033,1261.19,TRANSFER,EXT_10431,2026-09-03 16:24:10.000000,BR_009,0,normal
TXN_001476,ACC_10035,31078.66,TRANSFER,EXT_10067,2026-09-03 16:25:12.000000,BR_009,1,structuring
TXN_001477,ACC_10035,41105.27,TRANSFER,EXT_10126,2026-09-03 16:25:12.000000,BR_009,1,structuring
TXN_001478,ACC_10016,500.0,CREDIT,EXT_10061,2026-09-03 16:26:40.000000,BR_009,0,normal
TXN_001479,ACC_10002,2854.89,DEBIT,EXT_10129,2026-09-03 16:26:52.000000,BR_009,0,normal
TXN_001480,ACC_10020,1764.85,CREDIT,EXT_10226,2026-09-03 16:29:01.000000,BR_009,0,normal
TXN_001481,ACC_10035,7559.8,PAYMENT,EXT_10079,2026-09-03 16:29:19.000000,BR_009,0,normal
TXN_001482,ACC_10022,500.0,DEBIT,EXT_10470,2026-09-03 16:30:49.000000,BR_009,0,normal
TXN_001483,ACC_10035,15883.16,PAYMENT,EXT_10019,2026-09-03 16:31:43.000000,BR_009,0,normal
TXN_001484,ACC_10016,872.2,DEBIT,EXT_10170,2026-09-03 16:34:39.000000,BR_009,0,normal
TXN_001485,ACC_10025,4784.16,PAYMENT,EXT_10077,2026-09-03 16:36:25.000000,BR_009,0,normal
TXN_001486,ACC_10035,932.98,CREDIT,EXT_10271,2026-09-03 16:38:24.000000,BR_009,0,normal
TXN_001487,ACC_10003,500.0,CREDIT,EXT_10278,2026-09-03 16:40:36.000000,BR_009,0,normal
TXN_001488,ACC_10048,1931.21,TRANSFER,EXT_10298,2026-09-03 16:43:10.000000,BR_009,0,normal
TXN_001489,ACC_10000,1694.56,DEBIT,EXT_10062,2026-09-03 16:43:48.000000,BR_009,0,normal
TXN_001490,ACC_10031,3314.31,DEBIT,EXT_10334,2026-09-03 16:43:49.000000,BR_009,0,normal
TXN_001491,ACC_10038,2150.57,CREDIT,EXT_10437,2026-09-03 16:50:17.000000,BR_009,0,normal
TXN_001492,ACC_10015,2541.87,DEBIT,EXT_10294,2026-09-03 16:50:26.000000,BR_009,0,normal
TXN_001493,ACC_10022,5425.51,PAYMENT,EXT_10383,2026-09-03 16:50:28.000000,BR_009,0,normal
TXN_001494,ACC_10048,3525.27,DEBIT,EXT_10410,2026-09-03 16:50:52.000000,BR_009,0,normal
TXN_001495,ACC_10000,1198.33,TRANSFER,EXT_10410,2026-09-03 16:59:19.000000,BR_009,0,normal
TXN_001496,ACC_10045,2512.92,CREDIT,EXT_10431,2026-09-03 17:03:21.000000,BR_009,0,normal
TXN_001497,ACC_10044,953.24,CREDIT,EXT_10193,2026-09-03 17:03:52.000000,BR_009,0,normal
TXN_001498,ACC_10013,3811.53,TRANSFER,EXT_10437,2026-09-03 17:04:30.000000,BR_006,0,normal
TXN_001499,ACC_10042,2822.87,DEBIT,EXT_10255,2026-09-03 17:05:18.000000,BR_009,0,normal
TXN_001500,ACC_10033,11867.95,TRANSFER,EXT_10265,2026-09-03 17:05:28.000000,BR_009,0,normal
TXN_001501,ACC_10006,11056.78,CREDIT,EXT_10223,2026-09-03 17:05:31.000000,BR_009,0,normal
TXN_001502,ACC_10044,3398.18,TRANSFER,EXT_10161,2026-09-03 17:05:59.000000,BR_009,0,normal
TXN_001503,ACC_10040,2576.47,DEBIT,EXT_10086,2026-09-03 17:07:05.000000,BR_009,0,normal
TXN_001504,ACC_10019,792.67,DEBIT,EXT_10358,2026-09-03 17:15:14.000000,BR_009,0,normal
TXN_001505,ACC_10003,36513.09,DEBIT,EXT_10476,2026-09-03 17:16:48.000000,BR_009,0,normal
TXN_001506,ACC_10022,3677.26,CREDIT,EXT_10108,2026-09-03 17:20:41.000000,BR_009,0,normal
TXN_001507,ACC_10044,1538.12,CREDIT,EXT_10452,2026-09-03 17:21:57.000000,BR_009,0,normal
TXN_001508,ACC_10021,1034.64,CREDIT,EXT_10260,2026-09-03 17:22:54.000000,BR_009,0,normal
TXN_001509,ACC_10036,23539.41,PAYMENT,EXT_10183,2026-09-03 17:25:06.000000,BR_009,0,normal
TXN_001510,ACC_10004,5899.07,DEBIT,EXT_10077,2026-09-03 17:25:51.000000,BR_009,0,normal
TXN_001511,ACC_10039,10314.87,CREDIT,EXT_10339,2026-09-03 17:27:17.000000,BR_009,0,normal
TXN_001512,ACC_10035,629.65,PAYMENT,EXT_10446,2026-09-03 17:27:34.000000,BR_009,0,normal
TXN_001513,ACC_10024,500.0,CREDIT,EXT_10064,2026-09-03 17:29:08.000000,BR_009,0,normal
TXN_001514,ACC_10044,500.0,TRANSFER,EXT_10037,2026-09-03 17:33:28.000000,BR_009,0,normal
TXN_001515,ACC_10000,1318.96,DEBIT,EXT_10258,2026-09-03 17:36:13.000000,BR_009,0,normal
TXN_001516,ACC_10049,4247.28,TRANSFER,EXT_10336,2026-09-03 17:36:16.000000,BR_006,0,normal
TXN_001517,ACC_10024,1878.92,DEBIT,EXT_10399,2026-09-03 17:37:58.000000,BR_009,0,normal
TXN_001518,ACC_10042,1258.01,TRANSFER,EXT_10312,2026-09-03 17:39:42.000000,BR_009,0,normal
TXN_001519,ACC_10017,633.54,TRANSFER,EXT_10033,2026-09-03 17:42:46.000000,BR_009,0,normal
TXN_001520,ACC_10032,3083.62,PAYMENT,EXT_10418,2026-09-03 17:49:16.000000,BR_009,0,normal
TXN_001521,ACC_10012,2606.6,TRANSFER,EXT_10102,2026-09-03 17:49:41.000000,BR_009,0,normal
TXN_001522,ACC_10035,500.0,DEBIT,EXT_10388,2026-09-03 17:55:07.000000,BR_009,0,normal
TXN_001523,ACC_10040,869.03,TRANSFER,EXT_10060,2026-09-04 09:01:02.000000,BR_009,0,normal
TXN_001524,ACC_10046,500.0,PAYMENT,EXT_10447,2026-09-04 09:02:29.000000,BR_009,0,normal
TXN_001525,ACC_10042,16748.35,DEBIT,EXT_10236,2026-09-04 09:02:54.000000,BR_009,0,normal
TXN_001526,ACC_10019,6076.45,PAYMENT,EXT_10059,2026-09-04 09:03:31.000000,BR_009,0,normal
TXN_001527,ACC_10017,1406.78,DEBIT,EXT_10026,2026-09-04 09:10:32.000000,BR_009,0,normal
TXN_001528,ACC_10003,16512.87,CREDIT,EXT_10008,2026-09-04 09:14:28.000000,BR_009,0,normal
TXN_001529,ACC_10023,2895.14,TRANSFER,EXT_10398,2026-09-04 09:15:23.000000,BR_009,0,normal
TXN_001530,ACC_10043,6928.21,DEBIT,EXT_10247,2026-09-04 09:17:12.000000,BR_009,0,normal
TXN_001531,ACC_10030,6867.4,DEBIT,EXT_10083,2026-09-04 09:19:34.000000,BR_009,0,normal
TXN_001532,ACC_10046,8021.65,CREDIT,EXT_10276,2026-09-04 09:21:57.000000,BR_009,0,normal
TXN_001533,ACC_10004,7235.47,PAYMENT,EXT_10253,2026-09-04 09:25:44.000000,BR_009,0,normal
TXN_001534,ACC_10013,12010.89,CREDIT,EXT_10025,2026-09-04 09:28:49.000000,BR_006,0,normal
TXN_001535,ACC_10002,9518.17,TRANSFER,EXT_10150,2026-09-04 09:29:16.000000,BR_009,0,normal
TXN_001536,ACC_10046,3052.06,DEBIT,EXT_10333,2026-09-04 09:32:44.000000,BR_009,0,normal
TXN_001537,ACC_10044,7417.7,DEBIT,EXT_10310,2026-09-04 09:33:53.000000,BR_009,0,normal
TXN_001538,ACC_10029,5707.08,DEBIT,EXT_10475,2026-09-04 09:34:55.000000,BR_009,0,normal
TXN_001539,ACC_10032,1772.28,DEBIT,EXT_10029,2026-09-04 09:36:07.000000,BR_009,0,normal
TXN_001540,ACC_10016,3751.01,TRANSFER,EXT_10274,2026-09-04 09:36:16.000000,BR_009,0,normal
TXN_001541,ACC_10031,500.0,DEBIT,EXT_10420,2026-09-04 09:37:07.000000,BR_009,0,normal
TXN_001542,ACC_10008,500.0,TRANSFER,EXT_10101,2026-09-04 09:37:16.000000,BR_009,0,normal
TXN_001543,ACC_10032,543.35,DEBIT,EXT_10222,2026-09-04 09:38:56.000000,BR_009,0,normal
TXN_001544,ACC_10024,1084.73,CREDIT,EXT_10458,2026-09-04 09:40:14.000000,BR_009,0,normal
TXN_001545,ACC_10044,4987.82,CREDIT,EXT_10082,2026-09-04 09:42:05.000000,BR_009,0,normal
TXN_001546,ACC_10048,500.0,TRANSFER,EXT_10110,2026-09-04 09:42:34.000000,BR_009,0,normal
TXN_001547,ACC_10004,506.61,TRANSFER,EXT_10122,2026-09-04 09:45:06.000000,BR_009,0,normal
TXN_001548,ACC_10010,6057.34,CREDIT,EXT_10479,2026-09-04 09:45:15.000000,BR_006,0,normal
TXN_001549,ACC_10025,5872.78,CREDIT,EXT_10169,2026-09-04 09:45:51.000000,BR_009,0,normal
TXN_001550,ACC_10039,2234.53,CREDIT,EXT_10289,2026-09-04 09:45:59.000000,BR_009,0,normal
TXN_001551,ACC_10033,3844.26,PAYMENT,EXT_10100,2026-09-04 09:47:08.000000,BR_009,0,normal
TXN_001552,ACC_10026,85849.51,DEBIT,EXT_10052,2026-09-04 09:47:52.000000,BR_009,0,normal
TXN_001553,ACC_10000,1439.3,CREDIT,EXT_10378,2026-09-04 09:47:54.000000,BR_009,0,normal
TXN_001554,ACC_10029,830.45,DEBIT,EXT_10234,2026-09-04 09:50:58.000000,BR_009,0,normal
TXN_001555,ACC_10043,3936.33,PAYMENT,EXT_10416,2026-09-04 09:53:23.000000,BR_009,0,normal
TXN_001556,ACC_10006,2288.33,TRANSFER,EXT_10228,2026-09-04 09:56:22.000000,BR_009,0,normal
TXN_001557,ACC_10029,3528.77,PAYMENT,EXT_10262,2026-09-04 10:00:36.000000,BR_009,0,normal
TXN_001558,ACC_10046,8656.16,CREDIT,EXT_10096,2026-09-04 10:00:39.000000,BR_009,0,normal
TXN_001559,ACC_10016,13004.32,CREDIT,EXT_10488,2026-09-04 10:02:28.000000,BR_009,0,normal
TXN_001560,ACC_10045,1631.46,TRANSFER,EXT_10028,2026-09-04 10:07:23.000000,BR_009,0,normal
TXN_001561,ACC_10025,2827.66,CREDIT,EXT_10052,2026-09-04 10:07:35.000000,BR_009,0,normal
TXN_001562,ACC_10037,2839.71,TRANSFER,EXT_10155,2026-09-04 10:09:52.000000,BR_009,0,normal
TXN_001563,ACC_10004,1762.01,CREDIT,EXT_10361,2026-09-04 10:14:40.000000,BR_009,0,normal
TXN_001564,ACC_10021,508.8,DEBIT,EXT_10321,2026-09-04 10:17:11.000000,BR_009,0,normal
TXN_001565,ACC_10035,17197.45,CREDIT,EXT_10389,2026-09-04 10:19:11.000000,BR_009,0,normal
TXN_001566,ACC_10043,6703.82,CREDIT,EXT_10043,2026-09-04 10:26:18.000000,BR_009,0,normal
TXN_001567,ACC_10035,1545.96,TRANSFER,EXT_10155,2026-09-04 10:29:22.000000,BR_009,0,normal
TXN_001568,ACC_10048,5194.42,TRANSFER,EXT_10309,2026-09-04 10:29:50.000000,BR_009,0,normal
TXN_001569,ACC_10006,15674.21,TRANSFER,EXT_10251,2026-09-04 10:31:19.000000,BR_009,0,normal
TXN_001570,ACC_10048,19753.03,DEBIT,EXT_10014,2026-09-04 10:31:41.000000,BR_009,0,normal
TXN_001571,ACC_10030,500.0,PAYMENT,EXT_10484,2026-09-04 10:35:06.000000,BR_009,0,normal
TXN_001572,ACC_10030,59972.49,DEBIT,EXT_10232,2026-09-04 10:37:55.000000,BR_009,0,normal
TXN_001573,ACC_10045,30528.94,TRANSFER,EXT_10246,2026-09-04 10:38:40.000000,BR_009,0,normal
TXN_001574,ACC_10003,4279.97,DEBIT,EXT_10279,2026-09-04 10:38:59.000000,BR_009,0,normal
TXN_001575,ACC_10024,500.0,DEBIT,EXT_10293,2026-09-04 10:40:38.000000,BR_009,0,normal
TXN_001576,ACC_10009,3367.18,PAYMENT,EXT_10430,2026-09-04 10:41:39.000000,BR_006,0,normal
TXN_001577,ACC_10042,2483.18,CREDIT,EXT_10361,2026-09-04 10:41:41.000000,BR_009,0,normal
TXN_001578,ACC_10016,5364.43,TRANSFER,EXT_10110,2026-09-04 10:48:54.000000,BR_009,0,normal
TXN_001579,ACC_10041,7008.86,DEBIT,EXT_10319,2026-09-04 10:50:31.000000,BR_009,0,normal
TXN_001580,ACC_10017,16815.15,PAYMENT,EXT_10477,2026-09-04 10:51:21.000000,BR_009,0,normal
TXN_001581,ACC_10048,7020.18,CREDIT,EXT_10404,2026-09-04 10:54:31.000000,BR_009,0,normal
TXN_001582,ACC_10040,11485.26,DEBIT,EXT_10013,2026-09-04 10:56:25.000000,BR_009,0,normal
TXN_001583,ACC_10029,8489.47,PAYMENT,EXT_10443,2026-09-04 10:58:37.000000,BR_009,0,normal
TXN_001584,ACC_10034,1533.06,DEBIT,EXT_10255,2026-09-04 10:59:29.000000,BR_009,0,normal
TXN_001585,ACC_10037,29674.44,TRANSFER,EXT_10082,2026-09-04 11:02:10.000000,BR_009,0,normal
TXN_001586,ACC_10020,1230.42,TRANSFER,EXT_10161,2026-09-04 11:02:38.000000,BR_009,0,normal
TXN_001587,ACC_10025,106091.27,TRANSFER,EXT_10183,2026-09-04 11:02:58.000000,BR_009,0,normal
TXN_001588,ACC_10024,794.94,DEBIT,EXT_10117,2026-09-04 11:05:16.000000,BR_009,0,normal
TXN_001589,ACC_10045,11678.47,DEBIT,EXT_10411,2026-09-04 11:07:42.000000,BR_009,0,normal
TXN_001590,ACC_10007,6230.78,DEBIT,EXT_10445,2026-09-04 11:13:59.000000,BR_009,0,normal
TXN_001591,ACC_10027,4528.45,DEBIT,EXT_10022,2026-09-04 11:15:17.000000,BR_009,0,normal
TXN_001592,ACC_10038,542.39,CREDIT,EXT_10487,2026-09-04 11:16:36.000000,BR_009,0,normal
TXN_001593,ACC_10028,3375.54,CREDIT,EXT_10492,2026-09-04 11:17:06.000000,BR_006,0,normal
TXN_001594,ACC_10024,500.0,DEBIT,EXT_10472,2026-09-04 11:23:29.000000,BR_009,0,normal
TXN_001595,ACC_10029,11418.63,CREDIT,EXT_10028,2026-09-04 11:27:12.000000,BR_009,0,normal
TXN_001596,ACC_10022,3415.96,DEBIT,EXT_10469,2026-09-04 11:30:00.000000,BR_009,0,normal
TXN_001597,ACC_10049,12354.73,TRANSFER,EXT_10428,2026-09-04 11:32:16.000000,BR_006,0,normal
TXN_001598,ACC_10008,3048.07,DEBIT,EXT_10214,2026-09-04 11:32:29.000000,BR_009,0,normal
TXN_001599,ACC_10023,4251.93,CREDIT,EXT_10359,2026-09-04 11:32:29.000000,BR_009,0,normal
TXN_001600,ACC_10018,1858.45,TRANSFER,EXT_10352,2026-09-04 11:33:16.000000,BR_009,0,normal
TXN_001601,ACC_10043,12147.95,TRANSFER,EXT_10177,2026-09-04 11:36:00.000000,BR_009,0,normal
TXN_001602,ACC_10004,11161.66,PAYMENT,EXT_10255,2026-09-04 11:36:10.000000,BR_009,0,normal
TXN_001603,ACC_10049,12254.25,TRANSFER,EXT_10350,2026-09-04 11:37:37.000000,BR_006,0,normal
TXN_001604,ACC_10048,4436.92,DEBIT,EXT_10434,2026-09-04 11:38:07.000000,BR_009,0,normal
TXN_001605,ACC_10012,7116.57,DEBIT,EXT_10292,2026-09-04 11:38:37.000000,BR_009,0,normal
TXN_001606,ACC_10034,1883.7,PAYMENT,EXT_10495,2026-09-04 11:39:36.000000,BR_009,0,normal
TXN_001607,ACC_10037,610.36,DEBIT,EXT_10134,2026-09-04 11:39:52.000000,BR_009,0,normal
TXN_001608,ACC_10017,2153.74,CREDIT,EXT_10212,2026-09-04 11:41:24.000000,BR_009,0,normal
TXN_001609,ACC_10023,34203.2,DEBIT,EXT_10097,2026-09-04 11:43:38.000000,BR_009,0,normal
TXN_001610,ACC_10040,3206.64,TRANSFER,EXT_10148,2026-09-04 11:44:54.000000,BR_009,0,normal
TXN_001611,ACC_10023,21748.32,TRANSFER,EXT_10313,2026-09-04 11:47:23.000000,BR_009,0,normal
TXN_001612,ACC_10000,3612.66,TRANSFER,EXT_10061,2026-09-04 11:47:36.000000,BR_009,0,normal
TXN_001613,ACC_10033,500.0,DEBIT,EXT_10366,2026-09-04 11:48:12.000000,BR_009,0,normal
TXN_001614,ACC_10011,3509.81,PAYMENT,EXT_10428,2026-09-04 11:48:42.000000,BR_009,0,normal
TXN_001615,ACC_10007,11007.17,DEBIT,EXT_10330,2026-09-04 11:50:02.000000,BR_009,0,normal
TXN_001616,ACC_10043,882.34,DEBIT,EXT_10265,2026-09-04 11:50:24.000000,BR_009,0,normal
TXN_001617,ACC_10035,12278.91,CREDIT,EXT_10087,2026-09-04 11:51:46.000000,BR_009,0,normal
TXN_001618,ACC_10000,4533.74,PAYMENT,EXT_10157,2026-09-04 11:54:05.000000,BR_009,0,normal
TXN_001619,ACC_10045,7756.34,DEBIT,EXT_10456,2026-09-04 11:55:02.000000,BR_009,0,normal
TXN_001620,ACC_10028,2594.13,DEBIT,EXT_10211,2026-09-04 11:55:48.000000,BR_006,0,normal
TXN_001621,ACC_10032,2109.74,DEBIT,EXT_10015,2026-09-04 11:56:11.000000,BR_009,0,normal
TXN_001622,ACC_10022,538.69,TRANSFER,EXT_10387,2026-09-04 11:56:36.000000,BR_009,0,normal
TXN_001623,ACC_10023,1402.47,PAYMENT,EXT_10147,2026-09-04 11:56:52.000000,BR_009,0,normal
TXN_001624,ACC_10033,1918.86,TRANSFER,EXT_10378,2026-09-04 11:57:33.000000,BR_009,0,normal
TXN_001625,ACC_10000,83375.33,DEBIT,EXT_10331,2026-09-04 11:58:52.000000,BR_009,0,normal
TXN_001626,ACC_10008,500.0,DEBIT,EXT_10301,2026-09-04 12:00:33.000000,BR_009,0,normal
TXN_001627,ACC_10004,941.99,DEBIT,EXT_10038,2026-09-04 12:03:26.000000,BR_009,0,normal
TXN_001628,ACC_10042,4988.7,TRANSFER,EXT_10380,2026-09-04 12:09:02.000000,BR_009,0,normal
TXN_001629,ACC_10025,4150.48,DEBIT,EXT_10344,2026-09-04 12:16:41.000000,BR_009,0,normal
TXN_001630,ACC_10021,25052.3,TRANSFER,EXT_10473,2026-09-04 12:16:52.000000,BR_009,0,normal
TXN_001631,ACC_10043,5099.48,TRANSFER,EXT_10260,2026-09-04 12:18:16.000000,BR_009,0,normal
TXN_001632,ACC_10036,36785.52,TRANSFER,EXT_10066,2026-09-04 12:22:08.000000,BR_009,0,normal
TXN_001633,ACC_10030,1505.62,CREDIT,EXT_10307,2026-09-04 12:25:06.000000,BR_009,0,normal
TXN_001634,ACC_10022,4828.14,TRANSFER,EXT_10475,2026-09-04 12:26:10.000000,BR_009,0,normal
TXN_001635,ACC_10022,38073.5,CREDIT,EXT_10094,2026-09-04 12:28:54.000000,BR_009,0,normal
TXN_001636,ACC_10024,936.94,CREDIT,EXT_10281,2026-09-04 12:29:44.000000,BR_009,0,normal
TXN_001637,ACC_10019,12717.13,PAYMENT,EXT_10441,2026-09-04 12:30:58.000000,BR_009,0,normal
TXN_001638,ACC_10029,38619.45,DEBIT,EXT_10139,2026-09-04 12:32:02.000000,BR_009,0,normal
TXN_001639,ACC_10048,1006.88,TRANSFER,EXT_10154,2026-09-04 12:32:24.000000,BR_009,0,normal
TXN_001640,ACC_10013,10572.05,DEBIT,EXT_10218,2026-09-04 12:32:37.000000,BR_006,0,normal
TXN_001641,ACC_10009,31387.75,TRANSFER,EXT_10172,2026-09-04 12:33:08.000000,BR_006,1,structuring
TXN_001642,ACC_10016,2685.32,DEBIT,EXT_10495,2026-09-04 12:33:51.000000,BR_009,0,normal
TXN_001643,ACC_10039,3589.92,DEBIT,EXT_10020,2026-09-04 12:34:31.000000,BR_009,0,normal
TXN_001644,ACC_10009,35988.85,TRANSFER,EXT_10448,2026-09-04 12:35:08.000000,BR_006,1,structuring
TXN_001645,ACC_10009,514.61,TRANSFER,EXT_10177,2026-09-04 12:38:32.000000,BR_006,0,normal
TXN_001646,ACC_10006,53875.47,TRANSFER,EXT_10466,2026-09-04 12:38:38.000000,BR_009,0,normal
TXN_001647,ACC_10012,2455.5,TRANSFER,EXT_10280,2026-09-04 12:46:59.000000,BR_009,0,normal
TXN_001648,ACC_10023,13911.29,CREDIT,EXT_10190,2026-09-04 12:47:32.000000,BR_009,0,normal
TXN_001649,ACC_10001,500.0,CREDIT,EXT_10022,2026-09-04 12:47:55.000000,BR_009,0,normal
TXN_001650,ACC_10002,4187.13,DEBIT,EXT_10453,2026-09-04 12:48:21.000000,BR_009,0,normal
TXN_001651,ACC_10040,2198.01,DEBIT,EXT_10145,2026-09-04 12:49:43.000000,BR_009,0,normal
TXN_001652,ACC_10023,2403.51,TRANSFER,EXT_10230,2026-09-04 12:49:52.000000,BR_009,0,normal
TXN_001653,ACC_10048,2271.47,PAYMENT,EXT_10488,2026-09-04 12:50:41.000000,BR_009,0,normal
TXN_001654,ACC_10000,4429.72,CREDIT,EXT_10476,2026-09-04 12:52:58.000000,BR_009,0,normal
TXN_001655,ACC_10018,14509.24,CREDIT,EXT_10018,2026-09-04 13:03:25.000000,BR_009,0,normal
TXN_001656,ACC_10045,1323.72,CREDIT,EXT_10088,2026-09-04 13:04:26.000000,BR_009,0,normal
TXN_001657,ACC_10045,729.39,TRANSFER,EXT_10342,2026-09-04 13:09:10.000000,BR_009,0,normal
TXN_001658,ACC_10015,1280.86,DEBIT,EXT_10274,2026-09-04 13:14:27.000000,BR_009,0,normal
TXN_001659,ACC_10009,35624.34,TRANSFER,EXT_10497,2026-09-04 13:18:08.000000,BR_006,1,structuring
TXN_001660,ACC_10021,5919.97,CREDIT,EXT_10139,2026-09-04 13:19:24.000000,BR_009,0,normal
TXN_001661,ACC_10041,374271.63,TRANSFER,ACC_10010,2026-09-04 13:20:39.000000,BR_009,1,circular_transfer
TXN_001662,ACC_10020,13800.27,TRANSFER,EXT_10336,2026-09-04 13:22:26.000000,BR_009,0,normal
TXN_001663,ACC_10040,500.0,DEBIT,EXT_10269,2026-09-04 13:26:10.000000,BR_009,0,normal
TXN_001664,ACC_10022,3258.5,DEBIT,EXT_10491,2026-09-04 13:26:52.000000,BR_009,0,normal
TXN_001665,ACC_10018,8725.19,CREDIT,EXT_10447,2026-09-04 13:27:51.000000,BR_009,0,normal
TXN_001666,ACC_10036,1212.1,DEBIT,EXT_10389,2026-09-04 13:29:12.000000,BR_009,0,normal
TXN_001667,ACC_10005,65776.17,DEBIT,EXT_10080,2026-09-04 13:31:25.000000,BR_009,0,normal
TXN_001668,ACC_10003,8758.11,TRANSFER,EXT_10355,2026-09-04 13:32:14.000000,BR_009,0,normal
TXN_001669,ACC_10027,10917.07,DEBIT,EXT_10228,2026-09-04 13:32:56.000000,BR_009,0,normal
TXN_001670,ACC_10027,1289.11,DEBIT,EXT_10485,2026-09-04 13:39:54.000000,BR_009,0,normal
TXN_001671,ACC_10046,821.57,CREDIT,EXT_10071,2026-09-04 13:41:06.000000,BR_009,0,normal
TXN_001672,ACC_10009,42763.32,TRANSFER,EXT_10105,2026-09-04 13:41:08.000000,BR_006,1,structuring
TXN_001673,ACC_10009,36281.47,TRANSFER,EXT_10194,2026-09-04 13:46:08.000000,BR_006,1,structuring
TXN_001674,ACC_10030,12940.49,TRANSFER,EXT_10328,2026-09-04 13:47:55.000000,BR_009,0,normal
TXN_001675,ACC_10003,6368.64,TRANSFER,EXT_10134,2026-09-04 13:49:16.000000,BR_009,0,normal
TXN_001676,ACC_10046,7564.94,TRANSFER,EXT_10300,2026-09-04 13:49:23.000000,BR_009,0,normal
TXN_001677,ACC_10014,20118.58,TRANSFER,EXT_10419,2026-09-04 13:49:30.000000,BR_006,0,normal
TXN_001678,ACC_10017,1356.17,TRANSFER,EXT_10433,2026-09-04 13:51:40.000000,BR_009,0,normal
TXN_001679,ACC_10023,1758.95,CREDIT,EXT_10387,2026-09-04 13:57:23.000000,BR_009,0,normal
TXN_001680,ACC_10010,374271.63,TRANSFER,ACC_10040,2026-09-04 13:57:39.000000,BR_006,1,circular_transfer
TXN_001681,ACC_10013,1012.73,CREDIT,EXT_10398,2026-09-04 13:57:41.000000,BR_006,0,normal
TXN_001682,ACC_10037,7444.1,DEBIT,EXT_10002,2026-09-04 14:01:43.000000,BR_009,0,normal
TXN_001683,ACC_10009,45085.01,TRANSFER,EXT_10400,2026-09-04 14:02:08.000000,BR_006,1,structuring
TXN_001684,ACC_10044,500.0,DEBIT,EXT_10355,2026-09-04 14:02:12.000000,BR_009,0,normal
TXN_001685,ACC_10008,15079.65,CREDIT,EXT_10211,2026-09-04 14:03:18.000000,BR_009,0,normal
TXN_001686,ACC_10024,1505.24,DEBIT,EXT_10056,2026-09-04 14:04:42.000000,BR_009,0,normal
TXN_001687,ACC_10023,2497.97,DEBIT,EXT_10070,2026-09-04 14:05:29.000000,BR_009,0,normal
TXN_001688,ACC_10019,2508.19,TRANSFER,EXT_10013,2026-09-04 14:09:55.000000,BR_009,0,normal
TXN_001689,ACC_10009,37245.33,TRANSFER,EXT_10349,2026-09-04 14:11:08.000000,BR_006,1,structuring
TXN_001690,ACC_10009,3511.12,TRANSFER,EXT_10075,2026-09-04 14:11:45.000000,BR_006,0,normal
TXN_001691,ACC_10040,374271.63,TRANSFER,ACC_10041,2026-09-04 14:12:39.000000,BR_009,1,circular_transfer
TXN_001692,ACC_10008,556.96,PAYMENT,EXT_10489,2026-09-04 14:12:41.000000,BR_009,0,normal
TXN_001693,ACC_10029,2505.99,DEBIT,EXT_10190,2026-09-04 14:16:50.000000,BR_009,0,normal
TXN_001694,ACC_10036,5960.78,DEBIT,EXT_10451,2026-09-04 14:17:08.000000,BR_009,0,normal
TXN_001695,ACC_10034,2082.51,CREDIT,EXT_10388,2026-09-04 14:17:51.000000,BR_009,0,normal
TXN_001696,ACC_10037,3424.61,DEBIT,EXT_10259,2026-09-04 14:19:44.000000,BR_009,0,normal
TXN_001697,ACC_10025,1655.41,CREDIT,EXT_10354,2026-09-04 14:20:18.000000,BR_009,0,normal
TXN_001698,ACC_10046,12714.84,CREDIT,EXT_10098,2026-09-04 14:25:06.000000,BR_009,0,normal
TXN_001699,ACC_10026,691.88,DEBIT,EXT_10034,2026-09-04 14:29:40.000000,BR_009,0,normal
TXN_001700,ACC_10045,1961.29,TRANSFER,EXT_10219,2026-09-04 14:32:16.000000,BR_009,0,normal
TXN_001701,ACC_10036,2963.53,DEBIT,EXT_10144,2026-09-04 14:35:48.000000,BR_009,0,normal
TXN_001702,ACC_10029,667.62,CREDIT,EXT_10161,2026-09-04 14:38:01.000000,BR_009,0,normal
TXN_001703,ACC_10019,717.82,DEBIT,EXT_10421,2026-09-04 14:38:51.000000,BR_009,0,normal
TXN_001704,ACC_10040,1314.27,DEBIT,EXT_10328,2026-09-04 14:43:44.000000,BR_009,0,normal
TXN_001705,ACC_10018,47401.21,CREDIT,EXT_10181,2026-09-04 14:44:59.000000,BR_009,0,normal
TXN_001706,ACC_10030,637.22,TRANSFER,EXT_10337,2026-09-04 14:48:17.000000,BR_009,0,normal
TXN_001707,ACC_10029,4567.17,TRANSFER,EXT_10074,2026-09-04 14:51:17.000000,BR_009,0,normal
TXN_001708,ACC_10005,798.47,TRANSFER,EXT_10340,2026-09-04 14:52:45.000000,BR_009,0,normal
TXN_001709,ACC_10006,3564.28,TRANSFER,EXT_10248,2026-09-04 14:54:54.000000,BR_009,0,normal
TXN_001710,ACC_10025,10291.23,TRANSFER,EXT_10044,2026-09-04 14:55:37.000000,BR_009,0,normal
TXN_001711,ACC_10000,7927.78,TRANSFER,EXT_10483,2026-09-04 14:56:42.000000,BR_009,0,normal
TXN_001712,ACC_10005,500.0,DEBIT,EXT_10143,2026-09-04 14:59:23.000000,BR_009,0,normal
TXN_001713,ACC_10039,500.0,TRANSFER,EXT_10258,2026-09-04 15:02:50.000000,BR_009,0,normal
TXN_001714,ACC_10022,8432.07,TRANSFER,EXT_10367,2026-09-04 15:04:18.000000,BR_009,0,normal
TXN_001715,ACC_10018,500.0,DEBIT,EXT_10119,2026-09-04 15:04:42.000000,BR_009,0,normal
TXN_001716,ACC_10042,13897.32,TRANSFER,EXT_10473,2026-09-04 15:05:39.000000,BR_009,0,normal
TXN_001717,ACC_10044,1297.97,CREDIT,EXT_10307,2026-09-04 15:06:06.000000,BR_009,0,normal
TXN_001718,ACC_10012,11116.41,DEBIT,EXT_10304,2026-09-04 15:06:24.000000,BR_009,0,normal
TXN_001719,ACC_10045,11320.45,TRANSFER,EXT_10052,2026-09-04 15:06:56.000000,BR_009,0,normal
TXN_001720,ACC_10026,1194.63,CREDIT,EXT_10429,2026-09-04 15:07:24.000000,BR_009,0,normal
TXN_001721,ACC_10023,9051.44,DEBIT,EXT_10009,2026-09-04 15:08:16.000000,BR_009,0,normal
TXN_001722,ACC_10000,3019.77,CREDIT,EXT_10372,2026-09-04 15:10:11.000000,BR_009,0,normal
TXN_001723,ACC_10007,8681.06,TRANSFER,EXT_10032,2026-09-04 15:10:17.000000,BR_009,0,normal
TXN_001724,ACC_10038,1721.6,DEBIT,EXT_10056,2026-09-04 15:10:23.000000,BR_009,0,normal
TXN_001725,ACC_10004,921.2,CREDIT,EXT_10122,2026-09-04 15:11:54.000000,BR_009,0,normal
TXN_001726,ACC_10015,6261.78,DEBIT,EXT_10027,2026-09-04 15:15:10.000000,BR_009,0,normal
TXN_001727,ACC_10002,31590.96,TRANSFER,EXT_10483,2026-09-04 15:16:02.000000,BR_009,0,normal
TXN_001728,ACC_10043,2313.62,CREDIT,EXT_10171,2026-09-04 15:20:10.000000,BR_009,0,normal
TXN_001729,ACC_10038,20644.89,DEBIT,EXT_10478,2026-09-04 15:22:32.000000,BR_009,0,normal
TXN_001730,ACC_10017,596.28,DEBIT,EXT_10123,2026-09-04 15:27:50.000000,BR_009,0,normal
TXN_001731,ACC_10025,2585.55,DEBIT,EXT_10222,2026-09-04 15:31:49.000000,BR_009,0,normal
TXN_001732,ACC_10039,500.0,CREDIT,EXT_10185,2026-09-04 15:32:53.000000,BR_009,0,normal
TXN_001733,ACC_10018,11665.72,TRANSFER,EXT_10329,2026-09-04 15:35:27.000000,BR_009,0,normal
TXN_001734,ACC_10018,2864.43,TRANSFER,EXT_10424,2026-09-04 15:35:40.000000,BR_009,0,normal
TXN_001735,ACC_10043,2243.79,CREDIT,EXT_10481,2026-09-04 15:36:47.000000,BR_009,0,normal
TXN_001736,ACC_10021,500.0,PAYMENT,EXT_10029,2026-09-04 15:38:09.000000,BR_009,0,normal
TXN_001737,ACC_10013,15809.34,DEBIT,EXT_10044,2026-09-04 15:39:00.000000,BR_006,0,normal
TXN_001738,ACC_10022,888.92,DEBIT,EXT_10311,2026-09-04 15:39:13.000000,BR_009,0,normal
TXN_001739,ACC_10046,500.0,TRANSFER,EXT_10214,2026-09-04 15:41:39.000000,BR_009,0,normal
TXN_001740,ACC_10023,4880.57,CREDIT,EXT_10140,2026-09-04 15:42:35.000000,BR_009,0,normal
TXN_001741,ACC_10015,1106.35,DEBIT,EXT_10374,2026-09-04 15:43:08.000000,BR_009,0,normal
TXN_001742,ACC_10018,1518.65,CREDIT,EXT_10108,2026-09-04 15:45:15.000000,BR_009,0,normal
TXN_001743,ACC_10041,5078.18,CREDIT,EXT_10477,2026-09-04 15:47:51.000000,BR_009,0,normal
TXN_001744,ACC_10036,4105.69,DEBIT,EXT_10315,2026-09-04 15:50:52.000000,BR_009,0,normal
TXN_001745,ACC_10007,200000.0,DEBIT,EXT_10077,2026-09-04 15:54:36.000000,BR_009,0,normal
TXN_001746,ACC_10018,709.96,DEBIT,EXT_10482,2026-09-04 15:55:18.000000,BR_009,0,normal
TXN_001747,ACC_10041,10121.52,TRANSFER,EXT_10053,2026-09-04 15:56:22.000000,BR_009,0,normal
TXN_001748,ACC_10023,1796.36,TRANSFER,EXT_10255,2026-09-04 15:56:44.000000,BR_009,0,normal
TXN_001749,ACC_10040,13797.24,DEBIT,EXT_10189,2026-09-04 15:57:16.000000,BR_009,0,normal
TXN_001750,ACC_10028,2335.75,CREDIT,EXT_10382,2026-09-04 15:59:49.000000,BR_006,0,normal
TXN_001751,ACC_10021,8784.66,DEBIT,EXT_10224,2026-09-04 16:00:07.000000,BR_009,0,normal
TXN_001752,ACC_10011,16269.78,DEBIT,EXT_10008,2026-09-04 16:00:35.000000,BR_009,0,normal
TXN_001753,ACC_10002,500.0,DEBIT,EXT_10261,2026-09-04 16:06:00.000000,BR_009,0,normal
TXN_001754,ACC_10048,3303.94,TRANSFER,EXT_10495,2026-09-04 16:08:14.000000,BR_009,0,normal
TXN_001755,ACC_10045,19912.9,TRANSFER,EXT_10074,2026-09-04 16:10:52.000000,BR_009,0,normal
TXN_001756,ACC_10024,2565.81,TRANSFER,EXT_10294,2026-09-04 16:11:50.000000,BR_009,0,normal
TXN_001757,ACC_10038,944.13,TRANSFER,EXT_10140,2026-09-04 16:13:04.000000,BR_009,0,normal
TXN_001758,ACC_10033,4257.17,PAYMENT,EXT_10208,2026-09-04 16:13:41.000000,BR_009,0,normal
TXN_001759,ACC_10010,1867.96,TRANSFER,EXT_10327,2026-09-04 16:14:22.000000,BR_006,0,normal
TXN_001760,ACC_10015,3194.53,DEBIT,EXT_10225,2026-09-04 16:16:39.000000,BR_009,0,normal
TXN_001761,ACC_10021,1726.12,TRANSFER,EXT_10232,2026-09-04 16:28:50.000000,BR_009,0,normal
TXN_001762,ACC_10027,4925.28,TRANSFER,EXT_10015,2026-09-04 16:29:55.000000,BR_009,0,normal
TXN_001763,ACC_10027,200000.0,TRANSFER,EXT_10291,2026-09-04 16:32:12.000000,BR_009,0,normal
TXN_001764,ACC_10034,500.0,DEBIT,EXT_10458,2026-09-04 16:34:00.000000,BR_009,0,normal
TXN_001765,ACC_10030,6560.86,DEBIT,EXT_10287,2026-09-04 16:37:25.000000,BR_009,0,normal
TXN_001766,ACC_10043,1397.17,DEBIT,EXT_10341,2026-09-04 16:38:29.000000,BR_009,0,normal
TXN_001767,ACC_10042,21239.81,DEBIT,EXT_10290,2026-09-04 16:38:57.000000,BR_009,0,normal
TXN_001768,ACC_10048,14199.93,PAYMENT,EXT_10183,2026-09-04 16:39:48.000000,BR_009,0,normal
TXN_001769,ACC_10012,61617.6,CREDIT,EXT_10155,2026-09-04 16:39:55.000000,BR_009,0,normal
TXN_001770,ACC_10049,39793.72,CREDIT,EXT_10064,2026-09-04 16:41:22.000000,BR_006,0,normal
TXN_001771,ACC_10008,978.19,DEBIT,EXT_10337,2026-09-04 16:41:31.000000,BR_009,0,normal
TXN_001772,ACC_10004,500.0,PAYMENT,EXT_10159,2026-09-04 16:44:15.000000,BR_009,0,normal
TXN_001773,ACC_10048,3145.29,DEBIT,EXT_10267,2026-09-04 16:44:57.000000,BR_009,0,normal
TXN_001774,ACC_10031,690.55,DEBIT,EXT_10278,2026-09-04 16:46:20.000000,BR_009,0,normal
TXN_001775,ACC_10039,2540.19,PAYMENT,EXT_10250,2026-09-04 16:48:14.000000,BR_009,0,normal
TXN_001776,ACC_10024,2922.53,PAYMENT,EXT_10197,2026-09-04 16:49:22.000000,BR_009,0,normal
TXN_001777,ACC_10019,40877.5,TRANSFER,EXT_10423,2026-09-04 16:59:39.000000,BR_009,0,normal
TXN_001778,ACC_10012,7880.49,DEBIT,EXT_10173,2026-09-04 16:59:55.000000,BR_009,0,normal
TXN_001779,ACC_10000,2861.36,DEBIT,EXT_10089,2026-09-04 17:00:08.000000,BR_009,0,normal
TXN_001780,ACC_10023,16352.43,TRANSFER,EXT_10322,2026-09-04 17:00:33.000000,BR_009,0,normal
TXN_001781,ACC_10045,3628.09,DEBIT,EXT_10472,2026-09-04 17:02:36.000000,BR_009,0,normal
TXN_001782,ACC_10024,2703.31,CREDIT,EXT_10197,2026-09-04 17:07:47.000000,BR_009,0,normal
TXN_001783,ACC_10042,21937.87,PAYMENT,EXT_10215,2026-09-04 17:10:16.000000,BR_009,0,normal
TXN_001784,ACC_10036,1178.76,CREDIT,EXT_10223,2026-09-04 17:12:42.000000,BR_009,0,normal
TXN_001785,ACC_10018,500.0,DEBIT,EXT_10302,2026-09-04 17:14:13.000000,BR_009,0,normal
TXN_001786,ACC_10045,4086.0,TRANSFER,EXT_10269,2026-09-04 17:17:15.000000,BR_009,0,normal
TXN_001787,ACC_10025,4583.4,DEBIT,EXT_10011,2026-09-04 17:19:54.000000,BR_009,0,normal
TXN_001788,ACC_10030,1489.0,CREDIT,EXT_10461,2026-09-04 17:22:23.000000,BR_009,0,normal
TXN_001789,ACC_10022,4261.21,TRANSFER,EXT_10075,2026-09-04 17:22:59.000000,BR_009,0,normal
TXN_001790,ACC_10015,3811.44,TRANSFER,EXT_10033,2026-09-04 17:25:47.000000,BR_009,0,normal
TXN_001791,ACC_10015,1703.75,TRANSFER,EXT_10447,2026-09-04 17:26:08.000000,BR_009,0,normal
TXN_001792,ACC_10023,500.0,CREDIT,EXT_10498,2026-09-04 17:29:08.000000,BR_009,0,normal
TXN_001793,ACC_10008,921.95,CREDIT,EXT_10088,2026-09-04 17:29:23.000000,BR_009,0,normal
TXN_001794,ACC_10024,1387.58,TRANSFER,EXT_10412,2026-09-04 17:32:23.000000,BR_009,0,normal
TXN_001795,ACC_10032,10744.1,TRANSFER,EXT_10395,2026-09-04 17:32:28.000000,BR_009,0,normal
TXN_001796,ACC_10018,500.0,CREDIT,EXT_10242,2026-09-04 17:32:32.000000,BR_009,0,normal
TXN_001797,ACC_10042,500.0,DEBIT,EXT_10392,2026-09-04 17:35:56.000000,BR_009,0,normal
TXN_001798,ACC_10003,11581.16,DEBIT,EXT_10418,2026-09-04 17:38:43.000000,BR_009,0,normal
TXN_001799,ACC_10022,12951.72,DEBIT,EXT_10125,2026-09-04 17:39:51.000000,BR_009,0,normal
TXN_001800,ACC_10048,78857.62,TRANSFER,EXT_10118,2026-09-04 17:40:16.000000,BR_009,0,normal
TXN_001801,ACC_10020,4791.62,TRANSFER,EXT_10011,2026-09-04 17:41:13.000000,BR_009,0,normal
TXN_001802,ACC_10021,3355.94,PAYMENT,EXT_10403,2026-09-04 17:41:33.000000,BR_009,0,normal
TXN_001803,ACC_10024,11397.87,CREDIT,EXT_10374,2026-09-04 17:42:27.000000,BR_009,0,normal
TXN_001804,ACC_10049,836.69,CREDIT,EXT_10044,2026-09-04 17:42:54.000000,BR_006,0,normal
TXN_001805,ACC_10040,195127.99,DEBIT,EXT_10147,2026-09-04 17:45:28.000000,BR_009,0,normal
TXN_001806,ACC_10042,2827.17,TRANSFER,EXT_10125,2026-09-04 17:46:21.000000,BR_009,0,normal
TXN_001807,ACC_10002,1128.52,TRANSFER,EXT_10198,2026-09-04 17:49:05.000000,BR_009,0,normal
TXN_001808,ACC_10025,15914.84,TRANSFER,EXT_10469,2026-09-04 17:51:38.000000,BR_009,0,normal
TXN_001809,ACC_10033,9009.46,TRANSFER,EXT_10255,2026-09-04 17:51:39.000000,BR_009,0,normal
TXN_001810,ACC_10039,52509.66,TRANSFER,EXT_10053,2026-09-04 17:55:21.000000,BR_009,0,normal
TXN_001811,ACC_10016,553.35,PAYMENT,EXT_10435,2026-09-04 17:57:38.000000,BR_009,0,normal
TXN_001812,ACC_10046,10205.4,CREDIT,EXT_10330,2026-09-04 17:58:41.000000,BR_009,0,normal
TXN_001813,ACC_10022,2820.96,CREDIT,EXT_10114,2026-09-04 17:59:26.000000,BR_009,0,normal
TXN_001814,ACC_10005,8464.51,CREDIT,EXT_10446,2026-09-05 09:13:03.000000,BR_009,0,normal
TXN_001815,ACC_10003,3056.07,CREDIT,EXT_10106,2026-09-05 09:21:28.000000,BR_009,0,normal
TXN_001816,ACC_10019,1125.17,DEBIT,EXT_10022,2026-09-05 10:05:00.000000,BR_009,0,normal
TXN_001817,ACC_10036,3896.1,TRANSFER,EXT_10085,2026-09-05 10:08:17.000000,BR_009,0,normal
TXN_001818,ACC_10045,1663.49,TRANSFER,EXT_10160,2026-09-05 10:13:34.000000,BR_009,0,normal
TXN_001819,ACC_10034,3099.24,TRANSFER,EXT_10260,2026-09-05 10:17:55.000000,BR_009,0,normal
TXN_001820,ACC_10014,9643.19,DEBIT,EXT_10334,2026-09-05 10:29:50.000000,BR_006,0,normal
TXN_001821,ACC_10049,24537.08,TRANSFER,EXT_10292,2026-09-05 11:11:18.000000,BR_006,0,normal
TXN_001822,ACC_10008,4115.06,CREDIT,EXT_10371,2026-09-05 11:22:56.000000,BR_009,0,normal
TXN_001823,ACC_10042,14204.93,DEBIT,EXT_10048,2026-09-05 12:22:32.000000,BR_009,0,normal
TXN_001824,ACC_10045,12213.42,TRANSFER,EXT_10489,2026-09-05 12:36:09.000000,BR_009,0,normal
TXN_001825,ACC_10009,40877.3,CREDIT,EXT_10006,2026-09-05 12:49:54.000000,BR_006,0,normal
TXN_001826,ACC_10040,1188.74,CREDIT,EXT_10193,2026-09-05 13:23:09.000000,BR_009,0,normal
TXN_001827,ACC_10027,4355.81,DEBIT,EXT_10035,2026-09-05 13:23:29.000000,BR_009,0,normal
TXN_001828,ACC_10036,5562.06,DEBIT,EXT_10171,2026-09-05 13:41:37.000000,BR_009,0,normal
TXN_001829,ACC_10025,32350.18,TRANSFER,EXT_10209,2026-09-05 14:09:35.000000,BR_009,1,structuring
TXN_001830,ACC_10025,36003.3,TRANSFER,EXT_10217,2026-09-05 14:11:35.000000,BR_009,1,structuring
TXN_001831,ACC_10025,40650.22,TRANSFER,EXT_10342,2026-09-05 14:19:35.000000,BR_009,1,structuring
TXN_001832,ACC_10025,33115.05,TRANSFER,EXT_10442,2026-09-05 14:27:35.000000,BR_009,1,structuring
TXN_001833,ACC_10025,44899.34,TRANSFER,EXT_10224,2026-09-05 14:48:35.000000,BR_009,1,structuring
TXN_001834,ACC_10001,5891.27,DEBIT,EXT_10149,2026-09-05 15:05:58.000000,BR_009,0,normal
TXN_001835,ACC_10017,1855.26,CREDIT,EXT_10149,2026-09-05 15:06:04.000000,BR_009,0,normal
TXN_001836,ACC_10038,7958.04,CREDIT,EXT_10352,2026-09-05 15:10:28.000000,BR_009,0,normal
TXN_001837,ACC_10025,48740.32,TRANSFER,EXT_10125,2026-09-05 15:17:35.000000,BR_009,1,structuring
TXN_001838,ACC_10001,4174.05,CREDIT,EXT_10267,2026-09-05 15:24:05.000000,BR_009,0,normal
TXN_001839,ACC_10025,44328.29,TRANSFER,EXT_10417,2026-09-05 15:29:35.000000,BR_009,1,structuring
TXN_001840,ACC_10026,799.77,DEBIT,EXT_10352,2026-09-05 15:43:57.000000,BR_009,0,normal
TXN_001841,ACC_10008,3127.68,TRANSFER,EXT_10382,2026-09-05 16:20:50.000000,BR_009,0,normal
TXN_001842,ACC_10046,2422.01,PAYMENT,EXT_10221,2026-09-05 16:31:30.000000,BR_009,0,normal
TXN_001843,ACC_10002,1748.24,CREDIT,EXT_10471,2026-09-05 16:40:45.000000,BR_009,0,normal
TXN_001844,ACC_10007,19350.47,CREDIT,EXT_10093,2026-09-05 16:49:01.000000,BR_009,0,normal
TXN_001845,ACC_10037,70205.81,DEBIT,EXT_10345,2026-09-05 17:06:36.000000,BR_009,0,normal
TXN_001846,ACC_10015,1268.47,DEBIT,EXT_10305,2026-09-05 17:42:51.000000,BR_009,0,normal
TXN_001847,ACC_10007,1323.37,TRANSFER,EXT_10193,2026-09-05 17:47:43.000000,BR_009,0,normal
TXN_001848,ACC_10020,2767.34,TRANSFER,EXT_10228,2026-09-05 17:51:21.000000,BR_009,0,normal
TXN_001849,ACC_10023,1937.58,DEBIT,EXT_10193,2026-09-06 09:02:04.000000,BR_009,0,normal
TXN_001850,ACC_10011,10830.36,CREDIT,EXT_10317,2026-09-06 09:10:03.000000,BR_009,0,normal
TXN_001851,ACC_10011,8314.35,CREDIT,EXT_10303,2026-09-06 09:10:58.000000,BR_009,0,normal
TXN_001852,ACC_10043,109534.41,TRANSFER,EXT_10151,2026-09-06 09:37:24.269721,BR_001,1,temporal_link
TXN_001853,ACC_10023,2135.0,DEBIT,EXT_10012,2026-09-06 09:43:19.000000,BR_009,0,normal
TXN_001854,ACC_10013,126190.54,TRANSFER,EXT_10467,2026-09-06 09:46:00.466598,BR_001,1,temporal_link
TXN_001855,ACC_10022,194201.71,TRANSFER,EXT_10319,2026-09-06 09:46:23.341213,BR_001,1,temporal_link
TXN_001856,ACC_10041,179984.03,TRANSFER,EXT_10132,2026-09-06 10:11:23.330528,BR_001,1,temporal_link
TXN_001857,ACC_10043,500.0,PAYMENT,EXT_10397,2026-09-06 10:11:50.000000,BR_009,0,normal
TXN_001858,ACC_10015,86086.85,TRANSFER,EXT_10405,2026-09-06 10:11:55.229090,BR_001,1,temporal_link
TXN_001859,ACC_10003,85950.48,TRANSFER,EXT_10338,2026-09-06 10:12:58.022394,BR_001,1,temporal_link
TXN_001860,ACC_10022,14134.52,DEBIT,EXT_10318,2026-09-06 10:13:24.000000,BR_009,0,normal
TXN_001861,ACC_10020,148481.65,TRANSFER,EXT_10436,2026-09-06 10:15:55.940726,BR_001,1,temporal_link
TXN_001862,ACC_10027,86176.56,TRANSFER,EXT_10295,2026-09-06 10:20:54.701715,BR_001,1,temporal_link
TXN_001863,ACC_10046,122896.45,TRANSFER,EXT_10200,2026-09-06 10:32:05.276554,BR_001,1,temporal_link
TXN_001864,ACC_10024,96015.4,TRANSFER,EXT_10132,2026-09-06 10:33:26.358893,BR_001,1,temporal_link
TXN_001865,ACC_10022,189515.65,TRANSFER,EXT_10084,2026-09-06 10:38:35.835622,BR_001,1,temporal_link
TXN_001866,ACC_10002,29513.26,DEBIT,EXT_10311,2026-09-06 10:39:41.000000,BR_009,0,normal
TXN_001867,ACC_10025,168576.72,TRANSFER,EXT_10378,2026-09-06 10:41:05.666469,BR_001,1,temporal_link
TXN_001868,ACC_10025,92803.29,TRANSFER,EXT_10173,2026-09-06 10:46:15.783466,BR_001,1,temporal_link
TXN_001869,ACC_10039,125956.37,TRANSFER,EXT_10021,2026-09-06 10:49:45.769609,BR_001,1,temporal_link
TXN_001870,ACC_10042,90307.28,TRANSFER,EXT_10374,2026-09-06 10:56:51.204724,BR_001,1,temporal_link
TXN_001871,ACC_10041,120492.19,TRANSFER,EXT_10129,2026-09-06 10:57:53.960581,BR_001,1,temporal_link
TXN_001872,ACC_10000,120293.13,TRANSFER,EXT_10062,2026-09-06 11:00:54.536955,BR_001,1,temporal_link
TXN_001873,ACC_10013,500.0,TRANSFER,EXT_10306,2026-09-06 11:06:35.000000,BR_006,0,normal
TXN_001874,ACC_10028,160893.37,TRANSFER,EXT_10222,2026-09-06 11:32:06.028195,BR_001,1,temporal_link
TXN_001875,ACC_10026,2612.09,CREDIT,EXT_10426,2026-09-06 11:33:34.000000,BR_009,0,normal
TXN_001876,ACC_10040,1236.92,CREDIT,EXT_10490,2026-09-06 11:40:55.000000,BR_009,0,normal
TXN_001877,ACC_10034,2781.95,DEBIT,EXT_10200,2026-09-06 11:41:51.000000,BR_009,0,normal
TXN_001878,ACC_10013,167698.31,TRANSFER,EXT_10006,2026-09-06 11:52:00.143670,BR_001,1,temporal_link
TXN_001879,ACC_10047,120865.29,TRANSFER,EXT_10481,2026-09-06 11:59:26.572234,BR_001,1,temporal_link
TXN_001880,ACC_10032,15300.78,PAYMENT,EXT_10069,2026-09-06 12:03:50.000000,BR_009,0,normal
TXN_001881,ACC_10034,190522.79,TRANSFER,EXT_10168,2026-09-06 12:08:58.021619,BR_001,1,temporal_link
TXN_001882,ACC_10028,24868.77,TRANSFER,EXT_10166,2026-09-06 12:10:56.000000,BR_006,0,normal
TXN_001883,ACC_10037,93988.74,TRANSFER,EXT_10331,2026-09-06 12:13:40.018008,BR_001,1,temporal_link
TXN_001884,ACC_10003,160037.93,TRANSFER,EXT_10372,2026-09-06 12:15:57.544722,BR_001,1,temporal_link
TXN_001885,ACC_10015,100452.25,TRANSFER,EXT_10030,2026-09-06 12:16:14.439828,BR_001,1,temporal_link
TXN_001886,ACC_10016,163597.09,TRANSFER,EXT_10450,2026-09-06 12:16:31.724696,BR_001,1,temporal_link
TXN_001887,ACC_10040,2373.04,PAYMENT,EXT_10017,2026-09-06 12:46:30.000000,BR_009,0,normal
TXN_001888,ACC_10045,101321.49,TRANSFER,EXT_10411,2026-09-06 12:46:41.400348,BR_001,1,temporal_link
TXN_001889,ACC_10017,103460.4,TRANSFER,EXT_10196,2026-09-06 12:57:34.000000,BR_009,0,normal
TXN_001890,ACC_10001,101393.78,TRANSFER,EXT_10043,2026-09-06 13:00:03.446387,BR_001,1,temporal_link
TXN_001891,ACC_10001,183534.44,TRANSFER,EXT_10329,2026-09-06 13:07:26.198374,BR_001,1,temporal_link
TXN_001892,ACC_10036,158049.18,TRANSFER,EXT_10081,2026-09-06 13:07:45.806537,BR_001,1,temporal_link
TXN_001893,ACC_10005,4906.93,DEBIT,EXT_10140,2026-09-06 13:08:56.000000,BR_009,0,normal
TXN_001894,ACC_10031,1177.36,TRANSFER,EXT_10495,2026-09-06 13:12:22.000000,BR_009,0,normal
TXN_001895,ACC_10019,5630.34,CREDIT,EXT_10289,2026-09-06 13:12:54.000000,BR_009,0,normal
TXN_001896,ACC_10037,189258.61,TRANSFER,EXT_10138,2026-09-06 13:14:28.354414,BR_001,1,temporal_link
TXN_001897,ACC_10049,114823.18,TRANSFER,EXT_10145,2026-09-06 13:16:52.359781,BR_001,1,temporal_link
TXN_001898,ACC_10022,2166.85,TRANSFER,EXT_10384,2026-09-06 13:22:11.000000,BR_009,0,normal
TXN_001899,ACC_10003,90090.89,TRANSFER,EXT_10417,2026-09-06 13:42:20.462345,BR_001,1,temporal_link
TXN_001900,ACC_10043,2859.11,DEBIT,EXT_10422,2026-09-06 13:47:00.000000,BR_009,0,normal
TXN_001901,ACC_10008,123418.04,TRANSFER,EXT_10360,2026-09-06 13:50:08.762587,BR_001,1,temporal_link
TXN_001902,ACC_10040,149269.57,TRANSFER,EXT_10097,2026-09-06 13:54:32.837718,BR_001,1,temporal_link
TXN_001903,ACC_10035,114141.17,TRANSFER,EXT_10086,2026-09-06 14:06:52.975593,BR_001,1,temporal_link
TXN_001904,ACC_10044,98460.35,TRANSFER,EXT_10463,2026-09-06 14:16:28.387687,BR_001,1,temporal_link
TXN_001905,ACC_10040,500.0,CREDIT,EXT_10031,2026-09-06 14:17:47.000000,BR_009,0,normal
TXN_001906,ACC_10020,2922.83,DEBIT,EXT_10263,2026-09-06 14:22:10.000000,BR_009,0,normal
TXN_001907,ACC_10026,99474.79,TRANSFER,EXT_10363,2026-09-06 14:22:36.454264,BR_001,1,temporal_link
TXN_001908,ACC_10025,134026.95,TRANSFER,EXT_10455,2026-09-06 14:29:46.990333,BR_001,1,temporal_link
TXN_001909,ACC_10018,86196.94,TRANSFER,EXT_10461,2026-09-06 14:36:12.465052,BR_001,1,temporal_link
TXN_001910,ACC_10008,116327.13,TRANSFER,EXT_10157,2026-09-06 14:39:43.191957,BR_001,1,temporal_link
TXN_001911,ACC_10038,197563.12,TRANSFER,EXT_10262,2026-09-06 14:39:59.902328,BR_001,1,temporal_link
TXN_001912,ACC_10038,126920.45,TRANSFER,EXT_10186,2026-09-06 14:57:21.728273,BR_001,1,temporal_link
TXN_001913,ACC_10004,1200.69,TRANSFER,EXT_10353,2026-09-06 15:17:04.000000,BR_009,0,normal
TXN_001914,ACC_10025,17082.8,TRANSFER,EXT_10029,2026-09-06 15:21:01.000000,BR_009,0,normal
TXN_001915,ACC_10044,1619.02,TRANSFER,EXT_10308,2026-09-06 15:23:20.000000,BR_009,0,normal
TXN_001916,ACC_10027,22535.46,TRANSFER,EXT_10341,2026-09-06 15:33:09.000000,BR_009,0,normal
TXN_001917,ACC_10000,12344.99,CREDIT,EXT_10188,2026-09-06 15:40:25.000000,BR_009,0,normal
TXN_001918,ACC_10000,135602.13,TRANSFER,EXT_10481,2026-09-06 15:53:03.286524,BR_001,1,temporal_link
TXN_001919,ACC_10048,145251.1,TRANSFER,EXT_10353,2026-09-06 15:53:25.726874,BR_001,1,temporal_link
TXN_001920,ACC_10013,94954.91,TRANSFER,EXT_10338,2026-09-06 16:01:30.744370,BR_001,1,temporal_link
TXN_001921,ACC_10030,186429.83,TRANSFER,EXT_10167,2026-09-06 16:06:47.810637,BR_001,1,temporal_link
TXN_001922,ACC_10039,194197.56,TRANSFER,EXT_10467,2026-09-06 16:41:17.792547,BR_001,1,temporal_link
TXN_001923,ACC_10005,194791.02,TRANSFER,EXT_10355,2026-09-06 16:52:26.883241,BR_001,1,temporal_link
TXN_001924,ACC_10043,94850.49,TRANSFER,EXT_10465,2026-09-06 17:01:26.135168,BR_001,1,temporal_link
TXN_001925,ACC_10028,102966.65,TRANSFER,EXT_10076,2026-09-06 17:05:27.998851,BR_001,1,temporal_link
TXN_001926,ACC_10029,14118.98,TRANSFER,EXT_10253,2026-09-06 17:18:13.000000,BR_009,0,normal
TXN_001927,ACC_10018,200000.0,CREDIT,EXT_10219,2026-09-06 17:31:48.000000,BR_009,0,normal
TXN_001928,ACC_10006,9124.93,PAYMENT,EXT_10485,2026-09-06 17:47:14.000000,BR_009,0,normal
TXN_001929,ACC_10044,1885.15,CREDIT,EXT_10426,2026-09-07 09:02:55.000000,BR_009,0,normal
TXN_001930,ACC_10049,66872.93,DEBIT,EXT_10159,2026-09-07 09:03:28.000000,BR_006,0,clean_busy
TXN_001931,ACC_10005,9219.54,TRANSFER,EXT_10438,2026-09-07 09:06:35.000000,BR_009,0,normal
TXN_001932,ACC_10024,841.17,TRANSFER,EXT_10118,2026-09-07 09:06:43.000000,BR_009,0,normal
TXN_001933,ACC_10021,4197.97,DEBIT,EXT_10261,2026-09-07 09:11:37.000000,BR_009,0,normal
TXN_001934,ACC_10018,13001.83,CREDIT,EXT_10200,2026-09-07 09:11:39.000000,BR_009,0,normal
TXN_001935,ACC_10000,1256.54,CREDIT,EXT_10047,2026-09-07 09:13:56.000000,BR_009,0,normal
TXN_001936,ACC_10043,40786.07,CREDIT,EXT_10314,2026-09-07 09:15:07.000000,BR_009,0,normal
TXN_001937,ACC_10007,6551.44,DEBIT,EXT_10215,2026-09-07 09:15:18.000000,BR_009,0,clean_busy
TXN_001938,ACC_10042,820.55,TRANSFER,EXT_10315,2026-09-07 09:17:07.000000,BR_009,0,normal
TXN_001939,ACC_10014,48528.8,TRANSFER,EXT_10054,2026-09-07 09:17:07.000000,BR_006,0,normal
TXN_001940,ACC_10028,5046.21,DEBIT,EXT_10306,2026-09-07 09:20:24.000000,BR_006,0,normal
TXN_001941,ACC_10029,12649.82,PAYMENT,EXT_10122,2026-09-07 09:27:28.000000,BR_009,0,normal
TXN_001942,ACC_10031,9699.59,TRANSFER,EXT_10088,2026-09-07 09:31:26.000000,BR_009,0,normal
TXN_001943,ACC_10031,2504.92,CREDIT,EXT_10004,2026-09-07 09:32:01.000000,BR_009,0,normal
TXN_001944,ACC_10037,4148.56,CREDIT,EXT_10471,2026-09-07 09:33:34.000000,BR_009,0,normal
TXN_001945,ACC_10049,3719.71,CREDIT,EXT_10454,2026-09-07 09:36:10.000000,BR_006,0,clean_busy
TXN_001946,ACC_10007,4168.19,TRANSFER,EXT_10340,2026-09-07 09:37:02.000000,BR_009,0,clean_busy
TXN_001947,ACC_10037,5686.18,TRANSFER,EXT_10147,2026-09-07 09:38:06.000000,BR_009,0,normal
TXN_001948,ACC_10019,1149.78,DEBIT,EXT_10018,2026-09-07 09:38:44.000000,BR_009,0,normal
TXN_001949,ACC_10007,11416.32,DEBIT,EXT_10076,2026-09-07 09:40:03.000000,BR_009,0,clean_busy
TXN_001950,ACC_10049,3900.83,TRANSFER,EXT_10107,2026-09-07 09:43:36.000000,BR_006,0,clean_busy
TXN_001951,ACC_10026,18136.02,CREDIT,EXT_10001,2026-09-07 09:45:43.000000,BR_009,0,normal
TXN_001952,ACC_10035,3160.07,CREDIT,EXT_10174,2026-09-07 09:45:58.000000,BR_009,0,normal
TXN_001953,ACC_10007,790.73,DEBIT,EXT_10451,2026-09-07 09:54:40.000000,BR_009,0,clean_busy
TXN_001954,ACC_10015,5174.32,CREDIT,EXT_10438,2026-09-07 09:54:46.000000,BR_009,0,normal
TXN_001955,ACC_10028,1685.42,DEBIT,EXT_10257,2026-09-07 09:54:59.000000,BR_006,0,normal
TXN_001956,ACC_10025,1020.25,DEBIT,EXT_10307,2026-09-07 09:56:12.000000,BR_009,0,normal
TXN_001957,ACC_10016,500.0,TRANSFER,EXT_10453,2026-09-07 09:56:26.000000,BR_009,0,normal
TXN_001958,ACC_10034,2789.09,CREDIT,EXT_10060,2026-09-07 09:59:30.000000,BR_009,0,normal
TXN_001959,ACC_10024,7301.22,CREDIT,EXT_10138,2026-09-07 10:00:22.000000,BR_009,0,normal
TXN_001960,ACC_10007,4660.44,PAYMENT,EXT_10096,2026-09-07 10:03:38.000000,BR_009,0,clean_busy
TXN_001961,ACC_10031,1199.76,DEBIT,EXT_10207,2026-09-07 10:03:53.000000,BR_009,0,normal
TXN_001962,ACC_10013,1737.39,TRANSFER,EXT_10260,2026-09-07 10:04:31.000000,BR_006,0,normal
TXN_001963,ACC_10049,43942.51,DEBIT,EXT_10418,2026-09-07 10:05:11.000000,BR_006,0,normal
TXN_001964,ACC_10049,500.0,DEBIT,EXT_10091,2026-09-07 10:14:50.000000,BR_006,0,clean_busy
TXN_001965,ACC_10019,11681.27,TRANSFER,EXT_10366,2026-09-07 10:15:42.000000,BR_009,0,normal
TXN_001966,ACC_10040,3599.15,PAYMENT,EXT_10081,2026-09-07 10:19:50.000000,BR_009,0,normal
TXN_001967,ACC_10006,19718.57,PAYMENT,EXT_10104,2026-09-07 10:20:42.000000,BR_009,0,normal
TXN_001968,ACC_10007,500.0,TRANSFER,EXT_10376,2026-09-07 10:21:18.000000,BR_009,0,clean_busy
TXN_001969,ACC_10024,1211.11,TRANSFER,EXT_10092,2026-09-07 10:26:20.000000,BR_009,0,normal
TXN_001970,ACC_10025,2706.37,CREDIT,EXT_10470,2026-09-07 10:26:24.000000,BR_009,0,normal
TXN_001971,ACC_10015,25493.07,CREDIT,EXT_10105,2026-09-07 10:28:09.000000,BR_009,0,normal
TXN_001972,ACC_10022,2220.3,TRANSFER,EXT_10219,2026-09-07 10:28:59.000000,BR_009,0,normal
TXN_001973,ACC_10046,14452.43,TRANSFER,EXT_10094,2026-09-07 10:29:19.000000,BR_009,0,normal
TXN_001974,ACC_10031,17562.58,DEBIT,EXT_10182,2026-09-07 10:30:05.000000,BR_009,0,normal
TXN_001975,ACC_10045,39368.26,TRANSFER,EXT_10408,2026-09-07 10:34:54.000000,BR_009,0,normal
TXN_001976,ACC_10008,2967.69,TRANSFER,EXT_10208,2026-09-07 10:38:53.000000,BR_009,0,normal
TXN_001977,ACC_10006,3181.18,DEBIT,EXT_10455,2026-09-07 10:39:48.000000,BR_009,0,normal
TXN_001978,ACC_10045,6757.92,TRANSFER,EXT_10156,2026-09-07 10:40:03.000000,BR_009,0,normal
TXN_001979,ACC_10025,9932.38,TRANSFER,EXT_10424,2026-09-07 10:42:56.000000,BR_009,0,normal
TXN_001980,ACC_10004,534.21,TRANSFER,EXT_10220,2026-09-07 10:44:01.000000,BR_009,0,normal
TXN_001981,ACC_10033,1688.16,PAYMENT,EXT_10298,2026-09-07 10:52:30.000000,BR_009,0,normal
TXN_001982,ACC_10034,3412.97,TRANSFER,EXT_10366,2026-09-07 10:52:45.000000,BR_009,0,normal
TXN_001983,ACC_10044,3959.48,DEBIT,EXT_10191,2026-09-07 10:52:49.000000,BR_009,0,normal
TXN_001984,ACC_10020,689.98,DEBIT,EXT_10490,2026-09-07 10:57:17.000000,BR_009,0,normal
TXN_001985,ACC_10032,1603.74,TRANSFER,EXT_10143,2026-09-07 11:04:17.000000,BR_009,0,normal
TXN_001986,ACC_10021,2671.24,DEBIT,EXT_10490,2026-09-07 11:04:20.000000,BR_009,0,normal
TXN_001987,ACC_10040,500.0,TRANSFER,EXT_10243,2026-09-07 11:13:27.000000,BR_009,0,normal
TXN_001988,ACC_10034,31344.64,TRANSFER,EXT_10306,2026-09-07 11:16:55.000000,BR_009,0,normal
TXN_001989,ACC_10044,22633.34,DEBIT,EXT_10131,2026-09-07 11:18:07.000000,BR_009,0,normal
TXN_001990,ACC_10041,707.52,CREDIT,EXT_10104,2026-09-07 11:19:11.000000,BR_009,0,normal
TXN_001991,ACC_10049,500.0,TRANSFER,EXT_10173,2026-09-07 11:20:05.000000,BR_006,0,clean_busy
TXN_001992,ACC_10035,1251.51,DEBIT,EXT_10386,2026-09-07 11:22:10.000000,BR_009,0,normal
TXN_001993,ACC_10001,5145.22,CREDIT,EXT_10162,2026-09-07 11:22:10.000000,BR_009,0,normal
TXN_001994,ACC_10017,7321.68,DEBIT,EXT_10222,2026-09-07 11:22:16.000000,BR_009,0,normal
TXN_001995,ACC_10000,3175.72,CREDIT,EXT_10093,2026-09-07 11:23:03.000000,BR_009,0,normal
TXN_001996,ACC_10039,38907.99,DEBIT,EXT_10234,2026-09-07 11:23:36.000000,BR_009,0,normal
TXN_001997,ACC_10041,4639.2,DEBIT,EXT_10037,2026-09-07 11:25:42.000000,BR_009,0,normal
TXN_001998,ACC_10027,25718.13,CREDIT,EXT_10413,2026-09-07 11:27:38.000000,BR_009,0,normal
TXN_001999,ACC_10024,2486.36,TRANSFER,EXT_10315,2026-09-07 11:29:36.000000,BR_009,0,normal
TXN_002000,ACC_10037,500.0,DEBIT,EXT_10372,2026-09-07 11:31:00.000000,BR_009,0,normal
TXN_002001,ACC_10020,9441.14,CREDIT,EXT_10253,2026-09-07 11:31:41.000000,BR_009,0,normal
TXN_002002,ACC_10007,19576.01,DEBIT,EXT_10236,2026-09-07 11:35:42.000000,BR_009,0,clean_busy
TXN_002003,ACC_10045,9430.13,DEBIT,EXT_10493,2026-09-07 11:37:48.000000,BR_009,0,normal
TXN_002004,ACC_10049,500.0,DEBIT,EXT_10279,2026-09-07 11:39:54.000000,BR_006,0,clean_busy
TXN_002005,ACC_10032,13191.43,DEBIT,EXT_10222,2026-09-07 11:40:43.000000,BR_009,0,normal
TXN_002006,ACC_10023,500.0,TRANSFER,EXT_10491,2026-09-07 11:45:19.000000,BR_009,0,normal
TXN_002007,ACC_10034,7555.48,TRANSFER,EXT_10101,2026-09-07 11:46:10.000000,BR_009,0,normal
TXN_002008,ACC_10036,8691.74,DEBIT,EXT_10412,2026-09-07 11:54:56.000000,BR_009,0,normal
TXN_002009,ACC_10020,6943.83,CREDIT,EXT_10302,2026-09-07 11:55:06.000000,BR_009,0,normal
TXN_002010,ACC_10022,4801.61,CREDIT,EXT_10464,2026-09-07 11:58:01.000000,BR_009,0,normal
TXN_002011,ACC_10007,500.0,PAYMENT,EXT_10203,2026-09-07 11:58:56.000000,BR_009,0,clean_busy
TXN_002012,ACC_10049,19165.07,DEBIT,EXT_10029,2026-09-07 11:59:27.000000,BR_006,0,clean_busy
TXN_002013,ACC_10027,1128.46,CREDIT,EXT_10178,2026-09-07 12:01:54.000000,BR_009,0,normal
TXN_002014,ACC_10001,2735.84,TRANSFER,EXT_10274,2026-09-07 12:03:30.000000,BR_009,0,normal
TXN_002015,ACC_10038,500.0,CREDIT,EXT_10226,2026-09-07 12:03:57.000000,BR_009,0,normal
TXN_002016,ACC_10031,12126.6,TRANSFER,EXT_10315,2026-09-07 12:05:26.000000,BR_009,0,normal
TXN_002017,ACC_10025,6167.73,CREDIT,EXT_10152,2026-09-07 12:06:28.000000,BR_009,0,normal
TXN_002018,ACC_10047,6966.05,DEBIT,EXT_10496,2026-09-07 12:08:30.000000,BR_009,0,normal
TXN_002019,ACC_10045,6618.88,PAYMENT,EXT_10448,2026-09-07 12:11:59.000000,BR_009,0,normal
TXN_002020,ACC_10019,5065.7,CREDIT,EXT_10248,2026-09-07 12:12:08.000000,BR_009,0,normal
TXN_002021,ACC_10007,952.63,TRANSFER,EXT_10419,2026-09-07 12:14:11.000000,BR_009,0,clean_busy
TXN_002022,ACC_10018,3496.67,CREDIT,EXT_10407,2026-09-07 12:17:22.000000,BR_009,0,normal
TXN_002023,ACC_10003,10362.85,DEBIT,EXT_10118,2026-09-07 12:19:23.000000,BR_009,0,normal
TXN_002024,ACC_10024,1882.12,PAYMENT,EXT_10227,2026-09-07 12:19:25.000000,BR_009,0,normal
TXN_002025,ACC_10012,2869.79,PAYMENT,EXT_10213,2026-09-07 12:20:32.000000,BR_009,0,normal
TXN_002026,ACC_10007,6915.98,CREDIT,EXT_10263,2026-09-07 12:20:48.000000,BR_009,0,clean_busy
TXN_002027,ACC_10007,39150.82,DEBIT,EXT_10253,2026-09-07 12:21:07.000000,BR_009,0,clean_busy
TXN_002028,ACC_10037,3917.97,CREDIT,EXT_10302,2026-09-07 12:23:15.000000,BR_009,0,normal
TXN_002029,ACC_10042,500.0,TRANSFER,EXT_10046,2026-09-07 12:23:18.000000,BR_009,0,normal
TXN_002030,ACC_10049,3849.0,TRANSFER,EXT_10159,2026-09-07 12:23:40.000000,BR_006,0,clean_busy
TXN_002031,ACC_10005,1045.53,DEBIT,EXT_10193,2026-09-07 12:23:48.000000,BR_009,0,normal
TXN_002032,ACC_10049,12005.5,CREDIT,EXT_10248,2026-09-07 12:29:41.000000,BR_006,0,clean_busy
TXN_002033,ACC_10029,8884.91,CREDIT,EXT_10307,2026-09-07 12:30:41.000000,BR_009,0,normal
TXN_002034,ACC_10016,965.52,DEBIT,EXT_10314,2026-09-07 12:31:07.000000,BR_009,0,normal
TXN_002035,ACC_10003,989.86,DEBIT,EXT_10200,2026-09-07 12:32:15.000000,BR_009,0,normal
TXN_002036,ACC_10039,3241.26,PAYMENT,EXT_10229,2026-09-07 12:33:47.000000,BR_009,0,normal
TXN_002037,ACC_10049,1354.62,CREDIT,EXT_10326,2026-09-07 12:38:09.000000,BR_006,0,clean_busy
TXN_002038,ACC_10028,1006.59,DEBIT,EXT_10190,2026-09-07 12:39:29.000000,BR_006,0,normal
TXN_002039,ACC_10043,3178.23,DEBIT,EXT_10353,2026-09-07 12:40:36.000000,BR_009,0,normal
TXN_002040,ACC_10008,1845.34,CREDIT,EXT_10441,2026-09-07 12:41:41.000000,BR_009,0,normal
TXN_002041,ACC_10032,2769.51,DEBIT,EXT_10209,2026-09-07 12:44:19.000000,BR_009,0,normal
TXN_002042,ACC_10024,1913.08,TRANSFER,EXT_10255,2026-09-07 12:44:53.000000,BR_009,0,normal
TXN_002043,ACC_10016,1102.68,TRANSFER,EXT_10261,2026-09-07 12:48:39.000000,BR_009,0,normal
TXN_002044,ACC_10011,11224.32,CREDIT,EXT_10486,2026-09-07 12:49:57.000000,BR_009,0,normal
TXN_002045,ACC_10007,9474.89,CREDIT,EXT_10407,2026-09-07 12:59:17.000000,BR_009,0,normal
TXN_002046,ACC_10030,31155.96,DEBIT,EXT_10364,2026-09-07 12:59:22.000000,BR_009,0,normal
TXN_002047,ACC_10049,12427.33,TRANSFER,EXT_10346,2026-09-07 13:01:29.000000,BR_006,0,clean_busy
TXN_002048,ACC_10033,6537.05,TRANSFER,EXT_10245,2026-09-07 13:03:22.000000,BR_009,0,normal
TXN_002049,ACC_10031,58047.32,PAYMENT,EXT_10353,2026-09-07 13:04:31.000000,BR_009,0,normal
TXN_002050,ACC_10034,1254.37,CREDIT,EXT_10347,2026-09-07 13:05:19.000000,BR_009,0,normal
TXN_002051,ACC_10032,3220.49,PAYMENT,EXT_10195,2026-09-07 13:07:08.000000,BR_009,0,normal
TXN_002052,ACC_10025,7062.96,PAYMENT,EXT_10132,2026-09-07 13:09:09.000000,BR_009,0,normal
TXN_002053,ACC_10044,2544.59,DEBIT,EXT_10069,2026-09-07 13:15:51.000000,BR_009,0,normal
TXN_002054,ACC_10025,4993.22,DEBIT,EXT_10016,2026-09-07 13:16:13.000000,BR_009,0,normal
TXN_002055,ACC_10024,3314.13,DEBIT,EXT_10431,2026-09-07 13:17:21.000000,BR_009,0,normal
TXN_002056,ACC_10001,4234.24,TRANSFER,EXT_10406,2026-09-07 13:18:03.000000,BR_009,0,normal
TXN_002057,ACC_10007,2668.28,CREDIT,EXT_10082,2026-09-07 13:18:16.000000,BR_009,0,clean_busy
TXN_002058,ACC_10046,500.0,CREDIT,EXT_10395,2026-09-07 13:18:42.000000,BR_009,0,normal
TXN_002059,ACC_10044,5863.54,DEBIT,EXT_10244,2026-09-07 13:19:05.000000,BR_009,0,normal
TXN_002060,ACC_10015,1651.41,TRANSFER,EXT_10044,2026-09-07 13:19:19.000000,BR_009,0,normal
TXN_002061,ACC_10038,20010.07,TRANSFER,EXT_10465,2026-09-07 13:20:01.000000,BR_009,0,normal
TXN_002062,ACC_10004,10145.46,TRANSFER,EXT_10227,2026-09-07 13:21:04.000000,BR_009,0,normal
TXN_002063,ACC_10019,856.78,CREDIT,EXT_10474,2026-09-07 13:21:05.000000,BR_009,0,normal
TXN_002064,ACC_10049,1183.46,PAYMENT,EXT_10193,2026-09-07 13:25:27.000000,BR_006,0,clean_busy
TXN_002065,ACC_10039,2683.3,TRANSFER,EXT_10102,2026-09-07 13:26:09.000000,BR_009,0,normal
TXN_002066,ACC_10034,2513.03,TRANSFER,EXT_10233,2026-09-07 13:26:42.000000,BR_009,0,normal
TXN_002067,ACC_10005,500.0,TRANSFER,EXT_10351,2026-09-07 13:31:15.000000,BR_009,0,normal
TXN_002068,ACC_10024,1371.24,CREDIT,EXT_10168,2026-09-07 13:32:06.000000,BR_009,0,normal
TXN_002069,ACC_10023,903.73,DEBIT,EXT_10375,2026-09-07 13:32:47.000000,BR_009,0,normal
TXN_002070,ACC_10049,10999.14,TRANSFER,EXT_10045,2026-09-07 13:33:16.000000,BR_006,0,clean_busy
TXN_002071,ACC_10049,7840.54,TRANSFER,EXT_10285,2026-09-07 13:36:25.000000,BR_006,0,clean_busy
TXN_002072,ACC_10024,4450.92,TRANSFER,EXT_10285,2026-09-07 13:37:43.000000,BR_009,0,normal
TXN_002073,ACC_10006,500.0,DEBIT,EXT_10468,2026-09-07 13:38:11.000000,BR_009,0,normal
TXN_002074,ACC_10042,7173.21,CREDIT,EXT_10326,2026-09-07 13:38:58.000000,BR_009,0,normal
TXN_002075,ACC_10022,1060.75,CREDIT,EXT_10300,2026-09-07 13:43:24.000000,BR_009,0,normal
TXN_002076,ACC_10049,71898.08,CREDIT,EXT_10475,2026-09-07 13:44:35.000000,BR_006,0,clean_busy
TXN_002077,ACC_10043,14173.47,TRANSFER,EXT_10390,2026-09-07 13:45:19.000000,BR_009,0,normal
TXN_002078,ACC_10049,1983.45,DEBIT,EXT_10351,2026-09-07 13:48:31.000000,BR_006,0,clean_busy
TXN_002079,ACC_10024,6138.11,CREDIT,EXT_10395,2026-09-07 13:49:12.000000,BR_009,0,normal
TXN_002080,ACC_10025,1120.06,PAYMENT,EXT_10346,2026-09-07 13:50:38.000000,BR_009,0,normal
TXN_002081,ACC_10007,3962.33,DEBIT,EXT_10151,2026-09-07 13:51:57.000000,BR_009,0,normal
TXN_002082,ACC_10042,3720.21,DEBIT,EXT_10214,2026-09-07 13:54:49.000000,BR_009,0,normal
TXN_002083,ACC_10023,9691.83,CREDIT,EXT_10498,2026-09-07 13:57:19.000000,BR_009,0,normal
TXN_002084,ACC_10040,1619.02,PAYMENT,EXT_10169,2026-09-07 13:57:47.000000,BR_009,0,normal
TXN_002085,ACC_10043,18981.38,DEBIT,EXT_10339,2026-09-07 13:58:25.000000,BR_009,0,normal
TXN_002086,ACC_10031,1196.15,PAYMENT,EXT_10001,2026-09-07 13:58:25.000000,BR_009,0,normal
TXN_002087,ACC_10027,1754.74,DEBIT,EXT_10303,2026-09-07 13:58:40.000000,BR_009,0,normal
TXN_002088,ACC_10045,1850.45,TRANSFER,EXT_10309,2026-09-07 14:00:02.000000,BR_009,0,normal
TXN_002089,ACC_10015,1760.78,CREDIT,EXT_10495,2026-09-07 14:00:13.000000,BR_009,0,normal
TXN_002090,ACC_10005,4633.16,DEBIT,EXT_10347,2026-09-07 14:00:19.000000,BR_009,0,normal
TXN_002091,ACC_10026,1059.45,TRANSFER,EXT_10209,2026-09-07 14:01:06.000000,BR_009,0,normal
TXN_002092,ACC_10049,11606.59,TRANSFER,EXT_10344,2026-09-07 14:02:05.000000,BR_006,0,clean_busy
TXN_002093,ACC_10037,6357.6,DEBIT,EXT_10079,2026-09-07 14:03:28.000000,BR_009,0,normal
TXN_002094,ACC_10036,5833.31,TRANSFER,EXT_10457,2026-09-07 14:04:17.000000,BR_009,0,normal
TXN_002095,ACC_10033,1167.45,DEBIT,EXT_10296,2026-09-07 14:05:13.000000,BR_009,0,normal
TXN_002096,ACC_10003,107996.86,PAYMENT,EXT_10198,2026-09-07 14:05:58.000000,BR_009,0,normal
TXN_002097,ACC_10007,20886.68,TRANSFER,EXT_10255,2026-09-07 14:06:50.000000,BR_009,0,clean_busy
TXN_002098,ACC_10017,500.0,CREDIT,EXT_10160,2026-09-07 14:07:06.000000,BR_009,0,normal
TXN_002099,ACC_10010,847.65,CREDIT,EXT_10480,2026-09-07 14:07:10.000000,BR_006,0,normal
TXN_002100,ACC_10049,578.67,DEBIT,EXT_10202,2026-09-07 14:09:11.000000,BR_006,0,clean_busy
TXN_002101,ACC_10043,6759.53,DEBIT,EXT_10082,2026-09-07 14:09:45.000000,BR_009,0,normal
TXN_002102,ACC_10037,500.0,TRANSFER,EXT_10067,2026-09-07 14:12:34.000000,BR_009,0,normal
TXN_002103,ACC_10049,3122.93,CREDIT,EXT_10279,2026-09-07 14:12:38.000000,BR_006,0,clean_busy
TXN_002104,ACC_10010,500.0,TRANSFER,EXT_10051,2026-09-07 14:13:32.000000,BR_006,0,normal
TXN_002105,ACC_10029,517.63,CREDIT,EXT_10037,2026-09-07 14:15:42.000000,BR_009,0,normal
TXN_002106,ACC_10003,7924.2,DEBIT,EXT_10156,2026-09-07 14:17:46.000000,BR_009,0,normal
TXN_002107,ACC_10020,8477.2,TRANSFER,EXT_10411,2026-09-07 14:21:39.000000,BR_009,0,normal
TXN_002108,ACC_10043,4545.7,CREDIT,EXT_10061,2026-09-07 14:23:59.000000,BR_009,0,normal
TXN_002109,ACC_10015,5980.54,TRANSFER,EXT_10238,2026-09-07 14:26:44.000000,BR_009,0,normal
TXN_002110,ACC_10012,1190.61,DEBIT,EXT_10218,2026-09-07 14:30:10.000000,BR_009,0,normal
TXN_002111,ACC_10049,7432.1,DEBIT,EXT_10188,2026-09-07 14:30:58.000000,BR_006,0,clean_busy
TXN_002112,ACC_10049,4433.94,DEBIT,EXT_10324,2026-09-07 14:37:11.000000,BR_006,0,clean_busy
TXN_002113,ACC_10007,16481.26,DEBIT,EXT_10021,2026-09-07 14:37:43.000000,BR_009,0,normal
TXN_002114,ACC_10011,12768.16,DEBIT,EXT_10314,2026-09-07 14:39:08.000000,BR_009,0,normal
TXN_002115,ACC_10033,1431.89,DEBIT,EXT_10390,2026-09-07 14:40:53.000000,BR_009,0,normal
TXN_002116,ACC_10006,4994.58,CREDIT,EXT_10291,2026-09-07 14:41:34.000000,BR_009,0,normal
TXN_002117,ACC_10034,1299.77,TRANSFER,EXT_10090,2026-09-07 14:41:43.000000,BR_009,0,normal
TXN_002118,ACC_10039,3546.58,DEBIT,EXT_10486,2026-09-07 14:43:14.000000,BR_009,0,normal
TXN_002119,ACC_10024,3896.0,DEBIT,EXT_10265,2026-09-07 14:45:56.000000,BR_009,0,normal
TXN_002120,ACC_10041,2086.44,TRANSFER,EXT_10294,2026-09-07 14:48:54.000000,BR_009,0,normal
TXN_002121,ACC_10014,77358.75,TRANSFER,EXT_10210,2026-09-07 14:51:19.000000,BR_006,0,normal
TXN_002122,ACC_10049,25473.26,CREDIT,EXT_10167,2026-09-07 14:57:46.000000,BR_006,0,clean_busy
TXN_002123,ACC_10007,21408.45,DEBIT,EXT_10404,2026-09-07 14:58:37.000000,BR_009,0,clean_busy
TXN_002124,ACC_10007,85873.53,TRANSFER,EXT_10327,2026-09-07 15:00:02.000000,BR_009,0,clean_busy
TXN_002125,ACC_10017,1268.42,CREDIT,EXT_10322,2026-09-07 15:00:37.000000,BR_009,0,normal
TXN_002126,ACC_10036,1798.45,DEBIT,EXT_10436,2026-09-07 15:05:27.000000,BR_009,0,normal
TXN_002127,ACC_10048,56888.27,DEBIT,EXT_10469,2026-09-07 15:06:59.000000,BR_009,0,normal
TXN_002128,ACC_10015,500.0,CREDIT,EXT_10010,2026-09-07 15:08:40.000000,BR_009,0,normal
TXN_002129,ACC_10045,18636.01,DEBIT,EXT_10245,2026-09-07 15:08:48.000000,BR_009,0,normal
TXN_002130,ACC_10043,1368.29,DEBIT,EXT_10404,2026-09-07 15:10:30.000000,BR_009,0,normal
TXN_002131,ACC_10049,12305.24,DEBIT,EXT_10094,2026-09-07 15:10:36.000000,BR_006,0,clean_busy
TXN_002132,ACC_10048,3613.77,CREDIT,EXT_10016,2026-09-07 15:12:05.000000,BR_009,0,normal
TXN_002133,ACC_10032,20689.14,DEBIT,EXT_10130,2026-09-07 15:12:55.000000,BR_009,0,normal
TXN_002134,ACC_10007,500.0,PAYMENT,EXT_10175,2026-09-07 15:13:40.000000,BR_009,0,clean_busy
TXN_002135,ACC_10026,783.35,DEBIT,EXT_10057,2026-09-07 15:17:10.000000,BR_009,0,normal
TXN_002136,ACC_10026,1683.45,DEBIT,EXT_10173,2026-09-07 15:18:24.000000,BR_009,0,normal
TXN_002137,ACC_10017,61344.83,TRANSFER,EXT_10450,2026-09-07 15:18:42.000000,BR_009,0,normal
TXN_002138,ACC_10030,7159.75,TRANSFER,EXT_10125,2026-09-07 15:20:17.000000,BR_009,0,normal
TXN_002139,ACC_10016,2246.95,CREDIT,EXT_10388,2026-09-07 15:22:05.000000,BR_009,0,normal
TXN_002140,ACC_10004,5482.28,TRANSFER,EXT_10325,2026-09-07 15:22:20.000000,BR_009,0,normal
TXN_002141,ACC_10007,1211.23,TRANSFER,EXT_10389,2026-09-07 15:22:41.000000,BR_009,0,clean_busy
TXN_002142,ACC_10043,20121.91,CREDIT,EXT_10436,2026-09-07 15:23:15.000000,BR_009,0,normal
TXN_002143,ACC_10007,4695.71,DEBIT,EXT_10245,2026-09-07 15:23:35.000000,BR_009,0,clean_busy
TXN_002144,ACC_10047,1968.14,DEBIT,EXT_10367,2026-09-07 15:24:04.000000,BR_009,0,normal
TXN_002145,ACC_10049,1593.62,DEBIT,EXT_10145,2026-09-07 15:26:02.000000,BR_006,0,clean_busy
TXN_002146,ACC_10031,2427.28,CREDIT,EXT_10028,2026-09-07 15:26:26.000000,BR_009,0,normal
TXN_002147,ACC_10016,32161.7,DEBIT,EXT_10295,2026-09-07 15:27:01.000000,BR_009,0,normal
TXN_002148,ACC_10017,2683.56,DEBIT,EXT_10239,2026-09-07 15:28:37.000000,BR_009,0,normal
TXN_002149,ACC_10025,1019.91,TRANSFER,EXT_10254,2026-09-07 15:30:08.000000,BR_009,0,normal
TXN_002150,ACC_10031,713.91,DEBIT,EXT_10127,2026-09-07 15:30:16.000000,BR_009,0,normal
TXN_002151,ACC_10017,1829.71,CREDIT,EXT_10437,2026-09-07 15:31:35.000000,BR_009,0,normal
TXN_002152,ACC_10040,9957.31,DEBIT,EXT_10127,2026-09-07 15:34:17.000000,BR_009,0,normal
TXN_002153,ACC_10008,5982.15,CREDIT,EXT_10227,2026-09-07 15:35:29.000000,BR_009,0,normal
TXN_002154,ACC_10007,500.0,DEBIT,EXT_10360,2026-09-07 15:36:43.000000,BR_009,0,clean_busy
TXN_002155,ACC_10007,1055.99,DEBIT,EXT_10080,2026-09-07 15:37:05.000000,BR_009,0,clean_busy
TXN_002156,ACC_10027,5613.99,DEBIT,EXT_10359,2026-09-07 15:45:22.000000,BR_009,0,normal
TXN_002157,ACC_10015,3973.96,DEBIT,EXT_10294,2026-09-07 15:50:47.000000,BR_009,0,normal
TXN_002158,ACC_10007,4292.8,DEBIT,EXT_10480,2026-09-07 15:54:55.000000,BR_009,0,clean_busy
TXN_002159,ACC_10034,863.73,DEBIT,EXT_10263,2026-09-07 16:03:18.000000,BR_009,0,normal
TXN_002160,ACC_10008,6945.51,CREDIT,EXT_10125,2026-09-07 16:04:23.000000,BR_009,0,normal
TXN_002161,ACC_10021,500.0,TRANSFER,EXT_10350,2026-09-07 16:05:01.000000,BR_009,0,normal
TXN_002162,ACC_10044,948.56,CREDIT,EXT_10343,2026-09-07 16:11:38.000000,BR_009,0,normal
TXN_002163,ACC_10022,10836.95,TRANSFER,EXT_10086,2026-09-07 16:16:46.000000,BR_009,0,normal
TXN_002164,ACC_10045,2063.82,DEBIT,EXT_10429,2026-09-07 16:20:48.000000,BR_009,0,normal
TXN_002165,ACC_10011,6863.39,DEBIT,EXT_10453,2026-09-07 16:21:41.000000,BR_009,0,normal
TXN_002166,ACC_10039,10255.6,TRANSFER,EXT_10069,2026-09-07 16:22:32.000000,BR_009,0,normal
TXN_002167,ACC_10034,1734.34,PAYMENT,EXT_10001,2026-09-07 16:22:41.000000,BR_009,0,normal
TXN_002168,ACC_10048,53846.17,DEBIT,EXT_10375,2026-09-07 16:24:07.000000,BR_009,0,normal
TXN_002169,ACC_10005,754.06,DEBIT,EXT_10249,2026-09-07 16:24:11.000000,BR_009,0,normal
TXN_002170,ACC_10032,500.0,DEBIT,EXT_10352,2026-09-07 16:26:18.000000,BR_009,0,normal
TXN_002171,ACC_10040,6352.0,TRANSFER,EXT_10325,2026-09-07 16:28:34.000000,BR_009,0,normal
TXN_002172,ACC_10043,10518.46,TRANSFER,EXT_10336,2026-09-07 16:32:40.000000,BR_009,0,normal
TXN_002173,ACC_10049,8672.91,CREDIT,EXT_10336,2026-09-07 16:34:59.000000,BR_006,0,clean_busy
TXN_002174,ACC_10022,13433.89,TRANSFER,EXT_10334,2026-09-07 16:36:22.000000,BR_009,0,normal
TXN_002175,ACC_10010,2366.17,TRANSFER,EXT_10137,2026-09-07 16:44:31.000000,BR_006,0,normal
TXN_002176,ACC_10003,1321.36,TRANSFER,EXT_10188,2026-09-07 16:44:53.000000,BR_009,0,normal
TXN_002177,ACC_10026,500.0,CREDIT,EXT_10344,2026-09-07 16:46:34.000000,BR_009,0,normal
TXN_002178,ACC_10021,50356.61,CREDIT,EXT_10003,2026-09-07 16:47:07.000000,BR_009,0,normal
TXN_002179,ACC_10025,7901.69,TRANSFER,EXT_10429,2026-09-07 16:47:15.000000,BR_009,0,normal
TXN_002180,ACC_10017,1228.54,DEBIT,EXT_10021,2026-09-07 16:48:32.000000,BR_009,0,normal
TXN_002181,ACC_10048,7646.67,DEBIT,EXT_10337,2026-09-07 16:49:47.000000,BR_009,0,normal
TXN_002182,ACC_10001,3972.51,PAYMENT,EXT_10223,2026-09-07 16:51:29.000000,BR_009,0,normal
TXN_002183,ACC_10026,3827.0,CREDIT,EXT_10227,2026-09-07 16:52:00.000000,BR_009,0,normal
TXN_002184,ACC_10032,4943.8,DEBIT,EXT_10037,2026-09-07 16:52:03.000000,BR_009,0,normal
TXN_002185,ACC_10041,3515.44,TRANSFER,EXT_10285,2026-09-07 16:53:44.000000,BR_009,0,normal
TXN_002186,ACC_10003,6504.34,CREDIT,EXT_10108,2026-09-07 16:54:46.000000,BR_009,0,normal
TXN_002187,ACC_10044,1813.71,CREDIT,EXT_10446,2026-09-07 16:54:55.000000,BR_009,0,normal
TXN_002188,ACC_10027,500.0,DEBIT,EXT_10151,2026-09-07 16:55:26.000000,BR_009,0,normal
TXN_002189,ACC_10008,4116.93,DEBIT,EXT_10244,2026-09-07 16:58:06.000000,BR_009,0,normal
TXN_002190,ACC_10007,21642.29,DEBIT,EXT_10246,2026-09-07 16:58:34.000000,BR_009,0,clean_busy
TXN_002191,ACC_10013,4830.52,CREDIT,EXT_10346,2026-09-07 16:58:39.000000,BR_006,0,normal
TXN_002192,ACC_10007,9568.34,TRANSFER,EXT_10145,2026-09-07 16:59:28.000000,BR_009,0,clean_busy
TXN_002193,ACC_10017,8308.21,DEBIT,EXT_10316,2026-09-07 17:02:31.000000,BR_009,0,normal
TXN_002194,ACC_10034,1120.26,DEBIT,EXT_10350,2026-09-07 17:02:35.000000,BR_009,0,normal
TXN_002195,ACC_10018,1321.48,TRANSFER,EXT_10357,2026-09-07 17:07:25.000000,BR_009,0,normal
TXN_002196,ACC_10049,3073.39,DEBIT,EXT_10326,2026-09-07 17:07:38.000000,BR_006,0,normal
TXN_002197,ACC_10015,532.39,TRANSFER,EXT_10149,2026-09-07 17:08:56.000000,BR_009,0,normal
TXN_002198,ACC_10049,4501.19,CREDIT,EXT_10398,2026-09-07 17:09:07.000000,BR_006,0,clean_busy
TXN_002199,ACC_10004,2341.77,TRANSFER,EXT_10249,2026-09-07 17:09:35.000000,BR_009,0,normal
TXN_002200,ACC_10025,12077.14,DEBIT,EXT_10495,2026-09-07 17:10:08.000000,BR_009,0,normal
TXN_002201,ACC_10014,1583.59,PAYMENT,EXT_10490,2026-09-07 17:11:37.000000,BR_006,0,normal
TXN_002202,ACC_10044,1630.42,PAYMENT,EXT_10492,2026-09-07 17:14:23.000000,BR_009,0,normal
TXN_002203,ACC_10007,9218.04,CREDIT,EXT_10260,2026-09-07 17:15:20.000000,BR_009,0,clean_busy
TXN_002204,ACC_10032,70684.03,DEBIT,EXT_10324,2026-09-07 17:15:37.000000,BR_009,0,normal
TXN_002205,ACC_10011,6746.94,DEBIT,EXT_10037,2026-09-07 17:18:15.000000,BR_009,0,normal
TXN_002206,ACC_10044,2901.54,TRANSFER,EXT_10466,2026-09-07 17:18:47.000000,BR_009,0,normal
TXN_002207,ACC_10040,696.47,CREDIT,EXT_10307,2026-09-07 17:19:01.000000,BR_009,0,normal
TXN_002208,ACC_10023,28465.07,CREDIT,EXT_10310,2026-09-07 17:22:27.000000,BR_009,0,normal
TXN_002209,ACC_10018,1539.5,TRANSFER,EXT_10377,2026-09-07 17:23:06.000000,BR_009,0,normal
TXN_002210,ACC_10045,5397.5,DEBIT,EXT_10009,2026-09-07 17:23:17.000000,BR_009,0,normal
TXN_002211,ACC_10049,535.84,CREDIT,EXT_10349,2026-09-07 17:26:32.000000,BR_006,0,clean_busy
TXN_002212,ACC_10023,911.12,DEBIT,EXT_10078,2026-09-07 17:27:39.000000,BR_009,0,normal
TXN_002213,ACC_10001,1689.67,CREDIT,EXT_10020,2026-09-07 17:29:37.000000,BR_009,0,normal
TXN_002214,ACC_10006,556.86,CREDIT,EXT_10175,2026-09-07 17:41:37.000000,BR_009,0,normal
TXN_002215,ACC_10031,4148.22,DEBIT,EXT_10421,2026-09-07 17:42:36.000000,BR_009,0,normal
TXN_002216,ACC_10033,4084.16,DEBIT,EXT_10228,2026-09-07 17:44:03.000000,BR_009,0,normal
TXN_002217,ACC_10033,12418.95,PAYMENT,EXT_10211,2026-09-07 17:44:49.000000,BR_009,0,normal
TXN_002218,ACC_10007,1105.86,DEBIT,EXT_10490,2026-09-07 17:46:55.000000,BR_009,0,clean_busy
TXN_002219,ACC_10007,9195.15,CREDIT,EXT_10007,2026-09-07 17:48:23.000000,BR_009,0,clean_busy
TXN_002220,ACC_10003,37130.47,DEBIT,EXT_10063,2026-09-07 17:49:46.000000,BR_009,0,normal
TXN_002221,ACC_10022,5822.96,DEBIT,EXT_10063,2026-09-07 17:51:25.000000,BR_009,0,normal
TXN_002222,ACC_10000,3682.31,CREDIT,EXT_10119,2026-09-07 17:52:09.000000,BR_009,0,normal
TXN_002223,ACC_10034,500.0,DEBIT,EXT_10058,2026-09-07 17:53:08.000000,BR_009,0,normal
TXN_002224,ACC_10034,500.0,DEBIT,EXT_10206,2026-09-07 17:54:25.000000,BR_009,0,normal
TXN_002225,ACC_10029,5000.92,DEBIT,EXT_10184,2026-09-08 09:00:16.000000,BR_009,0,normal
TXN_002226,ACC_10015,58991.7,DEBIT,EXT_10219,2026-09-08 09:00:39.000000,BR_009,0,normal
TXN_002227,ACC_10033,29625.03,CREDIT,EXT_10417,2026-09-08 09:01:53.000000,BR_009,0,normal
TXN_002228,ACC_10025,1925.39,DEBIT,EXT_10160,2026-09-08 09:07:01.000000,BR_009,0,normal
TXN_002229,ACC_10042,1605.93,CREDIT,EXT_10390,2026-09-08 09:11:47.000000,BR_009,0,normal
TXN_002230,ACC_10033,5752.77,CREDIT,EXT_10276,2026-09-08 09:14:19.000000,BR_009,0,normal
TXN_002231,ACC_10038,8640.6,PAYMENT,EXT_10202,2026-09-08 09:17:29.000000,BR_009,0,normal
TXN_002232,ACC_10008,3925.94,TRANSFER,EXT_10497,2026-09-08 09:19:47.000000,BR_009,0,normal
TXN_002233,ACC_10045,4274.53,DEBIT,EXT_10348,2026-09-08 09:19:57.000000,BR_009,0,normal
TXN_002234,ACC_10008,6722.11,DEBIT,EXT_10387,2026-09-08 09:24:01.000000,BR_009,0,normal
TXN_002235,ACC_10004,13470.4,TRANSFER,EXT_10139,2026-09-08 09:25:06.000000,BR_009,0,normal
TXN_002236,ACC_10039,10102.13,TRANSFER,EXT_10051,2026-09-08 09:27:51.000000,BR_009,0,normal
TXN_002237,ACC_10025,1246.15,TRANSFER,EXT_10139,2026-09-08 09:31:02.000000,BR_009,0,normal
TXN_002238,ACC_10037,17603.37,CREDIT,EXT_10331,2026-09-08 09:34:05.000000,BR_009,0,normal
TXN_002239,ACC_10013,10056.62,DEBIT,EXT_10338,2026-09-08 09:34:26.000000,BR_006,0,normal
TXN_002240,ACC_10043,7231.79,TRANSFER,EXT_10075,2026-09-08 09:34:43.000000,BR_009,0,normal
TXN_002241,ACC_10029,1118.92,TRANSFER,EXT_10236,2026-09-08 09:39:55.000000,BR_009,0,normal
TXN_002242,ACC_10030,4816.77,PAYMENT,EXT_10163,2026-09-08 09:39:56.000000,BR_009,0,normal
TXN_002243,ACC_10004,18968.6,DEBIT,EXT_10323,2026-09-08 09:44:26.000000,BR_009,0,normal
TXN_002244,ACC_10032,952.78,DEBIT,EXT_10033,2026-09-08 09:46:15.000000,BR_009,0,normal
TXN_002245,ACC_10004,822.69,DEBIT,EXT_10454,2026-09-08 09:46:31.000000,BR_009,0,normal
TXN_002246,ACC_10000,500.0,CREDIT,EXT_10241,2026-09-08 09:49:25.000000,BR_009,0,normal
TXN_002247,ACC_10003,1319.72,TRANSFER,EXT_10496,2026-09-08 09:50:09.000000,BR_009,0,normal
TXN_002248,ACC_10026,11127.74,CREDIT,EXT_10014,2026-09-08 09:50:43.000000,BR_009,0,normal
TXN_002249,ACC_10021,2438.14,DEBIT,EXT_10344,2026-09-08 09:51:19.000000,BR_009,0,normal
TXN_002250,ACC_10032,1163.53,TRANSFER,EXT_10472,2026-09-08 09:51:30.000000,BR_009,0,normal
TXN_002251,ACC_10041,45601.09,DEBIT,EXT_10014,2026-09-08 09:59:39.000000,BR_009,0,normal
TXN_002252,ACC_10039,2973.36,DEBIT,EXT_10040,2026-09-08 10:00:30.000000,BR_009,0,normal
TXN_002253,ACC_10012,2153.83,PAYMENT,EXT_10047,2026-09-08 10:01:27.000000,BR_009,0,normal
TXN_002254,ACC_10005,5862.56,CREDIT,EXT_10274,2026-09-08 10:02:00.000000,BR_009,0,normal
TXN_002255,ACC_10034,17442.02,DEBIT,EXT_10239,2026-09-08 10:03:13.000000,BR_009,0,normal
TXN_002256,ACC_10022,3001.56,DEBIT,EXT_10099,2026-09-08 10:04:06.000000,BR_009,0,normal
TXN_002257,ACC_10017,500.0,DEBIT,EXT_10146,2026-09-08 10:08:17.000000,BR_009,0,normal
TXN_002258,ACC_10018,5993.65,TRANSFER,EXT_10406,2026-09-08 10:09:15.000000,BR_009,0,normal
TXN_002259,ACC_10012,8723.63,CREDIT,EXT_10265,2026-09-08 10:11:09.000000,BR_009,0,normal
TXN_002260,ACC_10042,3001.67,CREDIT,EXT_10188,2026-09-08 10:11:31.000000,BR_009,0,normal
TXN_002261,ACC_10021,1348.4,PAYMENT,EXT_10206,2026-09-08 10:14:45.000000,BR_009,0,normal
TXN_002262,ACC_10025,1004.84,DEBIT,EXT_10219,2026-09-08 10:15:01.000000,BR_009,0,normal
TXN_002263,ACC_10019,1758.41,PAYMENT,EXT_10189,2026-09-08 10:15:14.000000,BR_009,0,normal
TXN_002264,ACC_10049,1875.78,PAYMENT,EXT_10220,2026-09-08 10:15:49.000000,BR_006,0,normal
TXN_002265,ACC_10002,1163.69,CREDIT,EXT_10459,2026-09-08 10:16:42.000000,BR_009,0,normal
TXN_002266,ACC_10036,3470.85,CREDIT,EXT_10160,2026-09-08 10:21:01.000000,BR_009,0,normal
TXN_002267,ACC_10036,1151.57,TRANSFER,EXT_10132,2026-09-08 10:22:40.000000,BR_009,0,normal
TXN_002268,ACC_10003,3454.12,TRANSFER,EXT_10239,2026-09-08 10:27:06.000000,BR_009,0,normal
TXN_002269,ACC_10001,1250.4,TRANSFER,EXT_10168,2026-09-08 10:29:59.000000,BR_009,0,normal
TXN_002270,ACC_10001,1309.78,PAYMENT,EXT_10114,2026-09-08 10:30:44.000000,BR_009,0,normal
TXN_002271,ACC_10000,93367.33,CREDIT,EXT_10152,2026-09-08 10:32:41.000000,BR_009,0,normal
TXN_002272,ACC_10002,11092.51,CREDIT,EXT_10121,2026-09-08 10:33:04.000000,BR_009,0,normal
TXN_002273,ACC_10009,2010.14,PAYMENT,EXT_10142,2026-09-08 10:42:27.000000,BR_006,0,normal
TXN_002274,ACC_10048,1288.45,TRANSFER,EXT_10252,2026-09-08 10:43:39.000000,BR_009,0,normal
TXN_002275,ACC_10024,2115.44,TRANSFER,EXT_10388,2026-09-08 10:44:51.000000,BR_009,0,normal
TXN_002276,ACC_10011,4904.74,DEBIT,EXT_10098,2026-09-08 10:45:10.000000,BR_009,0,normal
TXN_002277,ACC_10015,6470.6,PAYMENT,EXT_10243,2026-09-08 10:45:23.000000,BR_009,0,normal
TXN_002278,ACC_10026,8178.98,DEBIT,EXT_10164,2026-09-08 10:52:11.000000,BR_009,0,normal
TXN_002279,ACC_10035,73624.5,PAYMENT,EXT_10197,2026-09-08 10:54:53.000000,BR_009,0,normal
TXN_002280,ACC_10018,1891.19,DEBIT,EXT_10211,2026-09-08 10:56:33.000000,BR_009,0,normal
TXN_002281,ACC_10013,1109.56,DEBIT,EXT_10284,2026-09-08 10:56:47.000000,BR_006,0,normal
TXN_002282,ACC_10043,601.71,DEBIT,EXT_10115,2026-09-08 10:59:56.000000,BR_009,0,normal
TXN_002283,ACC_10037,920.09,DEBIT,EXT_10478,2026-09-08 11:06:05.000000,BR_009,0,normal
TXN_002284,ACC_10049,58120.76,PAYMENT,EXT_10460,2026-09-08 11:06:54.000000,BR_006,0,normal
TXN_002285,ACC_10035,500.0,DEBIT,EXT_10398,2026-09-08 11:10:05.000000,BR_009,0,normal
TXN_002286,ACC_10037,793.82,PAYMENT,EXT_10057,2026-09-08 11:13:17.000000,BR_009,0,normal
TXN_002287,ACC_10005,1754.67,TRANSFER,EXT_10088,2026-09-08 11:13:37.000000,BR_009,0,normal
TXN_002288,ACC_10034,5757.49,TRANSFER,EXT_10139,2026-09-08 11:16:24.000000,BR_009,0,normal
TXN_002289,ACC_10000,500.0,TRANSFER,EXT_10412,2026-09-08 11:17:12.000000,BR_009,0,normal
TXN_002290,ACC_10004,7229.41,DEBIT,EXT_10437,2026-09-08 11:18:17.000000,BR_009,0,normal
TXN_002291,ACC_10023,1832.08,DEBIT,EXT_10088,2026-09-08 11:21:12.000000,BR_009,0,normal
TXN_002292,ACC_10042,3437.77,CREDIT,EXT_10439,2026-09-08 11:23:14.000000,BR_009,0,normal
TXN_002293,ACC_10008,122724.35,DEBIT,EXT_10186,2026-09-08 11:23:32.000000,BR_009,0,normal
TXN_002294,ACC_10001,2849.64,DEBIT,EXT_10278,2026-09-08 11:24:40.000000,BR_009,0,normal
TXN_002295,ACC_10035,1911.43,TRANSFER,EXT_10052,2026-09-08 11:29:12.000000,BR_009,0,normal
TXN_002296,ACC_10019,599.19,TRANSFER,EXT_10283,2026-09-08 11:29:25.000000,BR_009,0,normal
TXN_002297,ACC_10024,1312.48,TRANSFER,EXT_10206,2026-09-08 11:29:49.000000,BR_009,0,normal
TXN_002298,ACC_10003,80444.13,DEBIT,EXT_10462,2026-09-08 11:31:07.000000,BR_009,0,normal
TXN_002299,ACC_10033,8993.2,TRANSFER,EXT_10031,2026-09-08 11:31:33.000000,BR_009,0,normal
TXN_002300,ACC_10043,861.01,CREDIT,EXT_10003,2026-09-08 11:32:24.000000,BR_009,0,normal
TXN_002301,ACC_10005,3157.9,CREDIT,EXT_10224,2026-09-08 11:33:17.000000,BR_009,0,normal
TXN_002302,ACC_10024,1112.98,TRANSFER,EXT_10340,2026-09-08 11:34:55.000000,BR_009,0,normal
TXN_002303,ACC_10017,3402.64,TRANSFER,EXT_10077,2026-09-08 11:35:44.000000,BR_009,0,normal
TXN_002304,ACC_10040,884.16,DEBIT,EXT_10315,2026-09-08 11:35:52.000000,BR_009,0,normal
TXN_002305,ACC_10021,10500.91,CREDIT,EXT_10085,2026-09-08 11:36:56.000000,BR_009,0,normal
TXN_002306,ACC_10000,14789.24,TRANSFER,EXT_10439,2026-09-08 11:37:06.000000,BR_009,0,normal
TXN_002307,ACC_10031,2105.94,TRANSFER,EXT_10200,2026-09-08 11:41:34.000000,BR_009,0,normal
TXN_002308,ACC_10019,1954.44,DEBIT,EXT_10459,2026-09-08 11:42:11.000000,BR_009,0,normal
TXN_002309,ACC_10027,1354.15,PAYMENT,EXT_10026,2026-09-08 11:45:42.000000,BR_009,0,normal
TXN_002310,ACC_10031,17487.2,DEBIT,EXT_10007,2026-09-08 11:49:43.000000,BR_009,0,normal
TXN_002311,ACC_10048,2899.47,CREDIT,EXT_10053,2026-09-08 11:53:33.000000,BR_009,0,normal
TXN_002312,ACC_10025,16062.23,PAYMENT,EXT_10462,2026-09-08 11:57:01.000000,BR_009,0,normal
TXN_002313,ACC_10035,650.43,CREDIT,EXT_10404,2026-09-08 12:01:52.000000,BR_009,0,normal
TXN_002314,ACC_10000,1281.96,DEBIT,EXT_10483,2026-09-08 12:02:23.000000,BR_009,0,normal
TXN_002315,ACC_10002,5575.92,TRANSFER,EXT_10064,2026-09-08 12:02:40.000000,BR_009,0,normal
TXN_002316,ACC_10023,28336.62,CREDIT,EXT_10364,2026-09-08 12:02:50.000000,BR_009,0,normal
TXN_002317,ACC_10001,24276.35,PAYMENT,EXT_10495,2026-09-08 12:03:10.000000,BR_009,0,normal
TXN_002318,ACC_10015,1486.34,DEBIT,EXT_10149,2026-09-08 12:04:21.000000,BR_009,0,normal
TXN_002319,ACC_10003,3600.49,PAYMENT,EXT_10335,2026-09-08 12:10:12.000000,BR_009,0,normal
TXN_002320,ACC_10031,876.65,CREDIT,EXT_10316,2026-09-08 12:17:36.000000,BR_009,0,normal
TXN_002321,ACC_10026,1487.68,CREDIT,EXT_10104,2026-09-08 12:18:49.000000,BR_009,0,normal
TXN_002322,ACC_10034,500.0,TRANSFER,EXT_10225,2026-09-08 12:21:57.000000,BR_009,0,normal
TXN_002323,ACC_10011,2366.0,DEBIT,EXT_10377,2026-09-08 12:28:35.000000,BR_009,0,normal
TXN_002324,ACC_10013,7436.64,TRANSFER,EXT_10137,2026-09-08 12:30:02.000000,BR_006,0,normal
TXN_002325,ACC_10022,19600.85,CREDIT,EXT_10327,2026-09-08 12:38:19.000000,BR_009,0,normal
TXN_002326,ACC_10024,2681.92,TRANSFER,EXT_10459,2026-09-08 12:40:12.000000,BR_009,0,normal
TXN_002327,ACC_10006,4356.57,CREDIT,EXT_10362,2026-09-08 12:45:47.000000,BR_009,0,normal
TXN_002328,ACC_10045,1604.23,DEBIT,EXT_10383,2026-09-08 12:46:56.000000,BR_009,0,normal
TXN_002329,ACC_10008,500.0,TRANSFER,EXT_10490,2026-09-08 12:48:39.000000,BR_009,0,normal
TXN_002330,ACC_10029,5215.45,PAYMENT,EXT_10161,2026-09-08 12:51:31.000000,BR_009,0,normal
TXN_002331,ACC_10040,8586.8,DEBIT,EXT_10042,2026-09-08 12:53:04.000000,BR_009,0,normal
TXN_002332,ACC_10049,6659.2,TRANSFER,EXT_10188,2026-09-08 12:53:59.000000,BR_006,0,normal
TXN_002333,ACC_10035,2319.33,TRANSFER,EXT_10496,2026-09-08 12:57:22.000000,BR_009,0,normal
TXN_002334,ACC_10032,1441.34,DEBIT,EXT_10054,2026-09-08 12:58:30.000000,BR_009,0,normal
TXN_002335,ACC_10039,18132.44,CREDIT,EXT_10261,2026-09-08 13:01:56.000000,BR_009,0,normal
TXN_002336,ACC_10035,6936.18,CREDIT,EXT_10154,2026-09-08 13:05:04.000000,BR_009,0,normal
TXN_002337,ACC_10023,2408.23,CREDIT,EXT_10190,2026-09-08 13:05:12.000000,BR_009,0,normal
TXN_002338,ACC_10045,4639.43,TRANSFER,EXT_10037,2026-09-08 13:06:06.000000,BR_009,0,normal
TXN_002339,ACC_10030,8453.95,TRANSFER,EXT_10349,2026-09-08 13:07:05.000000,BR_009,0,normal
TXN_002340,ACC_10003,16209.42,TRANSFER,EXT_10386,2026-09-08 13:07:12.000000,BR_009,0,normal
TXN_002341,ACC_10028,500.0,DEBIT,EXT_10372,2026-09-08 13:12:01.000000,BR_006,0,normal
TXN_002342,ACC_10022,2651.14,CREDIT,EXT_10303,2026-09-08 13:15:54.000000,BR_009,0,normal
TXN_002343,ACC_10046,906.22,TRANSFER,EXT_10082,2026-09-08 13:18:17.000000,BR_009,0,normal
TXN_002344,ACC_10024,11174.35,DEBIT,EXT_10352,2026-09-08 13:23:46.000000,BR_009,0,normal
TXN_002345,ACC_10018,7881.86,DEBIT,EXT_10030,2026-09-08 13:24:03.000000,BR_009,0,normal
TXN_002346,ACC_10003,2333.78,DEBIT,EXT_10010,2026-09-08 13:27:24.000000,BR_009,0,normal
TXN_002347,ACC_10015,12040.85,PAYMENT,EXT_10177,2026-09-08 13:29:56.000000,BR_009,0,normal
TXN_002348,ACC_10014,1430.77,CREDIT,EXT_10472,2026-09-08 13:34:41.000000,BR_006,0,normal
TXN_002349,ACC_10045,1130.37,DEBIT,EXT_10131,2026-09-08 13:39:18.000000,BR_009,0,normal
TXN_002350,ACC_10015,13676.26,DEBIT,EXT_10214,2026-09-08 13:41:56.000000,BR_009,0,normal
TXN_002351,ACC_10027,3572.83,TRANSFER,EXT_10149,2026-09-08 13:45:22.000000,BR_009,0,normal
TXN_002352,ACC_10003,824.59,TRANSFER,EXT_10191,2026-09-08 13:45:46.000000,BR_009,0,normal
TXN_002353,ACC_10026,13089.8,TRANSFER,EXT_10067,2026-09-08 13:46:05.000000,BR_009,0,normal
TXN_002354,ACC_10024,179468.5,TRANSFER,EXT_10116,2026-09-08 13:49:26.000000,BR_009,0,normal
TXN_002355,ACC_10024,6658.33,TRANSFER,EXT_10183,2026-09-08 13:55:35.000000,BR_009,0,normal
TXN_002356,ACC_10035,11049.3,CREDIT,EXT_10214,2026-09-08 14:00:56.000000,BR_009,0,normal
TXN_002357,ACC_10014,1448.28,TRANSFER,EXT_10102,2026-09-08 14:07:59.000000,BR_006,0,normal
TXN_002358,ACC_10044,28718.49,CREDIT,EXT_10002,2026-09-08 14:08:53.000000,BR_009,0,normal
TXN_002359,ACC_10023,52445.59,DEBIT,EXT_10317,2026-09-08 14:10:26.000000,BR_009,0,normal
TXN_002360,ACC_10018,6426.68,TRANSFER,EXT_10208,2026-09-08 14:11:13.000000,BR_009,0,normal
TXN_002361,ACC_10034,10354.9,CREDIT,EXT_10140,2026-09-08 14:13:06.000000,BR_009,0,normal
TXN_002362,ACC_10030,3824.71,PAYMENT,EXT_10184,2026-09-08 14:13:09.000000,BR_009,0,normal
TXN_002363,ACC_10048,942.19,DEBIT,EXT_10087,2026-09-08 14:13:31.000000,BR_009,0,normal
TXN_002364,ACC_10015,1494.88,TRANSFER,EXT_10029,2026-09-08 14:14:46.000000,BR_009,0,normal
TXN_002365,ACC_10022,19322.2,DEBIT,EXT_10222,2026-09-08 14:19:34.000000,BR_009,0,normal
TXN_002366,ACC_10001,3583.01,DEBIT,EXT_10191,2026-09-08 14:23:12.000000,BR_009,0,normal
TXN_002367,ACC_10048,6612.07,CREDIT,EXT_10033,2026-09-08 14:23:50.000000,BR_009,0,normal
TXN_002368,ACC_10012,805.58,DEBIT,EXT_10358,2026-09-08 14:26:25.000000,BR_009,0,normal
TXN_002369,ACC_10004,1358.86,DEBIT,EXT_10292,2026-09-08 14:26:32.000000,BR_009,0,normal
TXN_002370,ACC_10018,513.64,TRANSFER,EXT_10104,2026-09-08 14:27:20.000000,BR_009,0,normal
TXN_002371,ACC_10040,3165.66,PAYMENT,EXT_10283,2026-09-08 14:29:05.000000,BR_009,0,normal
TXN_002372,ACC_10001,500.0,PAYMENT,EXT_10347,2026-09-08 14:38:24.000000,BR_009,0,normal
TXN_002373,ACC_10001,124854.31,TRANSFER,EXT_10015,2026-09-08 14:38:42.000000,BR_009,0,normal
TXN_002374,ACC_10018,2687.59,TRANSFER,EXT_10203,2026-09-08 14:38:43.000000,BR_009,0,normal
TXN_002375,ACC_10038,586.08,DEBIT,EXT_10246,2026-09-08 14:41:27.000000,BR_009,0,normal
TXN_002376,ACC_10037,6514.19,DEBIT,EXT_10331,2026-09-08 14:44:29.000000,BR_009,0,normal
TXN_002377,ACC_10027,1205.91,DEBIT,EXT_10106,2026-09-08 14:47:51.000000,BR_009,0,normal
TXN_002378,ACC_10025,2865.96,DEBIT,EXT_10346,2026-09-08 14:50:44.000000,BR_009,0,normal
TXN_002379,ACC_10035,1903.34,DEBIT,EXT_10158,2026-09-08 14:51:54.000000,BR_009,0,normal
TXN_002380,ACC_10042,989.25,TRANSFER,EXT_10089,2026-09-08 15:02:10.000000,BR_009,0,normal
TXN_002381,ACC_10033,2111.45,PAYMENT,EXT_10282,2026-09-08 15:03:15.000000,BR_009,0,normal
TXN_002382,ACC_10015,37612.8,TRANSFER,EXT_10253,2026-09-08 15:03:58.000000,BR_009,0,normal
TXN_002383,ACC_10044,3781.57,CREDIT,EXT_10329,2026-09-08 15:05:15.000000,BR_009,0,normal
TXN_002384,ACC_10031,4769.61,TRANSFER,EXT_10299,2026-09-08 15:08:42.000000,BR_009,0,normal
TXN_002385,ACC_10044,25028.79,CREDIT,EXT_10126,2026-09-08 15:09:10.000000,BR_009,0,normal
TXN_002386,ACC_10045,1869.46,DEBIT,EXT_10481,2026-09-08 15:09:58.000000,BR_009,0,normal
TXN_002387,ACC_10030,601.59,DEBIT,EXT_10491,2026-09-08 15:11:40.000000,BR_009,0,normal
TXN_002388,ACC_10021,6302.03,DEBIT,EXT_10029,2026-09-08 15:11:44.000000,BR_009,0,normal
TXN_002389,ACC_10043,16250.43,CREDIT,EXT_10006,2026-09-08 15:17:06.000000,BR_009,0,normal
TXN_002390,ACC_10040,3725.89,PAYMENT,EXT_10420,2026-09-08 15:18:37.000000,BR_009,0,normal
TXN_002391,ACC_10018,67129.89,CREDIT,EXT_10033,2026-09-08 15:18:40.000000,BR_009,0,normal
TXN_002392,ACC_10014,7922.65,DEBIT,EXT_10481,2026-09-08 15:21:51.000000,BR_006,0,normal
TXN_002393,ACC_10000,1409.91,TRANSFER,EXT_10129,2026-09-08 15:27:22.000000,BR_009,0,normal
TXN_002394,ACC_10036,1752.52,CREDIT,EXT_10254,2026-09-08 15:30:16.000000,BR_009,0,normal
TXN_002395,ACC_10028,39229.02,DEBIT,EXT_10023,2026-09-08 15:32:06.000000,BR_006,0,normal
TXN_002396,ACC_10031,3330.37,DEBIT,EXT_10241,2026-09-08 15:48:55.000000,BR_009,0,normal
TXN_002397,ACC_10025,3004.46,PAYMENT,EXT_10352,2026-09-08 15:49:22.000000,BR_009,0,normal
TXN_002398,ACC_10009,4584.31,TRANSFER,EXT_10444,2026-09-08 15:49:30.000000,BR_006,0,normal
TXN_002399,ACC_10018,577.38,TRANSFER,EXT_10262,2026-09-08 15:51:40.000000,BR_009,0,normal
TXN_002400,ACC_10045,19552.28,DEBIT,EXT_10243,2026-09-08 15:51:51.000000,BR_009,0,normal
TXN_002401,ACC_10020,1708.05,CREDIT,EXT_10483,2026-09-08 15:52:36.000000,BR_009,0,normal
TXN_002402,ACC_10032,766.41,DEBIT,EXT_10415,2026-09-08 15:54:35.000000,BR_009,0,normal
TXN_002403,ACC_10005,1413.63,CREDIT,EXT_10403,2026-09-08 15:56:34.000000,BR_009,0,normal
TXN_002404,ACC_10043,37852.48,TRANSFER,EXT_10370,2026-09-08 15:57:10.000000,BR_009,0,normal
TXN_002405,ACC_10001,850.64,TRANSFER,EXT_10438,2026-09-08 16:01:05.000000,BR_009,0,normal
TXN_002406,ACC_10031,7416.9,CREDIT,EXT_10430,2026-09-08 16:03:52.000000,BR_009,0,normal
TXN_002407,ACC_10043,2127.98,CREDIT,EXT_10214,2026-09-08 16:08:51.000000,BR_009,0,normal
TXN_002408,ACC_10015,5266.94,CREDIT,EXT_10460,2026-09-08 16:11:08.000000,BR_009,0,normal
TXN_002409,ACC_10004,2833.01,DEBIT,EXT_10353,2026-09-08 16:12:40.000000,BR_009,0,normal
TXN_002410,ACC_10023,2152.01,TRANSFER,EXT_10293,2026-09-08 16:15:15.000000,BR_009,0,normal
TXN_002411,ACC_10037,659.85,TRANSFER,EXT_10077,2026-09-08 16:16:10.000000,BR_009,0,normal
TXN_002412,ACC_10030,2008.54,DEBIT,EXT_10337,2026-09-08 16:17:06.000000,BR_009,0,normal
TXN_002413,ACC_10018,5637.88,CREDIT,EXT_10210,2026-09-08 16:17:17.000000,BR_009,0,normal
TXN_002414,ACC_10024,9995.78,TRANSFER,EXT_10339,2026-09-08 16:17:25.000000,BR_009,0,normal
TXN_002415,ACC_10033,1048.73,CREDIT,EXT_10290,2026-09-08 16:23:02.000000,BR_009,0,normal
TXN_002416,ACC_10018,2796.84,DEBIT,EXT_10464,2026-09-08 16:23:47.000000,BR_009,0,normal
TXN_002417,ACC_10032,5724.46,CREDIT,EXT_10010,2026-09-08 16:24:54.000000,BR_009,0,normal
TXN_002418,ACC_10010,3865.68,TRANSFER,EXT_10142,2026-09-08 16:25:42.000000,BR_006,0,normal
TXN_002419,ACC_10037,880.31,DEBIT,EXT_10042,2026-09-08 16:25:47.000000,BR_009,0,normal
TXN_002420,ACC_10025,819.87,DEBIT,EXT_10272,2026-09-08 16:26:25.000000,BR_009,0,normal
TXN_002421,ACC_10025,500.0,TRANSFER,EXT_10140,2026-09-08 16:28:20.000000,BR_009,0,normal
TXN_002422,ACC_10048,1430.71,TRANSFER,EXT_10008,2026-09-08 16:29:21.000000,BR_009,0,normal
TXN_002423,ACC_10049,500.0,TRANSFER,EXT_10300,2026-09-08 16:32:01.000000,BR_006,0,normal
TXN_002424,ACC_10003,12943.99,CREDIT,EXT_10164,2026-09-08 16:33:52.000000,BR_009,0,normal
TXN_002425,ACC_10033,2750.17,TRANSFER,EXT_10105,2026-09-08 16:36:36.000000,BR_009,0,normal
TXN_002426,ACC_10018,8291.34,PAYMENT,EXT_10236,2026-09-08 16:37:39.000000,BR_009,0,normal
TXN_002427,ACC_10048,500.0,TRANSFER,EXT_10087,2026-09-08 16:37:42.000000,BR_009,0,normal
TXN_002428,ACC_10036,6848.4,DEBIT,EXT_10054,2026-09-08 16:39:05.000000,BR_009,0,normal
TXN_002429,ACC_10045,2747.77,DEBIT,EXT_10275,2026-09-08 16:40:11.000000,BR_009,0,normal
TXN_002430,ACC_10042,2931.24,TRANSFER,EXT_10286,2026-09-08 16:44:03.000000,BR_009,0,normal
TXN_002431,ACC_10004,2629.27,TRANSFER,EXT_10254,2026-09-08 16:48:02.000000,BR_009,0,normal
TXN_002432,ACC_10020,5211.88,CREDIT,EXT_10203,2026-09-08 16:49:49.000000,BR_009,0,normal
TXN_002433,ACC_10043,8312.1,CREDIT,EXT_10039,2026-09-08 16:51:56.000000,BR_009,0,normal
TXN_002434,ACC_10020,5724.49,CREDIT,EXT_10124,2026-09-08 16:53:03.000000,BR_009,0,normal
TXN_002435,ACC_10024,8930.91,DEBIT,EXT_10152,2026-09-08 16:59:18.000000,BR_009,0,normal
TXN_002436,ACC_10015,2615.8,DEBIT,EXT_10255,2026-09-08 17:05:39.000000,BR_009,0,normal
TXN_002437,ACC_10019,682.91,TRANSFER,EXT_10373,2026-09-08 17:06:09.000000,BR_009,0,normal
TXN_002438,ACC_10031,7077.69,TRANSFER,EXT_10403,2026-09-08 17:09:06.000000,BR_009,0,normal
TXN_002439,ACC_10015,500.0,TRANSFER,EXT_10136,2026-09-08 17:10:37.000000,BR_009,0,normal
TXN_002440,ACC_10018,6270.25,DEBIT,EXT_10272,2026-09-08 17:11:37.000000,BR_009,0,normal
TXN_002441,ACC_10018,21194.77,PAYMENT,EXT_10022,2026-09-08 17:14:37.000000,BR_009,0,normal
TXN_002442,ACC_10018,3460.53,TRANSFER,EXT_10460,2026-09-08 17:15:43.000000,BR_009,0,normal
TXN_002443,ACC_10036,73896.0,TRANSFER,EXT_10425,2026-09-08 17:16:43.000000,BR_009,0,normal
TXN_002444,ACC_10025,5453.96,CREDIT,EXT_10369,2026-09-08 17:22:34.000000,BR_009,0,normal
TXN_002445,ACC_10034,9111.18,TRANSFER,EXT_10226,2026-09-08 17:23:31.000000,BR_009,0,normal
TXN_002446,ACC_10010,500.0,TRANSFER,EXT_10497,2026-09-08 17:25:23.000000,BR_006,0,normal
TXN_002447,ACC_10048,500.0,DEBIT,EXT_10436,2026-09-08 17:27:47.000000,BR_009,0,normal
TXN_002448,ACC_10029,6971.17,CREDIT,EXT_10140,2026-09-08 17:29:43.000000,BR_009,0,normal
TXN_002449,ACC_10026,874.29,CREDIT,EXT_10364,2026-09-08 17:30:20.000000,BR_009,0,normal
TXN_002450,ACC_10029,2139.4,TRANSFER,EXT_10044,2026-09-08 17:30:24.000000,BR_009,0,normal
TXN_002451,ACC_10022,985.56,DEBIT,EXT_10497,2026-09-08 17:30:49.000000,BR_009,0,normal
TXN_002452,ACC_10018,1483.32,PAYMENT,EXT_10284,2026-09-08 17:30:55.000000,BR_009,0,normal
TXN_002453,ACC_10005,16790.36,CREDIT,EXT_10137,2026-09-08 17:30:59.000000,BR_009,0,normal
TXN_002454,ACC_10027,3320.09,DEBIT,EXT_10002,2026-09-08 17:38:41.000000,BR_009,0,normal
TXN_002455,ACC_10043,500.0,CREDIT,EXT_10245,2026-09-08 17:44:23.000000,BR_009,0,normal
TXN_002456,ACC_10036,15326.83,DEBIT,EXT_10468,2026-09-08 17:46:29.000000,BR_009,0,normal
TXN_002457,ACC_10032,4865.54,DEBIT,EXT_10287,2026-09-08 17:48:06.000000,BR_009,0,normal
TXN_002458,ACC_10024,10511.46,CREDIT,EXT_10055,2026-09-08 17:50:44.000000,BR_009,0,normal
TXN_002459,ACC_10024,5724.0,CREDIT,EXT_10117,2026-09-08 17:50:47.000000,BR_009,0,normal
TXN_002460,ACC_10030,500.0,CREDIT,EXT_10223,2026-09-08 17:52:29.000000,BR_009,0,normal
TXN_002461,ACC_10000,2452.11,CREDIT,EXT_10223,2026-09-08 17:54:28.000000,BR_009,0,normal
TXN_002462,ACC_10011,500.0,DEBIT,EXT_10375,2026-09-08 17:55:38.000000,BR_009,0,normal
TXN_002463,ACC_10048,832.59,DEBIT,EXT_10284,2026-09-08 17:58:02.000000,BR_009,0,normal
TXN_002464,ACC_10016,771.51,PAYMENT,EXT_10386,2026-09-08 17:58:11.000000,BR_009,0,normal
TXN_002465,ACC_10032,1217.29,DEBIT,EXT_10413,2026-09-08 17:58:28.000000,BR_009,0,normal
TXN_002466,ACC_10024,35522.29,CREDIT,EXT_10026,2026-09-08 17:59:48.000000,BR_009,0,normal
TXN_002467,ACC_10037,147169.57,TRANSFER,EXT_10013,2026-09-09 02:20:18.956300,BR_005,1,temporal_link
TXN_002468,ACC_10032,91804.87,TRANSFER,EXT_10031,2026-09-09 02:24:21.274934,BR_005,1,temporal_link
TXN_002469,ACC_10034,185920.28,TRANSFER,EXT_10111,2026-09-09 02:25:06.257656,BR_005,1,temporal_link
TXN_002470,ACC_10034,128317.06,TRANSFER,EXT_10449,2026-09-09 02:25:36.842765,BR_005,1,temporal_link
TXN_002471,ACC_10043,22486.3,CREDIT,EXT_10153,2026-09-09 09:00:08.000000,BR_009,0,normal
TXN_002472,ACC_10008,3599.26,CREDIT,EXT_10268,2026-09-09 09:05:06.000000,BR_009,0,normal
TXN_002473,ACC_10017,5998.19,CREDIT,EXT_10475,2026-09-09 09:05:23.000000,BR_009,0,normal
TXN_002474,ACC_10018,500.0,TRANSFER,EXT_10353,2026-09-09 09:05:24.000000,BR_009,0,normal
TXN_002475,ACC_10003,1475.82,TRANSFER,EXT_10368,2026-09-09 09:08:32.000000,BR_009,0,normal
TXN_002476,ACC_10000,1382.71,DEBIT,EXT_10299,2026-09-09 09:08:50.000000,BR_009,0,normal
TXN_002477,ACC_10028,1695.43,TRANSFER,EXT_10276,2026-09-09 09:10:40.000000,BR_006,0,normal
TXN_002478,ACC_10031,28623.75,DEBIT,EXT_10131,2026-09-09 09:10:44.000000,BR_009,0,normal
TXN_002479,ACC_10004,7667.47,DEBIT,EXT_10191,2026-09-09 09:10:54.000000,BR_009,0,normal
TXN_002480,ACC_10031,679.24,DEBIT,EXT_10286,2026-09-09 09:12:19.000000,BR_009,0,normal
TXN_002481,ACC_10017,602.45,DEBIT,EXT_10178,2026-09-09 09:13:25.000000,BR_009,0,normal
TXN_002482,ACC_10033,1159.25,DEBIT,EXT_10104,2026-09-09 09:18:18.000000,BR_009,0,normal
TXN_002483,ACC_10039,3787.44,PAYMENT,EXT_10002,2026-09-09 09:19:44.000000,BR_009,0,normal
TXN_002484,ACC_10044,27992.65,DEBIT,EXT_10162,2026-09-09 09:21:50.000000,BR_009,0,normal
TXN_002485,ACC_10025,6744.32,CREDIT,EXT_10145,2026-09-09 09:24:24.000000,BR_009,0,normal
TXN_002486,ACC_10015,1105.0,DEBIT,EXT_10395,2026-09-09 09:26:43.000000,BR_009,0,normal
TXN_002487,ACC_10010,1248.36,DEBIT,EXT_10418,2026-09-09 09:28:46.000000,BR_006,0,normal
TXN_002488,ACC_10014,15089.54,DEBIT,EXT_10394,2026-09-09 09:36:40.000000,BR_006,0,normal
TXN_002489,ACC_10031,7745.73,TRANSFER,EXT_10245,2026-09-09 09:39:31.000000,BR_009,0,normal
TXN_002490,ACC_10029,1762.74,CREDIT,EXT_10177,2026-09-09 09:39:48.000000,BR_009,0,normal
TXN_002491,ACC_10025,6668.31,CREDIT,EXT_10224,2026-09-09 09:42:06.000000,BR_009,0,normal
TXN_002492,ACC_10011,1981.97,DEBIT,EXT_10335,2026-09-09 09:42:39.000000,BR_009,0,normal
TXN_002493,ACC_10022,15377.36,DEBIT,EXT_10166,2026-09-09 09:43:21.000000,BR_009,0,normal
TXN_002494,ACC_10001,3237.56,DEBIT,EXT_10492,2026-09-09 09:43:46.000000,BR_009,0,normal
TXN_002495,ACC_10009,1620.02,PAYMENT,EXT_10311,2026-09-09 09:45:30.000000,BR_006,0,normal
TXN_002496,ACC_10022,1697.84,CREDIT,EXT_10294,2026-09-09 09:47:49.000000,BR_009,0,normal
TXN_002497,ACC_10030,649.25,PAYMENT,EXT_10057,2026-09-09 09:50:13.000000,BR_009,0,normal
TXN_002498,ACC_10002,2840.43,CREDIT,EXT_10447,2026-09-09 09:50:32.000000,BR_009,0,normal
TXN_002499,ACC_10008,15816.06,DEBIT,EXT_10229,2026-09-09 09:55:32.000000,BR_009,0,normal
TXN_002500,ACC_10000,500.0,PAYMENT,EXT_10154,2026-09-09 09:55:54.000000,BR_009,0,normal
TXN_002501,ACC_10025,6668.22,DEBIT,EXT_10176,2026-09-09 10:06:46.000000,BR_009,0,normal
TXN_002502,ACC_10042,3577.83,TRANSFER,EXT_10206,2026-09-09 10:07:01.000000,BR_009,0,normal
TXN_002503,ACC_10032,3611.46,DEBIT,EXT_10025,2026-09-09 10:08:23.000000,BR_009,0,normal
TXN_002504,ACC_10043,1373.2,DEBIT,EXT_10110,2026-09-09 10:09:23.000000,BR_009,0,normal
TXN_002505,ACC_10031,3231.55,PAYMENT,EXT_10443,2026-09-09 10:11:41.000000,BR_009,0,normal
TXN_002506,ACC_10016,28526.08,DEBIT,EXT_10358,2026-09-09 10:13:17.000000,BR_009,0,normal
TXN_002507,ACC_10039,1249.81,CREDIT,EXT_10394,2026-09-09 10:13:46.000000,BR_009,0,normal
TXN_002508,ACC_10010,513.65,CREDIT,EXT_10448,2026-09-09 10:15:47.000000,BR_006,0,normal
TXN_002509,ACC_10034,1295.83,TRANSFER,EXT_10003,2026-09-09 10:17:12.000000,BR_009,0,normal
TXN_002510,ACC_10045,9758.26,TRANSFER,EXT_10442,2026-09-09 10:17:51.000000,BR_009,0,normal
TXN_002511,ACC_10039,761.84,DEBIT,EXT_10329,2026-09-09 10:20:58.000000,BR_009,0,normal
TXN_002512,ACC_10035,1878.61,TRANSFER,EXT_10110,2026-09-09 10:23:11.000000,BR_009,0,normal
TXN_002513,ACC_10046,3060.98,PAYMENT,EXT_10150,2026-09-09 10:23:34.000000,BR_009,0,normal
TXN_002514,ACC_10003,500.0,DEBIT,EXT_10363,2026-09-09 10:23:49.000000,BR_009,0,normal
TXN_002515,ACC_10040,7688.12,TRANSFER,EXT_10273,2026-09-09 10:30:19.000000,BR_009,0,normal
TXN_002516,ACC_10000,2501.87,DEBIT,EXT_10037,2026-09-09 10:44:17.000000,BR_009,0,normal
TXN_002517,ACC_10023,559.78,DEBIT,EXT_10415,2026-09-09 10:45:33.000000,BR_009,0,normal
TXN_002518,ACC_10016,9931.11,DEBIT,EXT_10171,2026-09-09 10:47:57.000000,BR_009,0,normal
TXN_002519,ACC_10006,2812.12,TRANSFER,EXT_10125,2026-09-09 10:51:30.000000,BR_009,0,normal
TXN_002520,ACC_10045,13895.51,CREDIT,EXT_10438,2026-09-09 10:53:02.000000,BR_009,0,normal
TXN_002521,ACC_10008,2134.43,CREDIT,EXT_10458,2026-09-09 10:56:58.000000,BR_009,0,normal
TXN_002522,ACC_10047,500.0,PAYMENT,EXT_10463,2026-09-09 10:58:16.000000,BR_009,0,normal
TXN_002523,ACC_10032,1240.51,DEBIT,EXT_10393,2026-09-09 10:58:53.000000,BR_009,0,normal
TXN_002524,ACC_10033,9698.0,TRANSFER,EXT_10382,2026-09-09 10:59:32.000000,BR_009,0,normal
TXN_002525,ACC_10037,9963.93,DEBIT,EXT_10351,2026-09-09 10:59:44.000000,BR_009,0,normal
TXN_002526,ACC_10030,23850.24,TRANSFER,EXT_10489,2026-09-09 11:03:24.000000,BR_009,0,normal
TXN_002527,ACC_10034,500.0,TRANSFER,EXT_10019,2026-09-09 11:14:15.000000,BR_009,0,normal
TXN_002528,ACC_10015,757.33,PAYMENT,EXT_10402,2026-09-09 11:14:30.000000,BR_009,0,normal
TXN_002529,ACC_10003,2855.76,DEBIT,EXT_10189,2026-09-09 11:15:20.000000,BR_009,0,normal
TXN_002530,ACC_10020,1121.87,TRANSFER,EXT_10435,2026-09-09 11:21:40.000000,BR_009,0,normal
TXN_002531,ACC_10036,2248.07,CREDIT,EXT_10294,2026-09-09 11:22:53.000000,BR_009,0,normal
TXN_002532,ACC_10042,6821.01,DEBIT,EXT_10369,2026-09-09 11:28:29.000000,BR_009,0,normal
TXN_002533,ACC_10046,37491.51,TRANSFER,EXT_10065,2026-09-09 11:28:44.000000,BR_009,0,normal
TXN_002534,ACC_10034,1121.72,CREDIT,EXT_10404,2026-09-09 11:33:08.000000,BR_009,0,normal
TXN_002535,ACC_10031,7536.39,TRANSFER,EXT_10454,2026-09-09 11:35:06.000000,BR_009,0,normal
TXN_002536,ACC_10004,2558.92,PAYMENT,EXT_10467,2026-09-09 11:36:19.000000,BR_009,0,normal
TXN_002537,ACC_10005,13999.77,CREDIT,EXT_10357,2026-09-09 11:36:57.000000,BR_009,0,normal
TXN_002538,ACC_10047,3255.33,DEBIT,EXT_10142,2026-09-09 11:44:46.000000,BR_009,0,normal
TXN_002539,ACC_10018,2388.81,TRANSFER,EXT_10212,2026-09-09 11:44:53.000000,BR_009,0,normal
TXN_002540,ACC_10003,5946.48,TRANSFER,EXT_10061,2026-09-09 11:49:25.000000,BR_009,0,normal
TXN_002541,ACC_10030,36171.79,CREDIT,EXT_10451,2026-09-09 11:53:09.000000,BR_009,0,normal
TXN_002542,ACC_10001,16021.03,TRANSFER,EXT_10196,2026-09-09 11:55:27.000000,BR_009,0,normal
TXN_002543,ACC_10029,11289.59,TRANSFER,EXT_10132,2026-09-09 11:56:48.000000,BR_009,0,normal
TXN_002544,ACC_10032,6560.1,TRANSFER,EXT_10452,2026-09-09 12:01:21.000000,BR_009,0,normal
TXN_002545,ACC_10036,1512.42,CREDIT,EXT_10397,2026-09-09 12:04:26.000000,BR_009,0,normal
TXN_002546,ACC_10007,4816.56,DEBIT,EXT_10319,2026-09-09 12:04:53.000000,BR_009,0,normal
TXN_002547,ACC_10041,24163.49,PAYMENT,EXT_10402,2026-09-09 12:06:13.000000,BR_009,0,normal
TXN_002548,ACC_10034,1463.71,TRANSFER,EXT_10429,2026-09-09 12:18:06.000000,BR_009,0,normal
TXN_002549,ACC_10023,32791.45,CREDIT,EXT_10449,2026-09-09 12:25:54.000000,BR_009,0,normal
TXN_002550,ACC_10022,500.0,PAYMENT,EXT_10306,2026-09-09 12:26:28.000000,BR_009,0,normal
TXN_002551,ACC_10013,1541.36,DEBIT,EXT_10448,2026-09-09 12:26:53.000000,BR_006,0,normal
TXN_002552,ACC_10001,580.23,DEBIT,EXT_10370,2026-09-09 12:27:21.000000,BR_009,0,normal
TXN_002553,ACC_10013,1380.41,DEBIT,EXT_10176,2026-09-09 12:28:23.000000,BR_006,0,normal
TXN_002554,ACC_10018,3796.45,PAYMENT,EXT_10300,2026-09-09 12:28:32.000000,BR_009,0,normal
TXN_002555,ACC_10013,500.0,DEBIT,EXT_10096,2026-09-09 12:34:41.000000,BR_006,0,normal
TXN_002556,ACC_10044,2292.15,DEBIT,EXT_10052,2026-09-09 12:38:10.000000,BR_009,0,normal
TXN_002557,ACC_10024,39287.2,TRANSFER,EXT_10126,2026-09-09 12:38:45.000000,BR_009,1,structuring
TXN_002558,ACC_10024,3160.5,PAYMENT,EXT_10152,2026-09-09 12:40:08.000000,BR_009,0,normal
TXN_002559,ACC_10015,5584.18,PAYMENT,EXT_10163,2026-09-09 12:40:22.000000,BR_009,0,normal
TXN_002560,ACC_10025,25305.21,CREDIT,EXT_10397,2026-09-09 12:42:03.000000,BR_009,0,normal
TXN_002561,ACC_10037,1853.6,PAYMENT,EXT_10321,2026-09-09 12:42:08.000000,BR_009,0,normal
TXN_002562,ACC_10009,2282.36,TRANSFER,EXT_10342,2026-09-09 12:42:23.000000,BR_006,0,normal
TXN_002563,ACC_10042,4810.73,TRANSFER,EXT_10290,2026-09-09 12:42:51.000000,BR_009,0,normal
TXN_002564,ACC_10034,4172.79,PAYMENT,EXT_10085,2026-09-09 12:48:57.000000,BR_009,0,normal
TXN_002565,ACC_10031,17193.07,DEBIT,EXT_10198,2026-09-09 12:49:14.000000,BR_009,0,normal
TXN_002566,ACC_10027,9851.43,TRANSFER,EXT_10470,2026-09-09 12:52:07.000000,BR_009,0,normal
TXN_002567,ACC_10017,28717.9,PAYMENT,EXT_10295,2026-09-09 12:54:09.000000,BR_009,0,normal
TXN_002568,ACC_10002,9746.65,CREDIT,EXT_10409,2026-09-09 12:54:30.000000,BR_009,0,normal
TXN_002569,ACC_10025,2030.92,CREDIT,EXT_10355,2026-09-09 12:55:08.000000,BR_009,0,normal
TXN_002570,ACC_10034,706.46,DEBIT,EXT_10455,2026-09-09 12:58:19.000000,BR_009,0,normal
TXN_002571,ACC_10045,995.26,TRANSFER,EXT_10206,2026-09-09 12:59:51.000000,BR_009,0,normal
TXN_002572,ACC_10030,71336.06,CREDIT,EXT_10451,2026-09-09 13:01:16.000000,BR_009,0,normal
TXN_002573,ACC_10018,6229.57,CREDIT,EXT_10086,2026-09-09 13:01:49.000000,BR_009,0,normal
TXN_002574,ACC_10045,1051.81,TRANSFER,EXT_10443,2026-09-09 13:02:22.000000,BR_009,0,normal
TXN_002575,ACC_10025,5727.92,DEBIT,EXT_10089,2026-09-09 13:02:36.000000,BR_009,0,normal
TXN_002576,ACC_10045,22115.51,DEBIT,EXT_10050,2026-09-09 13:02:51.000000,BR_009,0,normal
TXN_002577,ACC_10042,18119.31,TRANSFER,EXT_10111,2026-09-09 13:03:16.000000,BR_009,0,normal
TXN_002578,ACC_10045,1947.53,TRANSFER,EXT_10233,2026-09-09 13:03:17.000000,BR_009,0,normal
TXN_002579,ACC_10029,3662.8,DEBIT,EXT_10316,2026-09-09 13:07:17.000000,BR_009,0,normal
TXN_002580,ACC_10041,10458.95,CREDIT,EXT_10417,2026-09-09 13:10:21.000000,BR_009,0,normal
TXN_002581,ACC_10004,3577.87,CREDIT,EXT_10174,2026-09-09 13:12:57.000000,BR_009,0,normal
TXN_002582,ACC_10036,6749.11,PAYMENT,EXT_10050,2026-09-09 13:14:13.000000,BR_009,0,normal
TXN_002583,ACC_10008,500.0,PAYMENT,EXT_10310,2026-09-09 13:20:43.000000,BR_009,0,normal
TXN_002584,ACC_10041,13065.12,TRANSFER,EXT_10141,2026-09-09 13:21:47.000000,BR_009,0,normal
TXN_002585,ACC_10036,895.55,TRANSFER,EXT_10159,2026-09-09 13:26:41.000000,BR_009,0,normal
TXN_002586,ACC_10024,3425.69,DEBIT,EXT_10251,2026-09-09 13:31:59.000000,BR_009,0,normal
TXN_002587,ACC_10039,512.24,TRANSFER,EXT_10208,2026-09-09 13:33:37.000000,BR_009,0,normal
TXN_002588,ACC_10039,11950.41,TRANSFER,EXT_10371,2026-09-09 13:33:53.000000,BR_009,0,normal
TXN_002589,ACC_10023,19798.42,DEBIT,EXT_10280,2026-09-09 13:34:19.000000,BR_009,0,normal
TXN_002590,ACC_10015,11934.78,CREDIT,EXT_10383,2026-09-09 13:34:27.000000,BR_009,0,normal
TXN_002591,ACC_10018,40639.53,CREDIT,EXT_10492,2026-09-09 13:34:34.000000,BR_009,0,normal
TXN_002592,ACC_10003,3607.97,CREDIT,EXT_10212,2026-09-09 13:36:17.000000,BR_009,0,normal
TXN_002593,ACC_10000,5161.02,DEBIT,EXT_10123,2026-09-09 13:36:34.000000,BR_009,0,normal
TXN_002594,ACC_10002,7594.79,CREDIT,EXT_10304,2026-09-09 13:36:41.000000,BR_009,0,normal
TXN_002595,ACC_10034,19980.79,DEBIT,EXT_10170,2026-09-09 13:37:08.000000,BR_009,0,normal
TXN_002596,ACC_10032,1722.09,DEBIT,EXT_10099,2026-09-09 13:41:30.000000,BR_009,0,normal
TXN_002597,ACC_10031,8327.96,DEBIT,EXT_10012,2026-09-09 13:45:29.000000,BR_009,0,normal
TXN_002598,ACC_10046,3716.67,DEBIT,EXT_10438,2026-09-09 13:47:56.000000,BR_009,0,normal
TXN_002599,ACC_10041,847.07,CREDIT,EXT_10338,2026-09-09 13:54:16.000000,BR_009,0,normal
TXN_002600,ACC_10040,2801.32,DEBIT,EXT_10195,2026-09-09 13:57:34.000000,BR_009,0,normal
TXN_002601,ACC_10024,32612.66,TRANSFER,EXT_10194,2026-09-09 13:58:45.000000,BR_009,1,structuring
TXN_002602,ACC_10024,31262.77,TRANSFER,EXT_10303,2026-09-09 13:58:45.000000,BR_009,1,structuring
TXN_002603,ACC_10046,21155.8,DEBIT,EXT_10130,2026-09-09 14:00:02.000000,BR_009,0,normal
TXN_002604,ACC_10026,4138.16,CREDIT,EXT_10499,2026-09-09 14:02:03.000000,BR_009,0,normal
TXN_002605,ACC_10020,5095.33,DEBIT,EXT_10004,2026-09-09 14:02:29.000000,BR_009,0,normal
TXN_002606,ACC_10020,2935.46,TRANSFER,EXT_10059,2026-09-09 14:04:47.000000,BR_009,0,normal
TXN_002607,ACC_10003,22760.48,TRANSFER,EXT_10127,2026-09-09 14:06:18.000000,BR_009,0,normal
TXN_002608,ACC_10045,5056.87,DEBIT,EXT_10065,2026-09-09 14:06:19.000000,BR_009,0,normal
TXN_002609,ACC_10031,4753.1,TRANSFER,EXT_10168,2026-09-09 14:07:52.000000,BR_009,0,normal
TXN_002610,ACC_10031,1332.5,CREDIT,EXT_10346,2026-09-09 14:09:37.000000,BR_009,0,normal
TXN_002611,ACC_10024,37638.21,TRANSFER,EXT_10298,2026-09-09 14:11:45.000000,BR_009,1,structuring
TXN_002612,ACC_10007,5126.34,CREDIT,EXT_10319,2026-09-09 14:12:50.000000,BR_009,0,normal
TXN_002613,ACC_10048,500.0,TRANSFER,EXT_10066,2026-09-09 14:14:01.000000,BR_009,0,normal
TXN_002614,ACC_10015,12845.26,CREDIT,EXT_10085,2026-09-09 14:15:29.000000,BR_009,0,normal
TXN_002615,ACC_10042,5729.68,DEBIT,EXT_10357,2026-09-09 14:22:58.000000,BR_009,0,normal
TXN_002616,ACC_10024,47482.99,TRANSFER,EXT_10013,2026-09-09 14:24:45.000000,BR_009,1,structuring
TXN_002617,ACC_10046,943.5,DEBIT,EXT_10186,2026-09-09 14:27:40.000000,BR_009,0,normal
TXN_002618,ACC_10015,1945.55,CREDIT,EXT_10464,2026-09-09 14:28:01.000000,BR_009,0,normal
TXN_002619,ACC_10026,15186.16,TRANSFER,EXT_10310,2026-09-09 14:28:13.000000,BR_009,0,normal
TXN_002620,ACC_10027,1450.18,CREDIT,EXT_10094,2026-09-09 14:29:29.000000,BR_009,0,normal
TXN_002621,ACC_10036,9468.37,PAYMENT,EXT_10120,2026-09-09 14:31:17.000000,BR_009,0,normal
TXN_002622,ACC_10022,613.78,DEBIT,EXT_10036,2026-09-09 14:32:29.000000,BR_009,0,normal
TXN_002623,ACC_10019,19541.19,TRANSFER,EXT_10048,2026-09-09 14:32:35.000000,BR_009,0,normal
TXN_002624,ACC_10029,14501.91,CREDIT,EXT_10355,2026-09-09 14:34:41.000000,BR_009,0,normal
TXN_002625,ACC_10037,500.0,TRANSFER,EXT_10083,2026-09-09 14:35:46.000000,BR_009,0,normal
TXN_002626,ACC_10032,988.56,DEBIT,EXT_10323,2026-09-09 14:36:15.000000,BR_009,0,normal
TXN_002627,ACC_10036,6050.08,DEBIT,EXT_10393,2026-09-09 14:38:32.000000,BR_009,0,normal
TXN_002628,ACC_10045,8006.62,DEBIT,EXT_10104,2026-09-09 14:39:08.000000,BR_009,0,normal
TXN_002629,ACC_10036,3167.23,DEBIT,EXT_10079,2026-09-09 14:39:59.000000,BR_009,0,normal
TXN_002630,ACC_10045,2598.78,TRANSFER,EXT_10235,2026-09-09 14:41:15.000000,BR_009,0,normal
TXN_002631,ACC_10024,20176.35,CREDIT,EXT_10171,2026-09-09 14:41:16.000000,BR_009,0,normal
TXN_002632,ACC_10025,1596.55,DEBIT,EXT_10438,2026-09-09 14:41:41.000000,BR_009,0,normal
TXN_002633,ACC_10000,2468.3,CREDIT,EXT_10477,2026-09-09 14:41:52.000000,BR_009,0,normal
TXN_002634,ACC_10023,6240.03,TRANSFER,EXT_10269,2026-09-09 14:44:22.000000,BR_009,0,normal
TXN_002635,ACC_10036,24189.49,TRANSFER,EXT_10075,2026-09-09 14:45:12.000000,BR_009,0,normal
TXN_002636,ACC_10000,5916.78,CREDIT,EXT_10321,2026-09-09 14:51:06.000000,BR_009,0,normal
TXN_002637,ACC_10013,18721.34,TRANSFER,EXT_10184,2026-09-09 14:51:59.000000,BR_006,0,normal
TXN_002638,ACC_10013,8896.59,DEBIT,EXT_10079,2026-09-09 14:54:38.000000,BR_006,0,normal
TXN_002639,ACC_10024,26235.39,CREDIT,EXT_10111,2026-09-09 14:55:39.000000,BR_009,0,normal
TXN_002640,ACC_10017,9804.43,CREDIT,EXT_10245,2026-09-09 14:58:17.000000,BR_009,0,normal
TXN_002641,ACC_10002,756.94,CREDIT,EXT_10167,2026-09-09 15:01:31.000000,BR_009,0,normal
TXN_002642,ACC_10042,588.57,TRANSFER,EXT_10175,2026-09-09 15:08:06.000000,BR_009,0,normal
TXN_002643,ACC_10042,649.11,DEBIT,EXT_10452,2026-09-09 15:10:10.000000,BR_009,0,normal
TXN_002644,ACC_10029,5207.86,DEBIT,EXT_10309,2026-09-09 15:10:42.000000,BR_009,0,normal
TXN_002645,ACC_10025,8644.06,DEBIT,EXT_10183,2026-09-09 15:18:29.000000,BR_009,0,normal
TXN_002646,ACC_10015,1153.2,TRANSFER,EXT_10419,2026-09-09 15:19:47.000000,BR_009,0,normal
TXN_002647,ACC_10024,14168.62,DEBIT,EXT_10195,2026-09-09 15:20:04.000000,BR_009,0,normal
TXN_002648,ACC_10044,101328.0,DEBIT,EXT_10270,2026-09-09 15:20:33.000000,BR_009,0,normal
TXN_002649,ACC_10029,1684.22,PAYMENT,EXT_10198,2026-09-09 15:22:58.000000,BR_009,0,normal
TXN_002650,ACC_10045,7515.71,PAYMENT,EXT_10238,2026-09-09 15:24:06.000000,BR_009,0,normal
TXN_002651,ACC_10048,2853.89,TRANSFER,EXT_10428,2026-09-09 15:24:13.000000,BR_009,0,normal
TXN_002652,ACC_10026,3099.28,CREDIT,EXT_10407,2026-09-09 15:27:38.000000,BR_009,0,normal
TXN_002653,ACC_10000,785.69,TRANSFER,EXT_10086,2026-09-09 15:28:31.000000,BR_009,0,normal
TXN_002654,ACC_10019,7292.81,TRANSFER,EXT_10382,2026-09-09 15:31:56.000000,BR_009,0,normal
TXN_002655,ACC_10016,6716.69,CREDIT,EXT_10201,2026-09-09 15:32:01.000000,BR_009,0,normal
TXN_002656,ACC_10000,26345.58,DEBIT,EXT_10059,2026-09-09 15:36:30.000000,BR_009,0,normal
TXN_002657,ACC_10023,9177.03,DEBIT,EXT_10031,2026-09-09 15:39:06.000000,BR_009,0,normal
TXN_002658,ACC_10048,2259.2,DEBIT,EXT_10337,2026-09-09 15:41:40.000000,BR_009,0,normal
TXN_002659,ACC_10039,4107.49,TRANSFER,EXT_10299,2026-09-09 15:47:13.000000,BR_009,0,normal
TXN_002660,ACC_10022,8474.84,TRANSFER,EXT_10138,2026-09-09 15:48:07.000000,BR_009,0,normal
TXN_002661,ACC_10041,500.0,CREDIT,EXT_10302,2026-09-09 15:55:11.000000,BR_009,0,normal
TXN_002662,ACC_10020,1574.33,DEBIT,EXT_10195,2026-09-09 15:55:16.000000,BR_009,0,normal
TXN_002663,ACC_10046,27510.69,CREDIT,EXT_10285,2026-09-09 15:58:24.000000,BR_009,0,normal
TXN_002664,ACC_10049,500.0,DEBIT,EXT_10040,2026-09-09 15:59:03.000000,BR_006,0,normal
TXN_002665,ACC_10016,500.0,PAYMENT,EXT_10116,2026-09-09 16:00:53.000000,BR_009,0,normal
TXN_002666,ACC_10045,691.62,DEBIT,EXT_10288,2026-09-09 16:01:13.000000,BR_009,0,normal
TXN_002667,ACC_10021,6023.81,DEBIT,EXT_10104,2026-09-09 16:01:39.000000,BR_009,0,normal
TXN_002668,ACC_10033,1251.18,DEBIT,EXT_10283,2026-09-09 16:02:14.000000,BR_009,0,normal
TXN_002669,ACC_10029,27181.2,DEBIT,EXT_10359,2026-09-09 16:02:16.000000,BR_009,0,normal
TXN_002670,ACC_10033,11317.32,PAYMENT,EXT_10196,2026-09-09 16:03:01.000000,BR_009,0,normal
TXN_002671,ACC_10018,27038.94,PAYMENT,EXT_10081,2026-09-09 16:04:20.000000,BR_009,0,normal
TXN_002672,ACC_10003,4927.2,TRANSFER,EXT_10007,2026-09-09 16:09:02.000000,BR_009,0,normal
TXN_002673,ACC_10008,1524.24,PAYMENT,EXT_10238,2026-09-09 16:13:01.000000,BR_009,0,normal
TXN_002674,ACC_10001,1840.92,DEBIT,EXT_10200,2026-09-09 16:15:13.000000,BR_009,0,normal
TXN_002675,ACC_10000,500.0,CREDIT,EXT_10259,2026-09-09 16:15:56.000000,BR_009,0,normal
TXN_002676,ACC_10042,10737.42,CREDIT,EXT_10155,2026-09-09 16:16:20.000000,BR_009,0,normal
TXN_002677,ACC_10008,1843.68,PAYMENT,EXT_10286,2026-09-09 16:19:21.000000,BR_009,0,normal
TXN_002678,ACC_10041,2199.11,DEBIT,EXT_10361,2026-09-09 16:24:25.000000,BR_009,0,normal
TXN_002679,ACC_10006,500.0,DEBIT,EXT_10136,2026-09-09 16:24:30.000000,BR_009,0,normal
TXN_002680,ACC_10040,39440.23,TRANSFER,EXT_10454,2026-09-09 16:27:20.000000,BR_009,0,normal
TXN_002681,ACC_10001,41562.19,CREDIT,EXT_10327,2026-09-09 16:27:42.000000,BR_009,0,normal
TXN_002682,ACC_10002,1665.38,DEBIT,EXT_10160,2026-09-09 16:33:20.000000,BR_009,0,normal
TXN_002683,ACC_10023,1433.44,TRANSFER,EXT_10400,2026-09-09 16:35:41.000000,BR_009,0,normal
TXN_002684,ACC_10048,11449.97,PAYMENT,EXT_10471,2026-09-09 16:36:16.000000,BR_009,0,normal
TXN_002685,ACC_10003,45467.36,TRANSFER,EXT_10472,2026-09-09 16:37:33.000000,BR_009,1,structuring
TXN_002686,ACC_10018,26770.49,CREDIT,EXT_10453,2026-09-09 16:37:58.000000,BR_009,0,normal
TXN_002687,ACC_10003,39721.49,TRANSFER,EXT_10393,2026-09-09 16:38:33.000000,BR_009,1,structuring
TXN_002688,ACC_10013,4723.61,TRANSFER,EXT_10437,2026-09-09 16:39:12.000000,BR_006,0,normal
TXN_002689,ACC_10014,30728.24,TRANSFER,EXT_10309,2026-09-09 16:41:09.000000,BR_006,0,normal
TXN_002690,ACC_10030,1146.41,DEBIT,EXT_10361,2026-09-09 16:52:27.000000,BR_009,0,normal
TXN_002691,ACC_10012,1431.07,DEBIT,EXT_10282,2026-09-09 16:59:08.000000,BR_009,0,normal
TXN_002692,ACC_10034,2345.03,TRANSFER,EXT_10390,2026-09-09 16:59:13.000000,BR_009,0,normal
TXN_002693,ACC_10003,34656.16,TRANSFER,EXT_10126,2026-09-09 17:03:33.000000,BR_009,1,structuring
TXN_002694,ACC_10032,10816.65,DEBIT,EXT_10432,2026-09-09 17:03:46.000000,BR_009,0,normal
TXN_002695,ACC_10003,14268.45,TRANSFER,EXT_10284,2026-09-09 17:06:21.000000,BR_009,0,normal
TXN_002696,ACC_10049,734.96,DEBIT,EXT_10114,2026-09-09 17:07:27.000000,BR_006,0,normal
TXN_002697,ACC_10041,1238.58,DEBIT,EXT_10447,2026-09-09 17:08:44.000000,BR_009,0,normal
TXN_002698,ACC_10003,43097.46,TRANSFER,EXT_10417,2026-09-09 17:12:33.000000,BR_009,1,structuring
TXN_002699,ACC_10029,1311.11,PAYMENT,EXT_10391,2026-09-09 17:13:51.000000,BR_009,0,normal
TXN_002700,ACC_10000,3400.72,TRANSFER,EXT_10120,2026-09-09 17:13:55.000000,BR_009,0,normal
TXN_002701,ACC_10006,17167.46,TRANSFER,EXT_10379,2026-09-09 17:14:05.000000,BR_009,0,normal
TXN_002702,ACC_10047,2984.88,CREDIT,EXT_10367,2026-09-09 17:15:11.000000,BR_009,0,normal
TXN_002703,ACC_10008,3006.03,DEBIT,EXT_10344,2026-09-09 17:17:28.000000,BR_009,0,normal
TXN_002704,ACC_10008,768.24,PAYMENT,EXT_10141,2026-09-09 17:22:38.000000,BR_009,0,normal
TXN_002705,ACC_10005,21737.54,TRANSFER,EXT_10245,2026-09-09 17:23:10.000000,BR_009,0,normal
TXN_002706,ACC_10021,2859.86,TRANSFER,EXT_10082,2026-09-09 17:24:49.000000,BR_009,0,normal
TXN_002707,ACC_10031,528.0,DEBIT,EXT_10034,2026-09-09 17:25:34.000000,BR_009,0,normal
TXN_002708,ACC_10003,30424.29,TRANSFER,EXT_10437,2026-09-09 17:26:33.000000,BR_009,1,structuring
TXN_002709,ACC_10025,5017.92,TRANSFER,EXT_10410,2026-09-09 17:26:58.000000,BR_009,0,normal
TXN_002710,ACC_10031,46545.36,DEBIT,EXT_10497,2026-09-09 17:27:27.000000,BR_009,0,normal
TXN_002711,ACC_10034,1567.25,DEBIT,EXT_10225,2026-09-09 17:27:38.000000,BR_009,0,normal
TXN_002712,ACC_10038,2854.58,PAYMENT,EXT_10368,2026-09-09 17:27:51.000000,BR_009,0,normal
TXN_002713,ACC_10025,594.59,TRANSFER,EXT_10237,2026-09-09 17:33:19.000000,BR_009,0,normal
TXN_002714,ACC_10003,32303.03,TRANSFER,EXT_10475,2026-09-09 17:34:33.000000,BR_009,1,structuring
TXN_002715,ACC_10002,6150.91,DEBIT,EXT_10082,2026-09-09 17:37:05.000000,BR_009,0,normal
TXN_002716,ACC_10043,7196.99,CREDIT,EXT_10273,2026-09-09 17:37:37.000000,BR_009,0,normal
TXN_002717,ACC_10001,3203.82,TRANSFER,EXT_10260,2026-09-09 17:37:44.000000,BR_009,0,normal
TXN_002718,ACC_10004,8959.36,DEBIT,EXT_10299,2026-09-09 17:39:13.000000,BR_009,0,normal
TXN_002719,ACC_10040,1523.97,CREDIT,EXT_10258,2026-09-09 17:46:25.000000,BR_009,0,normal
TXN_002720,ACC_10034,4221.95,PAYMENT,EXT_10174,2026-09-09 17:47:13.000000,BR_009,0,normal
TXN_002721,ACC_10008,6595.65,CREDIT,EXT_10470,2026-09-09 17:47:15.000000,BR_009,0,normal
TXN_002722,ACC_10022,2792.77,CREDIT,EXT_10173,2026-09-09 17:48:22.000000,BR_009,0,normal
TXN_002723,ACC_10006,40028.23,DEBIT,EXT_10317,2026-09-09 17:50:19.000000,BR_009,0,normal
TXN_002724,ACC_10015,955.02,DEBIT,EXT_10343,2026-09-09 17:52:38.000000,BR_009,0,normal
TXN_002725,ACC_10008,1660.91,DEBIT,EXT_10331,2026-09-09 17:53:13.000000,BR_009,0,normal
TXN_002726,ACC_10022,5678.69,PAYMENT,EXT_10484,2026-09-09 17:53:57.000000,BR_009,0,normal
TXN_002727,ACC_10049,2643.71,CREDIT,EXT_10250,2026-09-09 17:55:13.000000,BR_006,0,normal
TXN_002728,ACC_10029,25189.34,CREDIT,EXT_10052,2026-09-09 17:55:31.000000,BR_009,0,normal
TXN_002729,ACC_10029,8487.93,CREDIT,EXT_10270,2026-09-09 17:55:51.000000,BR_009,0,normal
TXN_002730,ACC_10024,77100.1,CREDIT,EXT_10355,2026-09-09 17:56:57.000000,BR_009,0,normal
TXN_002731,ACC_10013,14598.75,PAYMENT,EXT_10316,2026-09-09 17:59:33.000000,BR_006,0,normal
TXN_002732,ACC_10045,12102.98,CREDIT,EXT_10144,2026-09-09 17:59:47.000000,BR_009,0,normal
TXN_002733,ACC_10003,40898.6,TRANSFER,EXT_10145,2026-09-09 18:14:33.000000,BR_009,1,structuring
TXN_002734,ACC_10003,42921.66,TRANSFER,EXT_10030,2026-09-09 18:26:33.000000,BR_009,1,structuring
TXN_002735,ACC_10004,500.0,DEBIT,EXT_10250,2026-09-10 09:00:08.000000,BR_009,0,clean_busy
TXN_002736,ACC_10015,18576.47,DEBIT,EXT_10216,2026-09-10 09:03:10.000000,BR_009,0,normal
TXN_002737,ACC_10029,890.67,CREDIT,EXT_10248,2026-09-10 09:05:26.000000,BR_009,0,normal
TXN_002738,ACC_10024,3794.13,TRANSFER,EXT_10271,2026-09-10 09:06:32.000000,BR_009,0,normal
TXN_002739,ACC_10018,801.27,TRANSFER,EXT_10169,2026-09-10 09:06:59.000000,BR_009,0,normal
TXN_002740,ACC_10038,500.0,TRANSFER,EXT_10103,2026-09-10 09:07:32.000000,BR_009,0,normal
TXN_002741,ACC_10048,2644.6,DEBIT,EXT_10115,2026-09-10 09:08:49.000000,BR_009,0,normal
TXN_002742,ACC_10019,6240.55,PAYMENT,EXT_10097,2026-09-10 09:09:00.000000,BR_009,0,normal
TXN_002743,ACC_10042,1929.32,TRANSFER,EXT_10311,2026-09-10 09:13:26.000000,BR_009,0,normal
TXN_002744,ACC_10019,84349.96,DEBIT,EXT_10251,2026-09-10 09:15:00.000000,BR_009,0,normal
TXN_002745,ACC_10024,2617.35,CREDIT,EXT_10317,2026-09-10 09:18:08.000000,BR_009,0,normal
TXN_002746,ACC_10018,2669.42,DEBIT,EXT_10429,2026-09-10 09:19:44.000000,BR_009,0,normal
TXN_002747,ACC_10004,2039.78,PAYMENT,EXT_10362,2026-09-10 09:22:00.000000,BR_009,0,clean_busy
TXN_002748,ACC_10033,512.28,DEBIT,EXT_10096,2026-09-10 09:22:07.000000,BR_009,0,normal
TXN_002749,ACC_10022,916.9,CREDIT,EXT_10283,2026-09-10 09:24:02.000000,BR_009,0,normal
TXN_002750,ACC_10020,500.0,TRANSFER,EXT_10487,2026-09-10 09:34:14.000000,BR_009,0,normal
TXN_002751,ACC_10030,2712.66,TRANSFER,EXT_10463,2026-09-10 09:37:13.000000,BR_009,0,normal
TXN_002752,ACC_10023,500.0,PAYMENT,EXT_10415,2026-09-10 09:38:06.000000,BR_009,0,normal
TXN_002753,ACC_10043,500.0,PAYMENT,EXT_10034,2026-09-10 09:40:01.000000,BR_009,0,normal
TXN_002754,ACC_10040,500.0,DEBIT,EXT_10266,2026-09-10 09:40:49.000000,BR_009,0,normal
TXN_002755,ACC_10027,52699.34,DEBIT,EXT_10107,2026-09-10 09:42:54.000000,BR_009,0,normal
TXN_002756,ACC_10023,34305.35,CREDIT,EXT_10470,2026-09-10 09:43:37.000000,BR_009,0,normal
TXN_002757,ACC_10036,2750.13,CREDIT,EXT_10039,2026-09-10 09:50:56.000000,BR_009,0,normal
TXN_002758,ACC_10010,3809.29,TRANSFER,EXT_10416,2026-09-10 09:52:04.000000,BR_006,0,normal
TXN_002759,ACC_10030,2881.14,CREDIT,EXT_10291,2026-09-10 09:52:55.000000,BR_009,0,normal
TXN_002760,ACC_10023,3864.92,CREDIT,EXT_10299,2026-09-10 09:53:36.000000,BR_009,0,normal
TXN_002761,ACC_10036,500.0,DEBIT,EXT_10466,2026-09-10 09:56:12.000000,BR_009,0,normal
TXN_002762,ACC_10026,2759.15,DEBIT,EXT_10132,2026-09-10 09:56:42.000000,BR_009,0,normal
TXN_002763,ACC_10019,2525.51,DEBIT,EXT_10390,2026-09-10 09:58:29.000000,BR_009,0,normal
TXN_002764,ACC_10043,38169.53,DEBIT,EXT_10069,2026-09-10 09:59:28.000000,BR_009,0,normal
TXN_002765,ACC_10012,9481.66,DEBIT,EXT_10364,2026-09-10 10:01:19.000000,BR_009,0,normal
TXN_002766,ACC_10046,9574.69,PAYMENT,EXT_10071,2026-09-10 10:01:50.000000,BR_009,0,normal
TXN_002767,ACC_10045,3224.14,TRANSFER,EXT_10367,2026-09-10 10:02:26.000000,BR_009,0,normal
TXN_002768,ACC_10048,17125.75,PAYMENT,EXT_10158,2026-09-10 10:03:53.000000,BR_009,0,normal
TXN_002769,ACC_10004,4042.48,DEBIT,EXT_10284,2026-09-10 10:05:23.000000,BR_009,0,normal
TXN_002770,ACC_10022,2646.8,DEBIT,EXT_10009,2026-09-10 10:06:59.000000,BR_009,0,normal
TXN_002771,ACC_10006,19208.09,TRANSFER,EXT_10052,2026-09-10 10:07:56.000000,BR_009,0,normal
TXN_002772,ACC_10018,28821.62,TRANSFER,EXT_10433,2026-09-10 10:08:22.000000,BR_009,0,normal
TXN_002773,ACC_10024,3516.81,PAYMENT,EXT_10263,2026-09-10 10:10:41.000000,BR_009,0,normal
TXN_002774,ACC_10011,3695.12,DEBIT,EXT_10393,2026-09-10 10:13:25.000000,BR_009,0,normal
TXN_002775,ACC_10038,1566.32,CREDIT,EXT_10474,2026-09-10 10:16:19.000000,BR_009,0,normal
TXN_002776,ACC_10011,42752.16,DEBIT,EXT_10027,2026-09-10 10:16:26.000000,BR_009,0,normal
TXN_002777,ACC_10008,27748.28,PAYMENT,EXT_10480,2026-09-10 10:17:44.000000,BR_009,0,normal
TXN_002778,ACC_10026,500.0,CREDIT,EXT_10459,2026-09-10 10:17:46.000000,BR_009,0,normal
TXN_002779,ACC_10022,31904.87,CREDIT,EXT_10054,2026-09-10 10:18:19.000000,BR_009,0,normal
TXN_002780,ACC_10013,38714.23,DEBIT,EXT_10115,2026-09-10 10:22:06.000000,BR_006,0,normal
TXN_002781,ACC_10034,1994.1,CREDIT,EXT_10402,2026-09-10 10:30:28.000000,BR_009,0,normal
TXN_002782,ACC_10030,2190.22,TRANSFER,EXT_10228,2026-09-10 10:30:49.000000,BR_009,0,normal
TXN_002783,ACC_10023,4829.45,DEBIT,EXT_10272,2026-09-10 10:32:01.000000,BR_009,0,normal
TXN_002784,ACC_10039,18988.21,DEBIT,EXT_10430,2026-09-10 10:34:08.000000,BR_009,0,normal
TXN_002785,ACC_10034,500.0,TRANSFER,EXT_10415,2026-09-10 10:35:17.000000,BR_009,0,normal
TXN_002786,ACC_10040,4954.41,TRANSFER,EXT_10338,2026-09-10 10:37:29.000000,BR_009,0,normal
TXN_002787,ACC_10014,5420.15,PAYMENT,EXT_10032,2026-09-10 10:39:53.000000,BR_006,0,normal
TXN_002788,ACC_10046,20217.09,CREDIT,EXT_10238,2026-09-10 10:47:04.000000,BR_009,0,normal
TXN_002789,ACC_10015,90743.82,TRANSFER,EXT_10133,2026-09-10 10:48:28.000000,BR_009,0,normal
TXN_002790,ACC_10031,2639.3,CREDIT,EXT_10376,2026-09-10 10:52:00.000000,BR_009,0,normal
TXN_002791,ACC_10015,500.0,DEBIT,EXT_10330,2026-09-10 10:54:15.000000,BR_009,0,normal
TXN_002792,ACC_10031,4890.14,TRANSFER,EXT_10278,2026-09-10 10:59:51.000000,BR_009,0,normal
TXN_002793,ACC_10018,1951.19,DEBIT,EXT_10277,2026-09-10 11:02:13.000000,BR_009,0,normal
TXN_002794,ACC_10032,2312.65,TRANSFER,EXT_10156,2026-09-10 11:02:46.000000,BR_009,0,normal
TXN_002795,ACC_10034,2869.37,CREDIT,EXT_10296,2026-09-10 11:04:43.000000,BR_009,0,normal
TXN_002796,ACC_10004,671.84,PAYMENT,EXT_10061,2026-09-10 11:05:52.000000,BR_009,0,clean_busy
TXN_002797,ACC_10034,3895.42,TRANSFER,EXT_10465,2026-09-10 11:07:57.000000,BR_009,0,normal
TXN_002798,ACC_10017,7659.05,CREDIT,EXT_10145,2026-09-10 11:08:40.000000,BR_009,0,normal
TXN_002799,ACC_10037,15094.2,DEBIT,EXT_10252,2026-09-10 11:11:41.000000,BR_009,0,normal
TXN_002800,ACC_10004,12396.93,TRANSFER,EXT_10439,2026-09-10 11:15:43.000000,BR_009,0,normal
TXN_002801,ACC_10004,1832.85,TRANSFER,EXT_10392,2026-09-10 11:18:17.000000,BR_009,0,normal
TXN_002802,ACC_10024,2689.17,TRANSFER,EXT_10153,2026-09-10 11:20:03.000000,BR_009,0,normal
TXN_002803,ACC_10034,2717.69,DEBIT,EXT_10472,2026-09-10 11:21:53.000000,BR_009,0,normal
TXN_002804,ACC_10037,3995.61,TRANSFER,EXT_10485,2026-09-10 11:22:46.000000,BR_009,0,normal
TXN_002805,ACC_10043,36925.09,PAYMENT,EXT_10142,2026-09-10 11:26:10.000000,BR_009,0,normal
TXN_002806,ACC_10047,4720.94,TRANSFER,EXT_10178,2026-09-10 11:26:52.000000,BR_009,0,normal
TXN_002807,ACC_10046,1396.95,CREDIT,EXT_10046,2026-09-10 11:29:50.000000,BR_009,0,normal
TXN_002808,ACC_10004,7001.67,TRANSFER,EXT_10019,2026-09-10 11:34:45.000000,BR_009,0,clean_busy
TXN_002809,ACC_10045,568.78,TRANSFER,EXT_10468,2026-09-10 11:36:01.000000,BR_009,0,normal
TXN_002810,ACC_10025,1240.64,PAYMENT,EXT_10037,2026-09-10 11:38:07.000000,BR_009,0,normal
TXN_002811,ACC_10018,12258.68,CREDIT,EXT_10000,2026-09-10 11:43:21.000000,BR_009,0,normal
TXN_002812,ACC_10040,2639.24,CREDIT,EXT_10241,2026-09-10 11:46:42.000000,BR_009,0,normal
TXN_002813,ACC_10000,576.87,DEBIT,EXT_10450,2026-09-10 11:47:48.000000,BR_009,0,normal
TXN_002814,ACC_10031,2080.17,DEBIT,EXT_10211,2026-09-10 11:47:50.000000,BR_009,0,normal
TXN_002815,ACC_10042,500.0,DEBIT,EXT_10364,2026-09-10 11:48:01.000000,BR_009,0,normal
TXN_002816,ACC_10027,44992.42,CREDIT,EXT_10474,2026-09-10 11:49:24.000000,BR_009,0,normal
TXN_002817,ACC_10045,3446.43,TRANSFER,EXT_10378,2026-09-10 11:49:52.000000,BR_009,0,normal
TXN_002818,ACC_10037,4431.91,DEBIT,EXT_10337,2026-09-10 11:50:29.000000,BR_009,0,normal
TXN_002819,ACC_10022,7900.32,DEBIT,EXT_10431,2026-09-10 11:52:11.000000,BR_009,0,normal
TXN_002820,ACC_10023,4897.3,TRANSFER,EXT_10129,2026-09-10 11:55:51.000000,BR_009,0,normal
TXN_002821,ACC_10036,927.36,CREDIT,EXT_10081,2026-09-10 11:56:18.000000,BR_009,0,normal
TXN_002822,ACC_10018,7317.74,TRANSFER,EXT_10464,2026-09-10 11:56:47.000000,BR_009,0,normal
TXN_002823,ACC_10037,7982.02,CREDIT,EXT_10100,2026-09-10 12:01:20.000000,BR_009,0,normal
TXN_002824,ACC_10019,3466.91,DEBIT,EXT_10030,2026-09-10 12:01:35.000000,BR_009,0,normal
TXN_002825,ACC_10008,15446.03,DEBIT,EXT_10337,2026-09-10 12:01:57.000000,BR_009,0,normal
TXN_002826,ACC_10040,5502.2,TRANSFER,EXT_10429,2026-09-10 12:04:24.000000,BR_009,0,normal
TXN_002827,ACC_10022,50585.71,CREDIT,EXT_10382,2026-09-10 12:04:49.000000,BR_009,0,normal
TXN_002828,ACC_10029,500.0,DEBIT,EXT_10054,2026-09-10 12:05:00.000000,BR_009,0,normal
TXN_002829,ACC_10004,3945.85,DEBIT,EXT_10002,2026-09-10 12:07:01.000000,BR_009,0,clean_busy
TXN_002830,ACC_10048,36078.39,CREDIT,EXT_10366,2026-09-10 12:09:48.000000,BR_009,0,normal
TXN_002831,ACC_10030,1492.84,TRANSFER,EXT_10431,2026-09-10 12:12:29.000000,BR_009,0,normal
TXN_002832,ACC_10001,2179.82,DEBIT,EXT_10076,2026-09-10 12:13:00.000000,BR_009,0,normal
TXN_002833,ACC_10019,500.0,DEBIT,EXT_10154,2026-09-10 12:15:31.000000,BR_009,0,normal
TXN_002834,ACC_10031,17612.66,CREDIT,EXT_10480,2026-09-10 12:21:46.000000,BR_009,0,normal
TXN_002835,ACC_10015,14245.32,DEBIT,EXT_10355,2026-09-10 12:22:12.000000,BR_009,0,normal
TXN_002836,ACC_10045,963.31,TRANSFER,EXT_10165,2026-09-10 12:23:07.000000,BR_009,0,normal
TXN_002837,ACC_10026,13541.73,PAYMENT,EXT_10294,2026-09-10 12:24:20.000000,BR_009,0,normal
TXN_002838,ACC_10040,22247.91,TRANSFER,EXT_10095,2026-09-10 12:24:24.000000,BR_009,0,normal
TXN_002839,ACC_10018,756.07,TRANSFER,EXT_10402,2026-09-10 12:27:26.000000,BR_009,0,normal
TXN_002840,ACC_10046,6452.08,TRANSFER,EXT_10311,2026-09-10 12:28:29.000000,BR_009,0,normal
TXN_002841,ACC_10001,500.0,CREDIT,EXT_10432,2026-09-10 12:30:03.000000,BR_009,0,normal
TXN_002842,ACC_10048,37348.86,DEBIT,EXT_10401,2026-09-10 12:30:12.000000,BR_009,0,normal
TXN_002843,ACC_10004,6471.76,PAYMENT,EXT_10493,2026-09-10 12:32:05.000000,BR_009,0,clean_busy
TXN_002844,ACC_10008,915.24,DEBIT,EXT_10347,2026-09-10 12:33:05.000000,BR_009,0,normal
TXN_002845,ACC_10029,14537.53,DEBIT,EXT_10389,2026-09-10 12:35:51.000000,BR_009,0,normal
TXN_002846,ACC_10003,4870.33,CREDIT,EXT_10465,2026-09-10 12:37:45.000000,BR_009,0,normal
TXN_002847,ACC_10014,1868.92,DEBIT,EXT_10332,2026-09-10 12:38:24.000000,BR_006,0,normal
TXN_002848,ACC_10004,41929.27,DEBIT,EXT_10135,2026-09-10 12:39:13.000000,BR_009,0,clean_busy
TXN_002849,ACC_10027,500.0,DEBIT,EXT_10074,2026-09-10 12:39:42.000000,BR_009,0,normal
TXN_002850,ACC_10017,1405.17,DEBIT,EXT_10445,2026-09-10 12:42:19.000000,BR_009,0,normal
TXN_002851,ACC_10017,765.0,DEBIT,EXT_10135,2026-09-10 12:42:55.000000,BR_009,0,normal
TXN_002852,ACC_10025,1092.62,PAYMENT,EXT_10263,2026-09-10 12:43:59.000000,BR_009,0,normal
TXN_002853,ACC_10026,8012.23,PAYMENT,EXT_10247,2026-09-10 12:45:25.000000,BR_009,0,normal
TXN_002854,ACC_10031,4529.06,TRANSFER,EXT_10276,2026-09-10 12:48:32.000000,BR_009,0,normal
TXN_002855,ACC_10026,1445.13,TRANSFER,EXT_10072,2026-09-10 12:50:22.000000,BR_009,0,normal
TXN_002856,ACC_10036,943.72,TRANSFER,EXT_10400,2026-09-10 12:50:57.000000,BR_009,0,normal
TXN_002857,ACC_10044,500.0,TRANSFER,EXT_10072,2026-09-10 12:52:25.000000,BR_009,0,normal
TXN_002858,ACC_10032,6198.86,CREDIT,EXT_10033,2026-09-10 12:53:53.000000,BR_009,0,normal
TXN_002859,ACC_10044,2066.16,CREDIT,EXT_10416,2026-09-10 12:54:06.000000,BR_009,0,normal
TXN_002860,ACC_10022,5005.82,DEBIT,EXT_10321,2026-09-10 12:55:26.000000,BR_009,0,normal
TXN_002861,ACC_10004,1261.69,CREDIT,EXT_10327,2026-09-10 12:58:48.000000,BR_009,0,clean_busy
TXN_002862,ACC_10043,1323.6,DEBIT,EXT_10335,2026-09-10 12:59:37.000000,BR_009,0,normal
TXN_002863,ACC_10002,15100.65,PAYMENT,EXT_10130,2026-09-10 13:06:08.000000,BR_009,0,normal
TXN_002864,ACC_10042,1175.92,PAYMENT,EXT_10163,2026-09-10 13:07:55.000000,BR_009,0,normal
TXN_002865,ACC_10004,3344.45,TRANSFER,EXT_10451,2026-09-10 13:11:18.000000,BR_009,0,normal
TXN_002866,ACC_10002,6099.63,CREDIT,EXT_10483,2026-09-10 13:12:40.000000,BR_009,0,normal
TXN_002867,ACC_10036,5851.3,DEBIT,EXT_10042,2026-09-10 13:13:56.000000,BR_009,0,normal
TXN_002868,ACC_10033,11670.72,CREDIT,EXT_10285,2026-09-10 13:16:46.000000,BR_009,0,normal
TXN_002869,ACC_10025,756.83,TRANSFER,EXT_10490,2026-09-10 13:19:38.000000,BR_009,0,normal
TXN_002870,ACC_10005,19369.15,DEBIT,EXT_10279,2026-09-10 13:27:28.000000,BR_009,0,normal
TXN_002871,ACC_10031,26628.62,DEBIT,EXT_10445,2026-09-10 13:31:27.000000,BR_009,0,normal
TXN_002872,ACC_10049,887.92,TRANSFER,EXT_10041,2026-09-10 13:33:36.000000,BR_006,0,normal
TXN_002873,ACC_10017,9699.35,CREDIT,EXT_10236,2026-09-10 13:35:41.000000,BR_009,0,normal
TXN_002874,ACC_10046,916.27,CREDIT,EXT_10335,2026-09-10 13:37:39.000000,BR_009,0,normal
TXN_002875,ACC_10031,1756.05,TRANSFER,EXT_10380,2026-09-10 13:39:14.000000,BR_009,0,normal
TXN_002876,ACC_10018,914.38,CREDIT,EXT_10090,2026-09-10 13:39:15.000000,BR_009,0,normal
TXN_002877,ACC_10043,2081.14,PAYMENT,EXT_10378,2026-09-10 13:41:30.000000,BR_009,0,normal
TXN_002878,ACC_10028,1253.42,TRANSFER,EXT_10046,2026-09-10 13:43:48.000000,BR_006,0,normal
TXN_002879,ACC_10004,4496.52,DEBIT,EXT_10449,2026-09-10 13:44:33.000000,BR_009,0,clean_busy
TXN_002880,ACC_10023,7063.61,PAYMENT,EXT_10238,2026-09-10 13:45:42.000000,BR_009,0,normal
TXN_002881,ACC_10004,12402.84,DEBIT,EXT_10339,2026-09-10 13:46:59.000000,BR_009,0,clean_busy
TXN_002882,ACC_10024,5229.06,CREDIT,EXT_10441,2026-09-10 13:48:22.000000,BR_009,0,normal
TXN_002883,ACC_10000,570.3,CREDIT,EXT_10449,2026-09-10 13:48:22.000000,BR_009,0,normal
TXN_002884,ACC_10014,1139.87,TRANSFER,EXT_10486,2026-09-10 13:49:00.000000,BR_006,0,normal
TXN_002885,ACC_10017,884.2,CREDIT,EXT_10054,2026-09-10 13:49:14.000000,BR_009,0,normal
TXN_002886,ACC_10031,30204.23,DEBIT,EXT_10033,2026-09-10 13:51:10.000000,BR_009,0,normal
TXN_002887,ACC_10045,12287.16,PAYMENT,EXT_10125,2026-09-10 13:52:01.000000,BR_009,0,normal
TXN_002888,ACC_10044,18163.48,CREDIT,EXT_10010,2026-09-10 13:53:40.000000,BR_009,0,normal
TXN_002889,ACC_10049,9008.2,DEBIT,EXT_10277,2026-09-10 13:59:14.000000,BR_006,0,normal
TXN_002890,ACC_10044,1128.46,TRANSFER,EXT_10161,2026-09-10 14:01:45.000000,BR_009,0,normal
TXN_002891,ACC_10036,21855.02,CREDIT,EXT_10192,2026-09-10 14:02:40.000000,BR_009,0,normal
TXN_002892,ACC_10027,7184.13,DEBIT,EXT_10090,2026-09-10 14:04:33.000000,BR_009,0,normal
TXN_002893,ACC_10004,6503.43,CREDIT,EXT_10193,2026-09-10 14:06:05.000000,BR_009,0,clean_busy
TXN_002894,ACC_10003,10577.82,DEBIT,EXT_10093,2026-09-10 14:07:14.000000,BR_009,0,normal
TXN_002895,ACC_10004,2711.67,TRANSFER,EXT_10016,2026-09-10 14:08:04.000000,BR_009,0,normal
TXN_002896,ACC_10015,10693.62,CREDIT,EXT_10196,2026-09-10 14:10:34.000000,BR_009,0,normal
TXN_002897,ACC_10018,2732.42,PAYMENT,EXT_10441,2026-09-10 14:11:23.000000,BR_009,0,normal
TXN_002898,ACC_10024,15327.35,DEBIT,EXT_10114,2026-09-10 14:13:19.000000,BR_009,0,normal
TXN_002899,ACC_10015,54573.65,DEBIT,EXT_10047,2026-09-10 14:14:01.000000,BR_009,0,normal
TXN_002900,ACC_10024,4514.19,DEBIT,EXT_10194,2026-09-10 14:20:51.000000,BR_009,0,normal
TXN_002901,ACC_10044,11416.21,TRANSFER,EXT_10290,2026-09-10 14:21:27.000000,BR_009,0,normal
TXN_002902,ACC_10022,6414.92,DEBIT,EXT_10084,2026-09-10 14:22:48.000000,BR_009,0,normal
TXN_002903,ACC_10026,9116.89,TRANSFER,EXT_10091,2026-09-10 14:25:13.000000,BR_009,0,normal
TXN_002904,ACC_10047,5944.29,PAYMENT,EXT_10002,2026-09-10 14:26:08.000000,BR_009,0,normal
TXN_002905,ACC_10009,500.0,TRANSFER,EXT_10228,2026-09-10 14:29:05.000000,BR_006,0,normal
TXN_002906,ACC_10038,7365.64,TRANSFER,EXT_10446,2026-09-10 14:31:21.000000,BR_009,0,normal
TXN_002907,ACC_10027,36553.89,DEBIT,EXT_10295,2026-09-10 14:34:26.000000,BR_009,0,normal
TXN_002908,ACC_10010,22842.92,DEBIT,EXT_10134,2026-09-10 14:37:11.000000,BR_006,0,normal
TXN_002909,ACC_10004,8121.88,CREDIT,EXT_10484,2026-09-10 14:37:22.000000,BR_009,0,clean_busy
TXN_002910,ACC_10005,1882.34,DEBIT,EXT_10032,2026-09-10 14:37:23.000000,BR_009,0,normal
TXN_002911,ACC_10036,5153.76,CREDIT,EXT_10216,2026-09-10 14:39:04.000000,BR_009,0,normal
TXN_002912,ACC_10023,46513.72,DEBIT,EXT_10115,2026-09-10 14:39:47.000000,BR_009,0,normal
TXN_002913,ACC_10030,5235.4,TRANSFER,EXT_10431,2026-09-10 14:40:27.000000,BR_009,0,normal
TXN_002914,ACC_10030,803.97,DEBIT,EXT_10266,2026-09-10 14:43:25.000000,BR_009,0,normal
TXN_002915,ACC_10013,554.11,CREDIT,EXT_10203,2026-09-10 14:44:52.000000,BR_006,0,normal
TXN_002916,ACC_10047,31386.55,DEBIT,EXT_10047,2026-09-10 14:49:21.000000,BR_009,0,normal
TXN_002917,ACC_10040,5758.8,CREDIT,EXT_10099,2026-09-10 14:50:54.000000,BR_009,0,normal
TXN_002918,ACC_10043,676.9,PAYMENT,EXT_10064,2026-09-10 14:51:12.000000,BR_009,0,normal
TXN_002919,ACC_10020,11707.37,CREDIT,EXT_10112,2026-09-10 14:51:15.000000,BR_009,0,normal
TXN_002920,ACC_10032,7541.35,DEBIT,EXT_10088,2026-09-10 14:51:41.000000,BR_009,0,normal
TXN_002921,ACC_10018,1204.48,CREDIT,EXT_10329,2026-09-10 14:54:57.000000,BR_009,0,normal
TXN_002922,ACC_10028,500.0,DEBIT,EXT_10201,2026-09-10 14:55:30.000000,BR_006,0,normal
TXN_002923,ACC_10045,16369.44,CREDIT,EXT_10334,2026-09-10 14:57:10.000000,BR_009,0,normal
TXN_002924,ACC_10023,78008.93,TRANSFER,EXT_10430,2026-09-10 14:58:23.000000,BR_009,0,normal
TXN_002925,ACC_10022,6785.23,DEBIT,EXT_10414,2026-09-10 15:05:56.000000,BR_009,0,normal
TXN_002926,ACC_10008,4555.15,TRANSFER,EXT_10137,2026-09-10 15:08:56.000000,BR_009,0,normal
TXN_002927,ACC_10039,811.0,DEBIT,EXT_10439,2026-09-10 15:09:17.000000,BR_009,0,normal
TXN_002928,ACC_10045,57392.21,TRANSFER,EXT_10368,2026-09-10 15:12:39.000000,BR_009,0,normal
TXN_002929,ACC_10032,816.02,DEBIT,EXT_10194,2026-09-10 15:14:17.000000,BR_009,0,normal
TXN_002930,ACC_10026,1881.72,PAYMENT,EXT_10409,2026-09-10 15:15:10.000000,BR_009,0,normal
TXN_002931,ACC_10045,500.0,PAYMENT,EXT_10294,2026-09-10 15:17:00.000000,BR_009,0,normal
TXN_002932,ACC_10003,65786.2,TRANSFER,EXT_10199,2026-09-10 15:19:35.000000,BR_009,0,normal
TXN_002933,ACC_10044,7296.77,CREDIT,EXT_10358,2026-09-10 15:20:16.000000,BR_009,0,normal
TXN_002934,ACC_10039,43900.38,TRANSFER,EXT_10108,2026-09-10 15:22:49.000000,BR_009,0,normal
TXN_002935,ACC_10005,7665.83,TRANSFER,EXT_10192,2026-09-10 15:23:22.000000,BR_009,0,normal
TXN_002936,ACC_10016,4544.42,TRANSFER,EXT_10363,2026-09-10 15:23:45.000000,BR_009,0,normal
TXN_002937,ACC_10017,11636.06,DEBIT,EXT_10237,2026-09-10 15:24:29.000000,BR_009,0,normal
TXN_002938,ACC_10043,23749.68,CREDIT,EXT_10162,2026-09-10 15:25:44.000000,BR_009,0,normal
TXN_002939,ACC_10029,9090.2,TRANSFER,EXT_10047,2026-09-10 15:29:24.000000,BR_009,0,normal
TXN_002940,ACC_10025,4154.05,DEBIT,EXT_10187,2026-09-10 15:31:18.000000,BR_009,0,normal
TXN_002941,ACC_10015,500.0,CREDIT,EXT_10029,2026-09-10 15:31:26.000000,BR_009,0,normal
TXN_002942,ACC_10004,2016.61,TRANSFER,EXT_10093,2026-09-10 15:31:30.000000,BR_009,0,clean_busy
TXN_002943,ACC_10025,4318.57,DEBIT,EXT_10206,2026-09-10 15:31:37.000000,BR_009,0,normal
TXN_002944,ACC_10023,10074.36,CREDIT,EXT_10140,2026-09-10 15:34:10.000000,BR_009,0,normal
TXN_002945,ACC_10008,6200.34,DEBIT,EXT_10204,2026-09-10 15:35:12.000000,BR_009,0,normal
TXN_002946,ACC_10000,13525.77,DEBIT,EXT_10382,2026-09-10 15:36:11.000000,BR_009,0,normal
TXN_002947,ACC_10048,909.91,CREDIT,EXT_10492,2026-09-10 15:41:55.000000,BR_009,0,normal
TXN_002948,ACC_10015,6221.83,DEBIT,EXT_10305,2026-09-10 15:42:05.000000,BR_009,0,normal
TXN_002949,ACC_10000,6417.32,DEBIT,EXT_10348,2026-09-10 15:45:32.000000,BR_009,0,normal
TXN_002950,ACC_10008,7867.79,CREDIT,EXT_10397,2026-09-10 15:50:46.000000,BR_009,0,normal
TXN_002951,ACC_10004,3449.35,TRANSFER,EXT_10110,2026-09-10 15:50:59.000000,BR_009,0,clean_busy
TXN_002952,ACC_10030,21145.43,DEBIT,EXT_10353,2026-09-10 15:52:32.000000,BR_009,0,normal
TXN_002953,ACC_10045,1620.8,DEBIT,EXT_10108,2026-09-10 15:54:14.000000,BR_009,0,normal
TXN_002954,ACC_10008,3751.62,CREDIT,EXT_10111,2026-09-10 16:02:43.000000,BR_009,0,normal
TXN_002955,ACC_10019,3449.83,DEBIT,EXT_10271,2026-09-10 16:04:01.000000,BR_009,0,normal
TXN_002956,ACC_10004,3028.81,PAYMENT,EXT_10243,2026-09-10 16:04:23.000000,BR_009,0,clean_busy
TXN_002957,ACC_10007,57071.8,PAYMENT,EXT_10375,2026-09-10 16:04:25.000000,BR_009,0,normal
TXN_002958,ACC_10016,1466.23,CREDIT,EXT_10136,2026-09-10 16:05:18.000000,BR_009,0,normal
TXN_002959,ACC_10040,3028.7,PAYMENT,EXT_10023,2026-09-10 16:07:22.000000,BR_009,0,normal
TXN_002960,ACC_10012,1154.02,DEBIT,EXT_10386,2026-09-10 16:07:32.000000,BR_009,0,normal
TXN_002961,ACC_10015,1587.22,CREDIT,EXT_10152,2026-09-10 16:12:42.000000,BR_009,0,normal
TXN_002962,ACC_10004,1587.55,TRANSFER,EXT_10366,2026-09-10 16:12:46.000000,BR_009,0,clean_busy
TXN_002963,ACC_10044,799.03,PAYMENT,EXT_10483,2026-09-10 16:14:30.000000,BR_009,0,normal
TXN_002964,ACC_10043,4951.83,TRANSFER,EXT_10458,2026-09-10 16:17:22.000000,BR_009,0,normal
TXN_002965,ACC_10023,4860.07,CREDIT,EXT_10130,2026-09-10 16:19:57.000000,BR_009,0,normal
TXN_002966,ACC_10012,19940.84,CREDIT,EXT_10136,2026-09-10 16:20:57.000000,BR_009,0,normal
TXN_002967,ACC_10006,5454.79,TRANSFER,EXT_10299,2026-09-10 16:26:48.000000,BR_009,0,normal
TXN_002968,ACC_10043,6176.63,PAYMENT,EXT_10484,2026-09-10 16:27:24.000000,BR_009,0,normal
TXN_002969,ACC_10041,5537.03,TRANSFER,EXT_10364,2026-09-10 16:28:23.000000,BR_009,0,normal
TXN_002970,ACC_10035,44564.02,DEBIT,EXT_10398,2026-09-10 16:30:05.000000,BR_009,0,normal
TXN_002971,ACC_10040,3249.89,DEBIT,EXT_10433,2026-09-10 16:31:16.000000,BR_009,0,normal
TXN_002972,ACC_10001,3752.59,DEBIT,EXT_10061,2026-09-10 16:32:38.000000,BR_009,0,normal
TXN_002973,ACC_10027,500.0,CREDIT,EXT_10182,2026-09-10 16:33:03.000000,BR_009,0,normal
TXN_002974,ACC_10004,1977.01,TRANSFER,EXT_10394,2026-09-10 16:33:13.000000,BR_009,0,clean_busy
TXN_002975,ACC_10029,6823.83,CREDIT,EXT_10155,2026-09-10 16:35:26.000000,BR_009,0,normal
TXN_002976,ACC_10009,39146.52,CREDIT,EXT_10240,2026-09-10 16:40:09.000000,BR_006,0,normal
TXN_002977,ACC_10020,42214.02,DEBIT,EXT_10282,2026-09-10 16:45:48.000000,BR_009,0,normal
TXN_002978,ACC_10001,1579.24,DEBIT,EXT_10127,2026-09-10 16:46:18.000000,BR_009,0,normal
TXN_002979,ACC_10004,2684.62,CREDIT,EXT_10099,2026-09-10 16:48:10.000000,BR_009,0,clean_busy
TXN_002980,ACC_10019,3151.06,DEBIT,EXT_10090,2026-09-10 16:49:11.000000,BR_009,0,normal
TXN_002981,ACC_10004,2569.38,DEBIT,EXT_10325,2026-09-10 16:49:41.000000,BR_009,0,clean_busy
TXN_002982,ACC_10029,3337.75,CREDIT,EXT_10127,2026-09-10 16:52:55.000000,BR_009,0,normal
TXN_002983,ACC_10013,7087.77,PAYMENT,EXT_10137,2026-09-10 16:54:03.000000,BR_006,0,normal
TXN_002984,ACC_10022,500.0,TRANSFER,EXT_10443,2026-09-10 16:56:21.000000,BR_009,0,normal
TXN_002985,ACC_10001,8798.45,DEBIT,EXT_10255,2026-09-10 16:56:44.000000,BR_009,0,normal
TXN_002986,ACC_10002,60894.12,TRANSFER,EXT_10000,2026-09-10 16:59:30.000000,BR_009,0,normal
TXN_002987,ACC_10027,6865.67,TRANSFER,EXT_10083,2026-09-10 17:00:30.000000,BR_009,0,normal
TXN_002988,ACC_10027,3305.91,DEBIT,EXT_10248,2026-09-10 17:01:39.000000,BR_009,0,normal
TXN_002989,ACC_10034,1414.08,DEBIT,EXT_10397,2026-09-10 17:02:52.000000,BR_009,0,normal
TXN_002990,ACC_10023,33633.71,DEBIT,EXT_10393,2026-09-10 17:04:02.000000,BR_009,0,normal
TXN_002991,ACC_10025,2800.19,TRANSFER,EXT_10473,2026-09-10 17:07:56.000000,BR_009,0,normal
TXN_002992,ACC_10040,24870.77,DEBIT,EXT_10259,2026-09-10 17:08:52.000000,BR_009,0,normal
TXN_002993,ACC_10020,6518.45,TRANSFER,EXT_10356,2026-09-10 17:11:29.000000,BR_009,0,normal
TXN_002994,ACC_10024,1486.31,DEBIT,EXT_10307,2026-09-10 17:15:34.000000,BR_009,0,normal
TXN_002995,ACC_10000,9062.21,DEBIT,EXT_10353,2026-09-10 17:18:00.000000,BR_009,0,normal
TXN_002996,ACC_10048,2450.55,PAYMENT,EXT_10134,2026-09-10 17:18:24.000000,BR_009,0,normal
TXN_002997,ACC_10022,500.0,PAYMENT,EXT_10354,2026-09-10 17:19:55.000000,BR_009,0,normal
TXN_002998,ACC_10001,10831.75,DEBIT,EXT_10228,2026-09-10 17:22:07.000000,BR_009,0,normal
TXN_002999,ACC_10047,7031.42,DEBIT,EXT_10022,2026-09-10 17:22:21.000000,BR_009,0,normal
TXN_003000,ACC_10026,15884.96,CREDIT,EXT_10067,2026-09-10 17:27:57.000000,BR_009,0,normal
TXN_003001,ACC_10004,4273.11,CREDIT,EXT_10359,2026-09-10 17:36:15.000000,BR_009,0,normal
TXN_003002,ACC_10041,8742.35,DEBIT,EXT_10288,2026-09-10 17:41:09.000000,BR_009,0,normal
TXN_003003,ACC_10039,2594.02,DEBIT,EXT_10012,2026-09-10 17:43:59.000000,BR_009,0,normal
TXN_003004,ACC_10004,6047.85,TRANSFER,EXT_10371,2026-09-10 17:44:41.000000,BR_009,0,normal
TXN_003005,ACC_10004,500.0,DEBIT,EXT_10476,2026-09-10 17:45:08.000000,BR_009,0,clean_busy
TXN_003006,ACC_10000,500.0,DEBIT,EXT_10462,2026-09-10 17:50:44.000000,BR_009,0,normal
TXN_003007,ACC_10040,2150.06,DEBIT,EXT_10296,2026-09-10 17:50:45.000000,BR_009,0,normal
TXN_003008,ACC_10000,1593.08,CREDIT,EXT_10165,2026-09-10 17:52:44.000000,BR_009,0,normal
TXN_003009,ACC_10000,4300.56,TRANSFER,EXT_10372,2026-09-10 17:53:39.000000,BR_009,0,normal
TXN_003010,ACC_10022,6338.23,DEBIT,EXT_10390,2026-09-10 17:55:15.000000,BR_009,0,normal
TXN_003011,ACC_10004,18552.14,DEBIT,EXT_10051,2026-09-10 17:55:51.000000,BR_009,0,normal
TXN_003012,ACC_10048,49367.49,DEBIT,EXT_10422,2026-09-10 17:57:09.000000,BR_009,0,normal
TXN_003013,ACC_10006,37537.37,CREDIT,EXT_10418,2026-09-10 17:57:49.000000,BR_009,0,normal
TXN_003014,ACC_10036,1535.96,TRANSFER,EXT_10329,2026-09-10 17:59:47.000000,BR_009,0,normal
TXN_003015,ACC_10029,17382.31,CREDIT,EXT_10339,2026-09-11 09:02:39.000000,BR_009,0,normal
TXN_003016,ACC_10008,500.0,TRANSFER,EXT_10426,2026-09-11 09:03:29.000000,BR_009,0,normal
TXN_003017,ACC_10044,16871.22,DEBIT,EXT_10020,2026-09-11 09:04:24.000000,BR_009,0,normal
TXN_003018,ACC_10041,1775.24,CREDIT,EXT_10234,2026-09-11 09:05:04.000000,BR_009,0,normal
TXN_003019,ACC_10001,4782.19,TRANSFER,EXT_10475,2026-09-11 09:05:47.000000,BR_009,0,normal
TXN_003020,ACC_10039,116097.77,CREDIT,EXT_10135,2026-09-11 09:06:16.000000,BR_009,0,normal
TXN_003021,ACC_10040,4885.74,DEBIT,EXT_10289,2026-09-11 09:07:10.000000,BR_009,0,normal
TXN_003022,ACC_10003,18012.8,TRANSFER,EXT_10145,2026-09-11 09:07:29.000000,BR_009,0,normal
TXN_003023,ACC_10024,851.88,DEBIT,EXT_10259,2026-09-11 09:07:44.000000,BR_009,0,normal
TXN_003024,ACC_10012,1692.63,DEBIT,EXT_10012,2026-09-11 09:11:56.000000,BR_009,0,normal
TXN_003025,ACC_10022,3263.55,DEBIT,EXT_10002,2026-09-11 09:12:08.000000,BR_009,0,normal
TXN_003026,ACC_10030,18482.46,TRANSFER,EXT_10387,2026-09-11 09:18:57.000000,BR_009,0,normal
TXN_003027,ACC_10048,2579.72,DEBIT,EXT_10364,2026-09-11 09:21:05.000000,BR_009,0,normal
TXN_003028,ACC_10004,10701.84,TRANSFER,EXT_10116,2026-09-11 09:21:56.000000,BR_009,0,normal
TXN_003029,ACC_10022,14729.5,DEBIT,EXT_10229,2026-09-11 09:27:58.000000,BR_009,0,normal
TXN_003030,ACC_10006,100499.05,TRANSFER,EXT_10493,2026-09-11 09:28:41.103288,BR_005,1,temporal_link
TXN_003031,ACC_10024,101963.69,TRANSFER,EXT_10128,2026-09-11 09:31:02.896122,BR_005,1,temporal_link
TXN_003032,ACC_10049,898.13,TRANSFER,EXT_10425,2026-09-11 09:33:29.000000,BR_006,0,normal
TXN_003033,ACC_10039,500.0,DEBIT,EXT_10459,2026-09-11 09:35:03.000000,BR_009,0,normal
TXN_003034,ACC_10009,7293.49,TRANSFER,EXT_10040,2026-09-11 09:36:17.000000,BR_006,0,normal
TXN_003035,ACC_10040,974.04,CREDIT,EXT_10176,2026-09-11 09:42:18.000000,BR_009,0,normal
TXN_003036,ACC_10037,34036.73,TRANSFER,EXT_10218,2026-09-11 09:45:57.000000,BR_009,0,normal
TXN_003037,ACC_10022,12279.08,DEBIT,EXT_10110,2026-09-11 09:46:34.000000,BR_009,0,normal
TXN_003038,ACC_10014,7095.68,CREDIT,EXT_10103,2026-09-11 09:47:41.000000,BR_006,0,normal
TXN_003039,ACC_10007,6911.7,DEBIT,EXT_10340,2026-09-11 09:50:46.000000,BR_009,0,normal
TXN_003040,ACC_10021,2430.96,PAYMENT,EXT_10111,2026-09-11 09:54:11.000000,BR_009,0,normal
TXN_003041,ACC_10012,4187.77,CREDIT,EXT_10307,2026-09-11 09:55:00.000000,BR_009,0,normal
TXN_003042,ACC_10049,2264.78,TRANSFER,EXT_10157,2026-09-11 09:55:37.000000,BR_006,0,normal
TXN_003043,ACC_10027,30356.62,CREDIT,EXT_10052,2026-09-11 09:56:20.000000,BR_009,0,normal
TXN_003044,ACC_10026,3193.31,DEBIT,EXT_10060,2026-09-11 09:57:13.000000,BR_009,0,normal
TXN_003045,ACC_10047,519.79,DEBIT,EXT_10109,2026-09-11 09:58:32.000000,BR_009,0,normal
TXN_003046,ACC_10001,1194.75,TRANSFER,EXT_10096,2026-09-11 10:00:38.000000,BR_009,0,normal
TXN_003047,ACC_10020,10448.0,TRANSFER,EXT_10428,2026-09-11 10:02:17.000000,BR_009,0,normal
TXN_003048,ACC_10024,626.89,TRANSFER,EXT_10064,2026-09-11 10:02:39.000000,BR_009,0,normal
TXN_003049,ACC_10044,196741.51,TRANSFER,EXT_10372,2026-09-11 10:02:45.271022,BR_005,1,temporal_link
TXN_003050,ACC_10045,28671.73,TRANSFER,EXT_10005,2026-09-11 10:02:55.000000,BR_009,0,normal
TXN_003051,ACC_10009,185768.95,TRANSFER,EXT_10448,2026-09-11 10:04:18.138333,BR_005,1,temporal_link
TXN_003052,ACC_10005,500.0,DEBIT,EXT_10487,2026-09-11 10:04:36.000000,BR_009,0,normal
TXN_003053,ACC_10027,16983.31,PAYMENT,EXT_10084,2026-09-11 10:07:58.000000,BR_009,0,normal
TXN_003054,ACC_10048,4882.59,CREDIT,EXT_10099,2026-09-11 10:09:12.000000,BR_009,0,normal
TXN_003055,ACC_10008,20950.87,PAYMENT,EXT_10451,2026-09-11 10:10:03.000000,BR_009,0,normal
TXN_003056,ACC_10003,7539.64,CREDIT,EXT_10037,2026-09-11 10:11:35.000000,BR_009,0,normal
TXN_003057,ACC_10005,8750.46,CREDIT,EXT_10403,2026-09-11 10:22:57.000000,BR_009,0,normal
TXN_003058,ACC_10001,2748.51,CREDIT,EXT_10145,2026-09-11 10:25:24.000000,BR_009,0,normal
TXN_003059,ACC_10040,1958.09,CREDIT,EXT_10016,2026-09-11 10:25:49.000000,BR_009,0,normal
TXN_003060,ACC_10003,91564.1,TRANSFER,EXT_10400,2026-09-11 10:27:49.000000,BR_009,0,normal
TXN_003061,ACC_10042,110215.76,TRANSFER,EXT_10089,2026-09-11 10:36:38.519397,BR_005,1,temporal_link
TXN_003062,ACC_10037,1284.61,DEBIT,EXT_10293,2026-09-11 10:37:00.000000,BR_009,0,normal
TXN_003063,ACC_10048,500.0,DEBIT,EXT_10290,2026-09-11 10:37:58.000000,BR_009,0,normal
TXN_003064,ACC_10001,137193.63,TRANSFER,EXT_10041,2026-09-11 10:40:37.361036,BR_005,1,temporal_link
TXN_003065,ACC_10024,1918.98,DEBIT,EXT_10335,2026-09-11 10:40:41.000000,BR_009,0,normal
TXN_003066,ACC_10001,96732.51,TRANSFER,EXT_10126,2026-09-11 10:44:52.609958,BR_005,1,temporal_link
TXN_003067,ACC_10015,500.0,DEBIT,EXT_10470,2026-09-11 10:45:43.000000,BR_009,0,normal
TXN_003068,ACC_10038,8393.23,PAYMENT,EXT_10200,2026-09-11 10:45:59.000000,BR_009,0,normal
TXN_003069,ACC_10039,199888.65,TRANSFER,EXT_10080,2026-09-11 10:46:06.703485,BR_005,1,temporal_link
TXN_003070,ACC_10008,5103.05,CREDIT,EXT_10025,2026-09-11 10:48:56.000000,BR_009,0,normal
TXN_003071,ACC_10022,1311.84,DEBIT,EXT_10372,2026-09-11 10:50:21.000000,BR_009,0,normal
TXN_003072,ACC_10011,196103.01,TRANSFER,EXT_10451,2026-09-11 10:52:04.425748,BR_005,1,temporal_link
TXN_003073,ACC_10031,875.89,PAYMENT,EXT_10317,2026-09-11 10:52:25.000000,BR_009,0,normal
TXN_003074,ACC_10018,1677.28,PAYMENT,EXT_10051,2026-09-11 10:52:47.000000,BR_009,0,normal
TXN_003075,ACC_10031,7249.07,TRANSFER,EXT_10224,2026-09-11 10:53:59.000000,BR_009,0,normal
TXN_003076,ACC_10018,13970.68,TRANSFER,EXT_10081,2026-09-11 10:55:38.000000,BR_009,0,normal
TXN_003077,ACC_10006,125468.3,TRANSFER,EXT_10491,2026-09-11 10:56:16.000000,BR_009,0,normal
TXN_003078,ACC_10005,2102.13,PAYMENT,EXT_10320,2026-09-11 10:56:23.000000,BR_009,0,normal
TXN_003079,ACC_10033,23324.87,DEBIT,EXT_10394,2026-09-11 10:57:34.000000,BR_009,0,normal
TXN_003080,ACC_10000,515.79,CREDIT,EXT_10160,2026-09-11 10:59:53.000000,BR_009,0,normal
TXN_003081,ACC_10025,4842.16,TRANSFER,EXT_10253,2026-09-11 11:01:03.000000,BR_009,0,normal
TXN_003082,ACC_10015,3276.09,TRANSFER,EXT_10447,2026-09-11 11:04:10.000000,BR_009,0,normal
TXN_003083,ACC_10003,869.02,TRANSFER,EXT_10393,2026-09-11 11:04:49.000000,BR_009,0,normal
TXN_003084,ACC_10040,6460.17,CREDIT,EXT_10052,2026-09-11 11:11:15.000000,BR_009,0,normal
TXN_003085,ACC_10040,10671.26,PAYMENT,EXT_10400,2026-09-11 11:14:03.000000,BR_009,0,normal
TXN_003086,ACC_10031,27347.9,DEBIT,EXT_10453,2026-09-11 11:14:50.000000,BR_009,0,normal
TXN_003087,ACC_10010,109008.99,TRANSFER,EXT_10217,2026-09-11 11:14:58.129677,BR_005,1,temporal_link
TXN_003088,ACC_10008,1161.83,DEBIT,EXT_10428,2026-09-11 11:16:02.000000,BR_009,0,normal
TXN_003089,ACC_10047,1935.17,PAYMENT,EXT_10207,2026-09-11 11:18:36.000000,BR_009,0,normal
TXN_003090,ACC_10000,12004.24,DEBIT,EXT_10293,2026-09-11 11:21:48.000000,BR_009,0,normal
TXN_003091,ACC_10045,28264.14,CREDIT,EXT_10348,2026-09-11 11:26:20.000000,BR_009,0,normal
TXN_003092,ACC_10040,2150.37,CREDIT,EXT_10183,2026-09-11 11:27:08.000000,BR_009,0,normal
TXN_003093,ACC_10024,8551.09,TRANSFER,EXT_10098,2026-09-11 11:27:29.000000,BR_009,0,normal
TXN_003094,ACC_10003,84722.55,TRANSFER,EXT_10229,2026-09-11 11:28:03.764108,BR_005,1,temporal_link
TXN_003095,ACC_10039,1775.06,PAYMENT,EXT_10346,2026-09-11 11:28:28.000000,BR_009,0,normal
TXN_003096,ACC_10049,1076.55,DEBIT,EXT_10451,2026-09-11 11:34:07.000000,BR_006,0,normal
TXN_003097,ACC_10010,8262.1,TRANSFER,EXT_10416,2026-09-11 11:35:55.000000,BR_006,0,normal
TXN_003098,ACC_10028,500.0,TRANSFER,EXT_10396,2026-09-11 11:36:25.000000,BR_006,0,normal
TXN_003099,ACC_10036,35030.92,TRANSFER,EXT_10421,2026-09-11 11:37:56.000000,BR_009,0,normal
TXN_003100,ACC_10048,1401.46,CREDIT,EXT_10051,2026-09-11 11:40:23.000000,BR_009,0,normal
TXN_003101,ACC_10042,83556.54,TRANSFER,EXT_10395,2026-09-11 11:41:40.671281,BR_005,1,temporal_link
TXN_003102,ACC_10009,6454.06,CREDIT,EXT_10233,2026-09-11 11:42:06.000000,BR_006,0,normal
TXN_003103,ACC_10008,1949.69,DEBIT,EXT_10083,2026-09-11 11:42:27.000000,BR_009,0,normal
TXN_003104,ACC_10022,3005.7,CREDIT,EXT_10374,2026-09-11 11:43:23.000000,BR_009,0,normal
TXN_003105,ACC_10009,5267.72,DEBIT,EXT_10315,2026-09-11 11:43:43.000000,BR_006,0,normal
TXN_003106,ACC_10027,500.0,DEBIT,EXT_10447,2026-09-11 11:48:04.000000,BR_009,0,normal
TXN_003107,ACC_10041,6872.96,DEBIT,EXT_10096,2026-09-11 11:48:37.000000,BR_009,0,normal
TXN_003108,ACC_10020,22814.27,PAYMENT,EXT_10292,2026-09-11 11:49:55.000000,BR_009,0,normal
TXN_003109,ACC_10024,8377.74,PAYMENT,EXT_10066,2026-09-11 11:50:14.000000,BR_009,0,normal
TXN_003110,ACC_10040,1408.45,CREDIT,EXT_10395,2026-09-11 11:52:33.000000,BR_009,0,normal
TXN_003111,ACC_10017,4132.94,DEBIT,EXT_10059,2026-09-11 11:55:26.000000,BR_009,0,normal
TXN_003112,ACC_10021,4341.44,CREDIT,EXT_10430,2026-09-11 11:55:37.000000,BR_009,0,normal
TXN_003113,ACC_10036,1349.79,DEBIT,EXT_10499,2026-09-11 11:57:02.000000,BR_009,0,normal
TXN_003114,ACC_10041,2331.48,DEBIT,EXT_10497,2026-09-11 12:02:04.000000,BR_009,0,normal
TXN_003115,ACC_10031,6860.03,PAYMENT,EXT_10406,2026-09-11 12:02:47.000000,BR_009,0,normal
TXN_003116,ACC_10022,190245.81,TRANSFER,EXT_10101,2026-09-11 12:05:31.461599,BR_005,1,temporal_link
TXN_003117,ACC_10004,14518.64,CREDIT,EXT_10385,2026-09-11 12:07:21.000000,BR_009,0,normal
TXN_003118,ACC_10017,156137.66,TRANSFER,EXT_10338,2026-09-11 12:09:22.652608,BR_005,1,temporal_link
TXN_003119,ACC_10046,170155.32,TRANSFER,EXT_10252,2026-09-11 12:14:22.843717,BR_005,1,temporal_link
TXN_003120,ACC_10025,189191.45,TRANSFER,EXT_10218,2026-09-11 12:16:20.325018,BR_005,1,temporal_link
TXN_003121,ACC_10015,4797.32,TRANSFER,EXT_10096,2026-09-11 12:19:49.000000,BR_009,0,normal
TXN_003122,ACC_10009,3985.96,DEBIT,EXT_10177,2026-09-11 12:20:59.000000,BR_006,0,normal
TXN_003123,ACC_10046,4286.39,DEBIT,EXT_10420,2026-09-11 12:22:00.000000,BR_009,0,normal
TXN_003124,ACC_10040,37264.6,CREDIT,EXT_10300,2026-09-11 12:23:18.000000,BR_009,0,normal
TXN_003125,ACC_10046,3074.34,CREDIT,EXT_10293,2026-09-11 12:24:20.000000,BR_009,0,normal
TXN_003126,ACC_10027,189194.6,TRANSFER,EXT_10154,2026-09-11 12:25:42.998183,BR_005,1,temporal_link
TXN_003127,ACC_10024,34943.64,DEBIT,EXT_10411,2026-09-11 12:27:09.000000,BR_009,0,normal
TXN_003128,ACC_10007,30818.6,PAYMENT,EXT_10179,2026-09-11 12:28:02.000000,BR_009,0,normal
TXN_003129,ACC_10045,500.0,TRANSFER,EXT_10319,2026-09-11 12:28:19.000000,BR_009,0,normal
TXN_003130,ACC_10039,3440.67,DEBIT,EXT_10431,2026-09-11 12:28:21.000000,BR_009,0,normal
TXN_003131,ACC_10001,5066.0,CREDIT,EXT_10262,2026-09-11 12:32:52.000000,BR_009,0,normal
TXN_003132,ACC_10023,144689.68,TRANSFER,EXT_10448,2026-09-11 12:33:12.651237,BR_005,1,temporal_link
TXN_003133,ACC_10006,2885.77,CREDIT,EXT_10265,2026-09-11 12:36:30.000000,BR_009,0,normal
TXN_003134,ACC_10040,791.2,CREDIT,EXT_10162,2026-09-11 12:39:36.000000,BR_009,0,normal
TXN_003135,ACC_10017,12452.7,DEBIT,EXT_10041,2026-09-11 12:40:20.000000,BR_009,0,normal
TXN_003136,ACC_10002,3371.92,TRANSFER,EXT_10444,2026-09-11 12:40:46.000000,BR_009,0,normal
TXN_003137,ACC_10020,19370.01,DEBIT,EXT_10417,2026-09-11 12:41:32.000000,BR_009,0,normal
TXN_003138,ACC_10024,8983.85,TRANSFER,EXT_10484,2026-09-11 12:45:10.000000,BR_009,0,normal
TXN_003139,ACC_10004,1178.03,CREDIT,EXT_10327,2026-09-11 12:45:12.000000,BR_009,0,normal
TXN_003140,ACC_10000,20905.34,TRANSFER,EXT_10145,2026-09-11 12:48:31.000000,BR_009,0,normal
TXN_003141,ACC_10042,84766.07,TRANSFER,EXT_10332,2026-09-11 12:50:34.273671,BR_005,1,temporal_link
TXN_003142,ACC_10033,2794.08,CREDIT,EXT_10303,2026-09-11 12:50:48.000000,BR_009,0,normal
TXN_003143,ACC_10015,8815.5,DEBIT,EXT_10070,2026-09-11 12:52:16.000000,BR_009,0,normal
TXN_003144,ACC_10033,139904.81,TRANSFER,EXT_10441,2026-09-11 12:53:29.448465,BR_005,1,temporal_link
TXN_003145,ACC_10020,9897.04,TRANSFER,EXT_10186,2026-09-11 12:54:21.000000,BR_009,0,normal
TXN_003146,ACC_10036,2070.27,TRANSFER,EXT_10451,2026-09-11 12:54:55.000000,BR_009,0,normal
TXN_003147,ACC_10023,16666.63,CREDIT,EXT_10165,2026-09-11 12:55:01.000000,BR_009,0,normal
TXN_003148,ACC_10046,175219.01,TRANSFER,EXT_10431,2026-09-11 12:55:38.694870,BR_005,1,temporal_link
TXN_003149,ACC_10023,9212.77,PAYMENT,EXT_10289,2026-09-11 12:58:27.000000,BR_009,0,normal
TXN_003150,ACC_10030,82455.7,TRANSFER,EXT_10426,2026-09-11 13:00:29.733712,BR_005,1,temporal_link
TXN_003151,ACC_10021,1139.86,TRANSFER,EXT_10477,2026-09-11 13:00:54.000000,BR_009,0,normal
TXN_003152,ACC_10038,4655.69,DEBIT,EXT_10144,2026-09-11 13:07:34.000000,BR_009,0,normal
TXN_003153,ACC_10009,12179.72,CREDIT,EXT_10123,2026-09-11 13:10:01.000000,BR_006,0,normal
TXN_003154,ACC_10008,10885.61,TRANSFER,EXT_10121,2026-09-11 13:10:16.000000,BR_009,0,normal
TXN_003155,ACC_10005,84295.47,TRANSFER,EXT_10405,2026-09-11 13:10:17.718655,BR_005,1,temporal_link
TXN_003156,ACC_10037,37007.01,CREDIT,EXT_10186,2026-09-11 13:10:50.000000,BR_009,0,normal
TXN_003157,ACC_10002,7079.86,TRANSFER,EXT_10304,2026-09-11 13:13:16.000000,BR_009,0,normal
TXN_003158,ACC_10047,8074.0,PAYMENT,EXT_10476,2026-09-11 13:14:40.000000,BR_009,0,normal
TXN_003159,ACC_10018,20109.09,CREDIT,EXT_10427,2026-09-11 13:15:55.000000,BR_009,0,normal
TXN_003160,ACC_10031,500.0,TRANSFER,EXT_10209,2026-09-11 13:17:17.000000,BR_009,0,normal
TXN_003161,ACC_10038,3768.42,DEBIT,EXT_10214,2026-09-11 13:18:34.000000,BR_009,0,normal
TXN_003162,ACC_10033,88765.11,TRANSFER,EXT_10352,2026-09-11 13:18:36.333522,BR_005,1,temporal_link
TXN_003163,ACC_10046,4620.54,TRANSFER,EXT_10135,2026-09-11 13:18:58.000000,BR_009,0,normal
TXN_003164,ACC_10038,500.0,TRANSFER,EXT_10166,2026-09-11 13:18:58.000000,BR_009,0,normal
TXN_003165,ACC_10028,1737.8,CREDIT,EXT_10300,2026-09-11 13:20:12.000000,BR_006,0,normal
TXN_003166,ACC_10035,176467.56,TRANSFER,EXT_10306,2026-09-11 13:21:56.357129,BR_005,1,temporal_link
TXN_003167,ACC_10032,40609.72,PAYMENT,EXT_10265,2026-09-11 13:24:18.000000,BR_009,0,normal
TXN_003168,ACC_10031,139165.58,TRANSFER,EXT_10469,2026-09-11 13:25:19.286503,BR_005,1,temporal_link
TXN_003169,ACC_10033,2733.83,DEBIT,EXT_10243,2026-09-11 13:29:41.000000,BR_009,0,normal
TXN_003170,ACC_10018,1368.02,DEBIT,EXT_10208,2026-09-11 13:31:45.000000,BR_009,0,normal
TXN_003171,ACC_10045,175793.46,TRANSFER,EXT_10411,2026-09-11 13:31:47.070717,BR_005,1,temporal_link
TXN_003172,ACC_10044,2277.92,CREDIT,EXT_10218,2026-09-11 13:32:02.000000,BR_009,0,normal
TXN_003173,ACC_10010,55661.96,TRANSFER,EXT_10428,2026-09-11 13:33:58.000000,BR_006,0,normal
TXN_003174,ACC_10030,4301.5,CREDIT,EXT_10073,2026-09-11 13:34:23.000000,BR_009,0,normal
TXN_003175,ACC_10008,774.21,TRANSFER,EXT_10228,2026-09-11 13:35:38.000000,BR_009,0,normal
TXN_003176,ACC_10033,3618.38,DEBIT,EXT_10192,2026-09-11 13:36:32.000000,BR_009,0,normal
TXN_003177,ACC_10010,763.98,TRANSFER,EXT_10149,2026-09-11 13:36:43.000000,BR_006,0,normal
TXN_003178,ACC_10032,15719.56,DEBIT,EXT_10175,2026-09-11 13:37:09.000000,BR_009,0,normal
TXN_003179,ACC_10002,26210.05,TRANSFER,EXT_10037,2026-09-11 13:37:19.000000,BR_009,0,normal
TXN_003180,ACC_10045,5553.05,TRANSFER,EXT_10345,2026-09-11 13:37:54.000000,BR_009,0,normal
TXN_003181,ACC_10026,114720.76,TRANSFER,EXT_10033,2026-09-11 13:38:01.613807,BR_005,1,temporal_link
TXN_003182,ACC_10048,4849.7,DEBIT,EXT_10207,2026-09-11 13:39:00.000000,BR_009,0,normal
TXN_003183,ACC_10041,121359.84,TRANSFER,EXT_10093,2026-09-11 13:39:30.865325,BR_005,1,temporal_link
TXN_003184,ACC_10035,9431.17,DEBIT,EXT_10435,2026-09-11 13:41:18.000000,BR_009,0,normal
TXN_003185,ACC_10046,3665.61,DEBIT,EXT_10291,2026-09-11 13:41:36.000000,BR_009,0,normal
TXN_003186,ACC_10033,500.0,DEBIT,EXT_10350,2026-09-11 13:42:33.000000,BR_009,0,normal
TXN_003187,ACC_10046,10165.2,DEBIT,EXT_10000,2026-09-11 13:43:51.000000,BR_009,0,normal
TXN_003188,ACC_10021,500.0,TRANSFER,EXT_10234,2026-09-11 13:44:07.000000,BR_009,0,normal
TXN_003189,ACC_10045,1427.72,CREDIT,EXT_10283,2026-09-11 13:45:10.000000,BR_009,0,normal
TXN_003190,ACC_10043,177298.74,TRANSFER,EXT_10272,2026-09-11 13:45:21.272484,BR_005,1,temporal_link
TXN_003191,ACC_10013,4409.72,TRANSFER,EXT_10128,2026-09-11 13:46:43.000000,BR_006,0,normal
TXN_003192,ACC_10046,1172.33,TRANSFER,EXT_10474,2026-09-11 13:48:37.000000,BR_009,0,normal
TXN_003193,ACC_10030,6058.32,TRANSFER,EXT_10346,2026-09-11 13:51:38.000000,BR_009,0,normal
TXN_003194,ACC_10031,5299.28,TRANSFER,EXT_10368,2026-09-11 13:51:52.000000,BR_009,0,normal
TXN_003195,ACC_10040,2070.6,TRANSFER,EXT_10053,2026-09-11 13:54:33.000000,BR_009,0,normal
TXN_003196,ACC_10028,1201.96,DEBIT,EXT_10130,2026-09-11 13:54:37.000000,BR_006,0,normal
TXN_003197,ACC_10022,26399.48,DEBIT,EXT_10088,2026-09-11 13:56:18.000000,BR_009,0,normal
TXN_003198,ACC_10016,7525.77,TRANSFER,EXT_10175,2026-09-11 13:59:23.000000,BR_009,0,normal
TXN_003199,ACC_10014,850.93,DEBIT,EXT_10304,2026-09-11 14:00:31.000000,BR_006,0,normal
TXN_003200,ACC_10000,104884.12,TRANSFER,EXT_10091,2026-09-11 14:00:54.339857,BR_005,1,temporal_link
TXN_003201,ACC_10012,9277.39,TRANSFER,EXT_10390,2026-09-11 14:01:36.000000,BR_009,0,normal
TXN_003202,ACC_10036,5092.85,PAYMENT,EXT_10023,2026-09-11 14:02:19.000000,BR_009,0,normal
TXN_003203,ACC_10037,8609.91,TRANSFER,EXT_10432,2026-09-11 14:03:36.000000,BR_009,0,normal
TXN_003204,ACC_10031,1620.44,TRANSFER,EXT_10359,2026-09-11 14:03:55.000000,BR_009,0,normal
TXN_003205,ACC_10018,500.0,PAYMENT,EXT_10456,2026-09-11 14:04:05.000000,BR_009,0,normal
TXN_003206,ACC_10023,3964.75,TRANSFER,EXT_10259,2026-09-11 14:04:11.000000,BR_009,0,normal
TXN_003207,ACC_10030,3651.25,DEBIT,EXT_10463,2026-09-11 14:06:43.000000,BR_009,0,normal
TXN_003208,ACC_10021,33592.06,TRANSFER,EXT_10259,2026-09-11 14:06:51.000000,BR_009,0,normal
TXN_003209,ACC_10023,28722.9,DEBIT,EXT_10113,2026-09-11 14:07:40.000000,BR_009,0,normal
TXN_003210,ACC_10017,41765.69,PAYMENT,EXT_10410,2026-09-11 14:08:16.000000,BR_009,0,normal
TXN_003211,ACC_10022,781.75,DEBIT,EXT_10433,2026-09-11 14:08:24.000000,BR_009,0,normal
TXN_003212,ACC_10025,1128.34,PAYMENT,EXT_10498,2026-09-11 14:11:47.000000,BR_009,0,normal
TXN_003213,ACC_10000,4411.5,DEBIT,EXT_10430,2026-09-11 14:12:54.000000,BR_009,0,normal
TXN_003214,ACC_10034,1557.95,PAYMENT,EXT_10257,2026-09-11 14:19:49.000000,BR_009,0,normal
TXN_003215,ACC_10017,9848.84,TRANSFER,EXT_10255,2026-09-11 14:24:06.000000,BR_009,0,normal
TXN_003216,ACC_10040,919.7,TRANSFER,EXT_10005,2026-09-11 14:24:32.000000,BR_009,0,normal
TXN_003217,ACC_10020,38956.38,DEBIT,EXT_10023,2026-09-11 14:26:16.000000,BR_009,0,normal
TXN_003218,ACC_10038,34387.68,TRANSFER,EXT_10080,2026-09-11 14:29:36.000000,BR_009,1,structuring
TXN_003219,ACC_10020,181280.39,TRANSFER,EXT_10385,2026-09-11 14:31:03.742597,BR_005,1,temporal_link
TXN_003220,ACC_10010,928.42,DEBIT,EXT_10240,2026-09-11 14:32:34.000000,BR_006,0,normal
TXN_003221,ACC_10046,16032.44,DEBIT,EXT_10117,2026-09-11 14:32:52.000000,BR_009,0,normal
TXN_003222,ACC_10025,6683.61,CREDIT,EXT_10477,2026-09-11 14:33:02.000000,BR_009,0,normal
TXN_003223,ACC_10038,43218.38,TRANSFER,EXT_10288,2026-09-11 14:35:36.000000,BR_009,1,structuring
TXN_003224,ACC_10033,2473.92,CREDIT,EXT_10439,2026-09-11 14:35:48.000000,BR_009,0,normal
TXN_003225,ACC_10004,170412.78,TRANSFER,EXT_10365,2026-09-11 14:36:22.610503,BR_005,1,temporal_link
TXN_003226,ACC_10028,146108.95,TRANSFER,EXT_10358,2026-09-11 14:37:32.216078,BR_005,1,temporal_link
TXN_003227,ACC_10032,4917.35,TRANSFER,EXT_10124,2026-09-11 14:37:53.000000,BR_009,0,normal
TXN_003228,ACC_10031,5607.34,CREDIT,EXT_10022,2026-09-11 14:38:33.000000,BR_009,0,normal
TXN_003229,ACC_10038,45298.88,TRANSFER,EXT_10060,2026-09-11 14:42:36.000000,BR_009,1,structuring
TXN_003230,ACC_10045,6335.0,DEBIT,EXT_10263,2026-09-11 14:44:04.000000,BR_009,0,normal
TXN_003231,ACC_10012,146666.13,TRANSFER,EXT_10052,2026-09-11 14:47:22.700882,BR_005,1,temporal_link
TXN_003232,ACC_10024,3305.75,TRANSFER,EXT_10399,2026-09-11 14:47:49.000000,BR_009,0,normal
TXN_003233,ACC_10021,11809.4,TRANSFER,EXT_10207,2026-09-11 14:50:44.000000,BR_009,0,normal
TXN_003234,ACC_10027,100311.14,TRANSFER,EXT_10475,2026-09-11 14:51:37.777632,BR_005,1,temporal_link
TXN_003235,ACC_10016,102886.92,TRANSFER,EXT_10195,2026-09-11 14:52:24.064141,BR_005,1,temporal_link
TXN_003236,ACC_10048,1040.96,CREDIT,EXT_10140,2026-09-11 14:54:07.000000,BR_009,0,normal
TXN_003237,ACC_10038,44930.77,TRANSFER,EXT_10014,2026-09-11 14:56:36.000000,BR_009,1,structuring
TXN_003238,ACC_10037,2271.66,TRANSFER,EXT_10138,2026-09-11 14:59:17.000000,BR_009,0,normal
TXN_003239,ACC_10046,8680.32,DEBIT,EXT_10168,2026-09-11 15:01:48.000000,BR_009,0,normal
TXN_003240,ACC_10019,196429.56,TRANSFER,EXT_10320,2026-09-11 15:01:49.317512,BR_005,1,temporal_link
TXN_003241,ACC_10008,180103.91,TRANSFER,EXT_10281,2026-09-11 15:03:22.908337,BR_005,1,temporal_link
TXN_003242,ACC_10033,1597.56,DEBIT,EXT_10137,2026-09-11 15:03:25.000000,BR_009,0,normal
TXN_003243,ACC_10002,21791.01,CREDIT,EXT_10413,2026-09-11 15:03:31.000000,BR_009,0,normal
TXN_003244,ACC_10048,2012.03,CREDIT,EXT_10363,2026-09-11 15:03:36.000000,BR_009,0,normal
TXN_003245,ACC_10039,4908.09,CREDIT,EXT_10251,2026-09-11 15:05:03.000000,BR_009,0,normal
TXN_003246,ACC_10044,500.0,CREDIT,EXT_10223,2026-09-11 15:05:33.000000,BR_009,0,normal
TXN_003247,ACC_10024,500.0,DEBIT,EXT_10238,2026-09-11 15:07:51.000000,BR_009,0,normal
TXN_003248,ACC_10011,23719.34,DEBIT,EXT_10178,2026-09-11 15:08:12.000000,BR_009,0,normal
TXN_003249,ACC_10022,3486.5,DEBIT,EXT_10008,2026-09-11 15:08:42.000000,BR_009,0,normal
TXN_003250,ACC_10038,38801.64,TRANSFER,EXT_10024,2026-09-11 15:09:36.000000,BR_009,1,structuring
TXN_003251,ACC_10041,972.11,TRANSFER,EXT_10118,2026-09-11 15:12:15.000000,BR_009,0,normal
TXN_003252,ACC_10042,5084.97,CREDIT,EXT_10157,2026-09-11 15:13:58.000000,BR_009,0,normal
TXN_003253,ACC_10040,500.0,DEBIT,EXT_10235,2026-09-11 15:14:47.000000,BR_009,0,normal
TXN_003254,ACC_10036,11703.48,DEBIT,EXT_10498,2026-09-11 15:17:48.000000,BR_009,0,normal
TXN_003255,ACC_10020,786.11,TRANSFER,EXT_10426,2026-09-11 15:18:35.000000,BR_009,0,normal
TXN_003256,ACC_10039,13860.37,PAYMENT,EXT_10310,2026-09-11 15:18:45.000000,BR_009,0,normal
TXN_003257,ACC_10036,1220.07,DEBIT,EXT_10417,2026-09-11 15:18:53.000000,BR_009,0,normal
TXN_003258,ACC_10006,14191.68,TRANSFER,EXT_10225,2026-09-11 15:21:33.000000,BR_009,0,normal
TXN_003259,ACC_10012,141916.74,TRANSFER,EXT_10244,2026-09-11 15:25:55.327584,BR_005,1,temporal_link
TXN_003260,ACC_10019,1713.64,CREDIT,EXT_10397,2026-09-11 15:26:45.000000,BR_009,0,normal
TXN_003261,ACC_10000,3896.41,CREDIT,EXT_10043,2026-09-11 15:31:23.000000,BR_009,0,normal
TXN_003262,ACC_10031,3331.42,CREDIT,EXT_10150,2026-09-11 15:31:35.000000,BR_009,0,normal
TXN_003263,ACC_10013,168511.25,TRANSFER,EXT_10020,2026-09-11 15:32:18.470100,BR_005,1,temporal_link
TXN_003264,ACC_10038,38800.53,TRANSFER,EXT_10398,2026-09-11 15:32:36.000000,BR_009,1,structuring
TXN_003265,ACC_10037,1539.75,DEBIT,EXT_10062,2026-09-11 15:33:22.000000,BR_009,0,normal
TXN_003266,ACC_10027,10476.95,TRANSFER,EXT_10319,2026-09-11 15:33:39.000000,BR_009,0,normal
TXN_003267,ACC_10004,2959.67,TRANSFER,EXT_10435,2026-09-11 15:34:58.000000,BR_009,0,normal
TXN_003268,ACC_10001,158085.62,TRANSFER,EXT_10118,2026-09-11 15:36:27.710997,BR_005,1,temporal_link
TXN_003269,ACC_10004,4611.02,PAYMENT,EXT_10234,2026-09-11 15:38:18.000000,BR_009,0,normal
TXN_003270,ACC_10038,37874.13,TRANSFER,EXT_10042,2026-09-11 15:38:36.000000,BR_009,1,structuring
TXN_003271,ACC_10015,500.0,CREDIT,EXT_10105,2026-09-11 15:39:38.000000,BR_009,0,normal
TXN_003272,ACC_10040,5072.96,TRANSFER,EXT_10314,2026-09-11 15:40:45.000000,BR_009,0,normal
TXN_003273,ACC_10036,3994.01,TRANSFER,EXT_10257,2026-09-11 15:44:09.000000,BR_009,0,normal
TXN_003274,ACC_10025,189690.31,TRANSFER,EXT_10395,2026-09-11 15:53:24.821440,BR_005,1,temporal_link
TXN_003275,ACC_10038,35420.05,TRANSFER,EXT_10150,2026-09-11 15:56:36.000000,BR_009,1,structuring
TXN_003276,ACC_10042,18317.26,CREDIT,EXT_10222,2026-09-11 15:59:48.000000,BR_009,0,normal
TXN_003277,ACC_10027,15827.27,TRANSFER,EXT_10459,2026-09-11 16:00:15.000000,BR_009,0,normal
TXN_003278,ACC_10024,29901.7,CREDIT,EXT_10227,2026-09-11 16:00:46.000000,BR_009,0,normal
TXN_003279,ACC_10017,12621.54,TRANSFER,EXT_10202,2026-09-11 16:02:11.000000,BR_009,0,normal
TXN_003280,ACC_10025,1717.58,TRANSFER,EXT_10447,2026-09-11 16:02:18.000000,BR_009,0,normal
TXN_003281,ACC_10042,1505.63,PAYMENT,EXT_10216,2026-09-11 16:03:09.000000,BR_009,0,normal
TXN_003282,ACC_10037,4137.99,DEBIT,EXT_10427,2026-09-11 16:03:39.000000,BR_009,0,normal
TXN_003283,ACC_10025,500.0,DEBIT,EXT_10414,2026-09-11 16:05:26.000000,BR_009,0,normal
TXN_003284,ACC_10041,54727.68,PAYMENT,EXT_10226,2026-09-11 16:07:04.000000,BR_009,0,normal
TXN_003285,ACC_10016,543.09,DEBIT,EXT_10072,2026-09-11 16:07:39.000000,BR_009,0,normal
TXN_003286,ACC_10044,1896.74,DEBIT,EXT_10272,2026-09-11 16:09:03.000000,BR_009,0,normal
TXN_003287,ACC_10023,89488.79,TRANSFER,EXT_10314,2026-09-11 16:09:55.157945,BR_005,1,temporal_link
TXN_003288,ACC_10002,10949.8,PAYMENT,EXT_10253,2026-09-11 16:10:18.000000,BR_009,0,normal
TXN_003289,ACC_10026,1906.3,TRANSFER,EXT_10140,2026-09-11 16:14:54.000000,BR_009,0,normal
TXN_003290,ACC_10004,1111.43,DEBIT,EXT_10332,2026-09-11 16:17:26.000000,BR_009,0,normal
TXN_003291,ACC_10024,2422.56,TRANSFER,EXT_10277,2026-09-11 16:17:45.000000,BR_009,0,normal
TXN_003292,ACC_10014,24082.65,TRANSFER,EXT_10256,2026-09-11 16:19:29.000000,BR_006,0,normal
TXN_003293,ACC_10029,3035.72,TRANSFER,EXT_10205,2026-09-11 16:22:17.000000,BR_009,0,normal
TXN_003294,ACC_10004,11307.28,DEBIT,EXT_10007,2026-09-11 16:22:51.000000,BR_009,0,normal
TXN_003295,ACC_10031,981.48,DEBIT,EXT_10057,2026-09-11 16:22:56.000000,BR_009,0,normal
TXN_003296,ACC_10013,149457.59,TRANSFER,EXT_10036,2026-09-11 16:24:50.750636,BR_005,1,temporal_link
TXN_003297,ACC_10043,3095.01,DEBIT,EXT_10331,2026-09-11 16:25:10.000000,BR_009,0,normal
TXN_003298,ACC_10023,4941.63,DEBIT,EXT_10120,2026-09-11 16:26:57.000000,BR_009,0,normal
TXN_003299,ACC_10001,9396.73,DEBIT,EXT_10139,2026-09-11 16:28:48.000000,BR_009,0,normal
TXN_003300,ACC_10012,167056.1,TRANSFER,EXT_10349,2026-09-11 16:34:43.422712,BR_005,1,temporal_link
TXN_003301,ACC_10045,26389.33,CREDIT,EXT_10423,2026-09-11 16:35:17.000000,BR_009,0,normal
TXN_003302,ACC_10025,12423.13,DEBIT,EXT_10372,2026-09-11 16:35:43.000000,BR_009,0,normal
TXN_003303,ACC_10025,500.0,CREDIT,EXT_10208,2026-09-11 16:38:10.000000,BR_009,0,normal
TXN_003304,ACC_10022,8290.1,TRANSFER,EXT_10189,2026-09-11 16:39:05.000000,BR_009,0,normal
TXN_003305,ACC_10008,10585.78,TRANSFER,EXT_10395,2026-09-11 16:39:52.000000,BR_009,0,normal
TXN_003306,ACC_10021,15850.42,TRANSFER,EXT_10313,2026-09-11 16:40:17.000000,BR_009,0,normal
TXN_003307,ACC_10022,1130.71,CREDIT,EXT_10133,2026-09-11 16:41:39.000000,BR_009,0,normal
TXN_003308,ACC_10034,40905.5,TRANSFER,EXT_10115,2026-09-11 16:42:12.000000,BR_009,0,normal
TXN_003309,ACC_10010,4863.34,CREDIT,EXT_10411,2026-09-11 16:42:48.000000,BR_006,0,normal
TXN_003310,ACC_10042,1550.0,DEBIT,EXT_10256,2026-09-11 16:43:10.000000,BR_009,0,normal
TXN_003311,ACC_10029,102450.36,TRANSFER,EXT_10041,2026-09-11 16:43:34.295161,BR_005,1,temporal_link
TXN_003312,ACC_10044,118249.82,TRANSFER,EXT_10159,2026-09-11 16:44:39.288241,BR_005,1,temporal_link
TXN_003313,ACC_10016,166389.78,TRANSFER,EXT_10177,2026-09-11 16:46:23.559203,BR_005,1,temporal_link
TXN_003314,ACC_10023,5055.79,DEBIT,EXT_10110,2026-09-11 16:48:05.000000,BR_009,0,normal
TXN_003315,ACC_10047,136313.95,TRANSFER,EXT_10437,2026-09-11 16:49:41.461157,BR_005,1,temporal_link
TXN_003316,ACC_10001,3438.33,CREDIT,EXT_10099,2026-09-11 16:49:56.000000,BR_009,0,normal
TXN_003317,ACC_10000,1351.13,TRANSFER,EXT_10044,2026-09-11 16:50:03.000000,BR_009,0,normal
TXN_003318,ACC_10024,5625.17,TRANSFER,EXT_10496,2026-09-11 16:51:54.000000,BR_009,0,normal
TXN_003319,ACC_10008,12675.67,TRANSFER,EXT_10292,2026-09-11 16:51:54.000000,BR_009,0,normal
TXN_003320,ACC_10028,4051.89,DEBIT,EXT_10062,2026-09-11 16:52:56.000000,BR_006,0,normal
TXN_003321,ACC_10012,9486.85,DEBIT,EXT_10194,2026-09-11 16:53:48.000000,BR_009,0,normal
TXN_003322,ACC_10047,961.59,TRANSFER,EXT_10040,2026-09-11 16:54:52.000000,BR_009,0,normal
TXN_003323,ACC_10000,1400.51,TRANSFER,EXT_10316,2026-09-11 17:00:04.000000,BR_009,0,normal
TXN_003324,ACC_10035,9665.91,TRANSFER,EXT_10407,2026-09-11 17:01:29.000000,BR_009,0,normal
TXN_003325,ACC_10035,1855.58,CREDIT,EXT_10314,2026-09-11 17:01:47.000000,BR_009,0,normal
TXN_003326,ACC_10033,762.75,PAYMENT,EXT_10123,2026-09-11 17:02:21.000000,BR_009,0,normal
TXN_003327,ACC_10048,10555.15,TRANSFER,EXT_10472,2026-09-11 17:09:09.000000,BR_009,0,normal
TXN_003328,ACC_10028,10989.86,DEBIT,EXT_10378,2026-09-11 17:10:03.000000,BR_006,0,normal
TXN_003329,ACC_10042,18069.96,TRANSFER,EXT_10217,2026-09-11 17:10:52.000000,BR_009,0,normal
TXN_003330,ACC_10029,20973.75,DEBIT,EXT_10340,2026-09-11 17:10:55.000000,BR_009,0,normal
TXN_003331,ACC_10046,11566.28,TRANSFER,EXT_10075,2026-09-11 17:11:00.000000,BR_009,0,normal
TXN_003332,ACC_10031,69976.19,TRANSFER,EXT_10486,2026-09-11 17:15:10.000000,BR_009,0,normal
TXN_003333,ACC_10029,4638.68,DEBIT,EXT_10339,2026-09-11 17:16:42.000000,BR_009,0,normal
TXN_003334,ACC_10037,6207.51,CREDIT,EXT_10452,2026-09-11 17:17:10.000000,BR_009,0,normal
TXN_003335,ACC_10015,898.73,DEBIT,EXT_10159,2026-09-11 17:17:53.000000,BR_009,0,normal
TXN_003336,ACC_10032,14609.99,TRANSFER,EXT_10399,2026-09-11 17:21:01.000000,BR_009,0,normal
TXN_003337,ACC_10014,4816.36,DEBIT,EXT_10146,2026-09-11 17:21:05.000000,BR_006,0,normal
TXN_003338,ACC_10037,19028.26,CREDIT,EXT_10243,2026-09-11 17:30:12.000000,BR_009,0,normal
TXN_003339,ACC_10000,4713.62,DEBIT,EXT_10150,2026-09-11 17:32:13.000000,BR_009,0,normal
TXN_003340,ACC_10049,1795.39,TRANSFER,EXT_10145,2026-09-11 17:32:23.000000,BR_006,0,normal
TXN_003341,ACC_10036,56586.82,CREDIT,EXT_10256,2026-09-11 17:35:35.000000,BR_009,0,normal
TXN_003342,ACC_10023,62891.32,CREDIT,EXT_10226,2026-09-11 17:38:23.000000,BR_009,0,normal
TXN_003343,ACC_10016,17397.13,DEBIT,EXT_10184,2026-09-11 17:39:57.000000,BR_009,0,normal
TXN_003344,ACC_10025,17274.02,CREDIT,EXT_10088,2026-09-11 17:44:11.000000,BR_009,0,normal
TXN_003345,ACC_10016,16509.31,DEBIT,EXT_10227,2026-09-11 17:45:16.000000,BR_009,0,normal
TXN_003346,ACC_10024,3521.02,CREDIT,EXT_10037,2026-09-11 17:46:32.000000,BR_009,0,normal
TXN_003347,ACC_10031,18012.71,CREDIT,EXT_10277,2026-09-11 17:54:10.000000,BR_009,0,normal
TXN_003348,ACC_10045,2437.55,TRANSFER,EXT_10061,2026-09-11 17:54:18.000000,BR_009,0,normal
TXN_003349,ACC_10045,6165.74,DEBIT,EXT_10361,2026-09-11 17:55:11.000000,BR_009,0,normal
TXN_003350,ACC_10046,5374.33,TRANSFER,EXT_10189,2026-09-11 17:57:15.000000,BR_009,0,normal
TXN_003351,ACC_10048,6227.87,DEBIT,EXT_10249,2026-09-11 17:59:10.000000,BR_009,0,normal
TXN_003352,ACC_10044,5233.22,TRANSFER,EXT_10472,2026-09-12 09:08:41.000000,BR_009,0,normal
TXN_003353,ACC_10026,3087.44,DEBIT,EXT_10367,2026-09-12 09:56:06.000000,BR_009,0,normal
TXN_003354,ACC_10049,3542.3,DEBIT,EXT_10002,2026-09-12 09:59:04.000000,BR_006,0,normal
TXN_003355,ACC_10008,1147.74,TRANSFER,EXT_10107,2026-09-12 10:28:18.000000,BR_009,0,normal
TXN_003356,ACC_10030,11300.81,PAYMENT,EXT_10007,2026-09-12 10:37:07.000000,BR_009,0,normal
TXN_003357,ACC_10042,19795.54,TRANSFER,EXT_10115,2026-09-12 10:53:46.000000,BR_009,0,normal
TXN_003358,ACC_10045,1065.22,TRANSFER,EXT_10183,2026-09-12 11:03:08.000000,BR_009,0,normal
TXN_003359,ACC_10041,11947.99,DEBIT,EXT_10116,2026-09-12 11:20:09.000000,BR_009,0,normal
TXN_003360,ACC_10032,812.51,TRANSFER,EXT_10012,2026-09-12 12:36:32.000000,BR_009,0,normal
TXN_003361,ACC_10030,1965.56,TRANSFER,EXT_10104,2026-09-12 13:24:08.000000,BR_009,0,normal
TXN_003362,ACC_10037,16295.03,DEBIT,EXT_10302,2026-09-12 13:36:11.000000,BR_009,0,normal
TXN_003363,ACC_10005,4493.22,PAYMENT,EXT_10075,2026-09-12 13:50:53.000000,BR_009,0,normal
TXN_003364,ACC_10046,6308.35,DEBIT,EXT_10013,2026-09-12 14:17:25.000000,BR_009,0,normal
TXN_003365,ACC_10012,7483.11,TRANSFER,EXT_10251,2026-09-12 14:58:07.000000,BR_009,0,normal
TXN_003366,ACC_10036,70947.72,TRANSFER,EXT_10059,2026-09-12 15:12:02.000000,BR_009,0,normal
TXN_003367,ACC_10014,853.45,TRANSFER,EXT_10184,2026-09-12 15:35:04.000000,BR_006,0,normal
TXN_003368,ACC_10049,33533.95,DEBIT,EXT_10442,2026-09-12 16:33:44.000000,BR_006,0,normal
TXN_003369,ACC_10046,3338.25,PAYMENT,EXT_10433,2026-09-12 16:51:05.000000,BR_009,0,normal
TXN_003370,ACC_10042,1730.28,PAYMENT,EXT_10496,2026-09-12 16:55:46.000000,BR_009,0,normal
TXN_003371,ACC_10015,3384.07,DEBIT,EXT_10075,2026-09-12 17:13:18.000000,BR_009,0,normal
TXN_003372,ACC_10024,15815.07,DEBIT,EXT_10021,2026-09-12 17:54:44.000000,BR_009,0,normal
TXN_003373,ACC_10032,2084.0,DEBIT,EXT_10193,2026-09-13 09:01:31.000000,BR_009,0,clean_busy
TXN_003374,ACC_10018,8041.6,DEBIT,EXT_10247,2026-09-13 09:03:23.000000,BR_009,0,normal
TXN_003375,ACC_10001,7264.22,TRANSFER,EXT_10376,2026-09-13 09:13:29.000000,BR_009,0,normal
TXN_003376,ACC_10012,9662.85,DEBIT,EXT_10383,2026-09-13 09:27:01.000000,BR_009,0,normal
TXN_003377,ACC_10032,2655.88,TRANSFER,EXT_10218,2026-09-13 09:47:31.000000,BR_009,0,clean_busy
TXN_003378,ACC_10032,3057.92,TRANSFER,EXT_10491,2026-09-13 09:53:49.000000,BR_009,0,clean_busy
TXN_003379,ACC_10032,4519.61,DEBIT,EXT_10251,2026-09-13 09:56:55.000000,BR_009,0,clean_busy
TXN_003380,ACC_10021,1592.32,TRANSFER,EXT_10283,2026-09-13 10:06:42.000000,BR_009,0,normal
TXN_003381,ACC_10032,500.0,CREDIT,EXT_10013,2026-09-13 10:09:54.000000,BR_009,0,clean_busy
TXN_003382,ACC_10012,9885.22,TRANSFER,EXT_10175,2026-09-13 10:11:46.000000,BR_009,0,normal
TXN_003383,ACC_10006,9830.84,DEBIT,EXT_10362,2026-09-13 10:41:33.000000,BR_009,0,normal
TXN_003384,ACC_10032,4502.14,TRANSFER,EXT_10158,2026-09-13 10:46:55.000000,BR_009,0,clean_busy
TXN_003385,ACC_10045,16906.99,DEBIT,EXT_10372,2026-09-13 10:50:07.000000,BR_009,0,normal
TXN_003386,ACC_10032,200000.0,PAYMENT,EXT_10420,2026-09-13 10:52:58.000000,BR_009,0,clean_busy
TXN_003387,ACC_10032,48045.51,TRANSFER,EXT_10126,2026-09-13 10:53:17.000000,BR_009,0,clean_busy
TXN_003388,ACC_10032,500.0,CREDIT,EXT_10397,2026-09-13 11:45:19.000000,BR_009,0,clean_busy
TXN_003389,ACC_10007,500.0,DEBIT,EXT_10104,2026-09-13 11:55:32.000000,BR_009,0,normal
TXN_003390,ACC_10032,3198.3,PAYMENT,EXT_10137,2026-09-13 12:01:12.000000,BR_009,0,clean_busy
TXN_003391,ACC_10018,2204.72,TRANSFER,EXT_10351,2026-09-13 12:15:34.000000,BR_009,0,normal
TXN_003392,ACC_10032,3194.8,DEBIT,EXT_10072,2026-09-13 12:21:49.000000,BR_009,0,clean_busy
TXN_003393,ACC_10011,9152.79,DEBIT,EXT_10235,2026-09-13 12:24:55.000000,BR_009,0,normal
TXN_003394,ACC_10032,8534.33,CREDIT,EXT_10487,2026-09-13 12:42:46.000000,BR_009,0,clean_busy
TXN_003395,ACC_10032,500.0,DEBIT,EXT_10042,2026-09-13 13:12:24.000000,BR_009,0,clean_busy
TXN_003396,ACC_10045,812.39,PAYMENT,EXT_10296,2026-09-13 13:35:00.000000,BR_009,0,normal
TXN_003397,ACC_10026,45186.57,DEBIT,EXT_10265,2026-09-13 13:38:38.000000,BR_009,0,normal
TXN_003398,ACC_10032,1489.02,TRANSFER,EXT_10439,2026-09-13 13:39:56.000000,BR_009,0,clean_busy
TXN_003399,ACC_10006,22888.49,DEBIT,EXT_10413,2026-09-13 13:57:57.000000,BR_009,0,normal
TXN_003400,ACC_10032,57154.45,DEBIT,EXT_10094,2026-09-13 14:24:57.000000,BR_009,0,clean_busy
TXN_003401,ACC_10013,512.85,TRANSFER,EXT_10476,2026-09-13 14:39:51.000000,BR_006,0,normal
TXN_003402,ACC_10032,500.0,CREDIT,EXT_10119,2026-09-13 14:50:37.000000,BR_009,0,clean_busy
TXN_003403,ACC_10032,166757.9,CREDIT,EXT_10183,2026-09-13 15:11:55.000000,BR_009,0,clean_busy
TXN_003404,ACC_10032,2234.4,PAYMENT,EXT_10234,2026-09-13 15:15:32.000000,BR_009,0,clean_busy
TXN_003405,ACC_10032,2582.37,CREDIT,EXT_10301,2026-09-13 15:21:41.000000,BR_009,0,clean_busy
TXN_003406,ACC_10024,500.0,DEBIT,EXT_10195,2026-09-13 15:22:54.000000,BR_009,0,normal
TXN_003407,ACC_10032,5644.92,CREDIT,EXT_10276,2026-09-13 15:24:01.000000,BR_009,0,clean_busy
TXN_003408,ACC_10032,71185.58,PAYMENT,EXT_10071,2026-09-13 15:57:44.000000,BR_009,0,clean_busy
TXN_003409,ACC_10032,19471.45,TRANSFER,EXT_10375,2026-09-13 16:02:03.000000,BR_009,0,clean_busy
TXN_003410,ACC_10024,36125.36,TRANSFER,EXT_10400,2026-09-13 16:17:47.000000,BR_009,0,normal
TXN_003411,ACC_10032,7069.29,TRANSFER,EXT_10091,2026-09-13 16:23:25.000000,BR_009,0,clean_busy
TXN_003412,ACC_10032,2684.33,TRANSFER,EXT_10426,2026-09-13 16:45:31.000000,BR_009,0,clean_busy
TXN_003413,ACC_10032,5627.24,TRANSFER,EXT_10417,2026-09-13 16:55:46.000000,BR_009,0,clean_busy
TXN_003414,ACC_10032,2487.26,TRANSFER,EXT_10023,2026-09-13 17:13:26.000000,BR_009,0,clean_busy
TXN_003415,ACC_10032,7614.65,TRANSFER,EXT_10274,2026-09-13 17:20:27.000000,BR_009,0,clean_busy
TXN_003416,ACC_10032,4242.96,DEBIT,EXT_10259,2026-09-13 17:49:21.000000,BR_009,0,clean_busy
TXN_003417,ACC_10038,11740.85,CREDIT,EXT_10159,2026-09-14 09:00:54.000000,BR_009,0,normal
TXN_003418,ACC_10002,6367.04,TRANSFER,EXT_10338,2026-09-14 09:01:09.000000,BR_009,0,normal
TXN_003419,ACC_10043,7055.17,DEBIT,EXT_10412,2026-09-14 09:01:32.000000,BR_009,0,normal
TXN_003420,ACC_10000,124080.76,PAYMENT,EXT_10098,2026-09-14 09:06:19.000000,BR_009,0,normal
TXN_003421,ACC_10049,17246.65,PAYMENT,EXT_10366,2026-09-14 09:10:22.000000,BR_006,0,normal
TXN_003422,ACC_10048,513.1,CREDIT,EXT_10034,2026-09-14 09:12:12.000000,BR_009,0,normal
TXN_003423,ACC_10023,4169.92,PAYMENT,EXT_10345,2026-09-14 09:16:16.000000,BR_009,0,normal
TXN_003424,ACC_10036,1280.12,TRANSFER,EXT_10033,2026-09-14 09:26:02.000000,BR_009,0,normal
TXN_003425,ACC_10048,5874.59,TRANSFER,EXT_10095,2026-09-14 09:27:18.000000,BR_009,0,normal
TXN_003426,ACC_10032,3413.98,TRANSFER,EXT_10251,2026-09-14 09:29:46.000000,BR_009,0,normal
TXN_003427,ACC_10025,13376.25,DEBIT,EXT_10430,2026-09-14 09:30:04.000000,BR_009,0,normal
TXN_003428,ACC_10006,944.53,CREDIT,EXT_10435,2026-09-14 09:33:57.000000,BR_009,0,normal
TXN_003429,ACC_10015,7549.79,PAYMENT,EXT_10435,2026-09-14 09:34:24.000000,BR_009,0,normal
TXN_003430,ACC_10004,5019.94,PAYMENT,EXT_10404,2026-09-14 09:35:46.000000,BR_009,0,normal
TXN_003431,ACC_10015,1100.8,CREDIT,EXT_10493,2026-09-14 09:38:55.000000,BR_009,0,normal
TXN_003432,ACC_10044,1488.05,TRANSFER,EXT_10003,2026-09-14 09:39:13.000000,BR_009,0,normal
TXN_003433,ACC_10028,3896.12,TRANSFER,EXT_10128,2026-09-14 09:41:41.000000,BR_006,0,normal
TXN_003434,ACC_10002,2823.71,DEBIT,EXT_10227,2026-09-14 09:44:20.000000,BR_009,0,normal
TXN_003435,ACC_10025,500.0,TRANSFER,EXT_10370,2026-09-14 09:45:02.000000,BR_009,0,normal
TXN_003436,ACC_10046,28685.86,CREDIT,EXT_10383,2026-09-14 09:46:07.000000,BR_009,0,normal
TXN_003437,ACC_10004,11812.02,CREDIT,EXT_10191,2026-09-14 09:51:13.000000,BR_009,0,normal
TXN_003438,ACC_10022,8471.72,DEBIT,EXT_10454,2026-09-14 09:51:57.000000,BR_009,0,normal
TXN_003439,ACC_10045,1195.81,DEBIT,EXT_10214,2026-09-14 09:53:32.000000,BR_009,0,normal
TXN_003440,ACC_10015,1122.93,DEBIT,EXT_10259,2026-09-14 09:53:34.000000,BR_009,0,normal
TXN_003441,ACC_10047,500.0,CREDIT,EXT_10232,2026-09-14 09:54:15.000000,BR_009,0,normal
TXN_003442,ACC_10031,1353.78,DEBIT,EXT_10326,2026-09-14 09:54:33.000000,BR_009,0,normal
TXN_003443,ACC_10031,5037.85,DEBIT,EXT_10266,2026-09-14 09:58:37.000000,BR_009,0,normal
TXN_003444,ACC_10030,1559.82,PAYMENT,EXT_10419,2026-09-14 09:59:59.000000,BR_009,0,normal
TXN_003445,ACC_10011,3588.76,TRANSFER,EXT_10499,2026-09-14 10:00:05.000000,BR_009,0,normal
TXN_003446,ACC_10039,34969.06,TRANSFER,EXT_10313,2026-09-14 10:00:41.000000,BR_009,0,normal
TXN_003447,ACC_10045,13537.17,TRANSFER,EXT_10433,2026-09-14 10:01:37.000000,BR_009,0,normal
TXN_003448,ACC_10003,3159.78,DEBIT,EXT_10003,2026-09-14 10:05:18.000000,BR_009,0,normal
TXN_003449,ACC_10004,1127.77,PAYMENT,EXT_10031,2026-09-14 10:05:56.000000,BR_009,0,normal
TXN_003450,ACC_10007,13904.08,TRANSFER,EXT_10290,2026-09-14 10:07:15.000000,BR_009,0,normal
TXN_003451,ACC_10026,2545.01,CREDIT,EXT_10245,2026-09-14 10:09:25.000000,BR_009,0,normal
TXN_003452,ACC_10003,10417.92,DEBIT,EXT_10410,2026-09-14 10:10:52.000000,BR_009,0,normal
TXN_003453,ACC_10018,2505.1,TRANSFER,EXT_10487,2026-09-14 10:11:23.000000,BR_009,0,normal
TXN_003454,ACC_10015,5352.9,TRANSFER,EXT_10467,2026-09-14 10:13:34.000000,BR_009,0,normal
TXN_003455,ACC_10000,6649.21,TRANSFER,EXT_10451,2026-09-14 10:13:49.000000,BR_009,0,normal
TXN_003456,ACC_10040,5232.29,CREDIT,EXT_10092,2026-09-14 10:17:17.000000,BR_009,0,normal
TXN_003457,ACC_10042,500.0,TRANSFER,EXT_10445,2026-09-14 10:20:38.000000,BR_009,0,normal
TXN_003458,ACC_10040,1240.96,DEBIT,EXT_10218,2026-09-14 10:20:54.000000,BR_009,0,normal
TXN_003459,ACC_10011,906.94,TRANSFER,EXT_10170,2026-09-14 10:23:01.000000,BR_009,0,normal
TXN_003460,ACC_10003,3122.02,TRANSFER,EXT_10250,2026-09-14 10:28:56.000000,BR_009,0,normal
TXN_003461,ACC_10019,6464.63,DEBIT,EXT_10281,2026-09-14 10:29:51.000000,BR_009,0,normal
TXN_003462,ACC_10034,500.0,TRANSFER,EXT_10232,2026-09-14 10:34:47.000000,BR_009,0,normal
TXN_003463,ACC_10031,6939.88,PAYMENT,EXT_10299,2026-09-14 10:35:02.000000,BR_009,0,normal
TXN_003464,ACC_10031,500.0,CREDIT,EXT_10492,2026-09-14 10:38:49.000000,BR_009,0,normal
TXN_003465,ACC_10043,4525.09,CREDIT,EXT_10435,2026-09-14 10:40:59.000000,BR_009,0,normal
TXN_003466,ACC_10044,14965.15,CREDIT,EXT_10350,2026-09-14 10:41:30.000000,BR_009,0,normal
TXN_003467,ACC_10020,14248.59,DEBIT,EXT_10452,2026-09-14 10:45:17.000000,BR_009,0,normal
TXN_003468,ACC_10023,9274.14,CREDIT,EXT_10056,2026-09-14 10:45:50.000000,BR_009,0,normal
TXN_003469,ACC_10033,3780.32,DEBIT,EXT_10157,2026-09-14 10:46:52.000000,BR_009,0,normal
TXN_003470,ACC_10011,1662.23,TRANSFER,EXT_10249,2026-09-14 10:46:59.000000,BR_009,0,normal
TXN_003471,ACC_10008,6252.23,TRANSFER,EXT_10376,2026-09-14 10:48:07.000000,BR_009,0,normal
TXN_003472,ACC_10034,4582.66,PAYMENT,EXT_10015,2026-09-14 10:50:25.000000,BR_009,0,normal
TXN_003473,ACC_10040,5726.66,TRANSFER,EXT_10489,2026-09-14 10:55:35.000000,BR_009,0,normal
TXN_003474,ACC_10048,2577.39,PAYMENT,EXT_10105,2026-09-14 10:58:05.000000,BR_009,0,normal
TXN_003475,ACC_10002,1926.11,DEBIT,EXT_10133,2026-09-14 11:01:12.000000,BR_009,0,normal
TXN_003476,ACC_10033,32960.19,TRANSFER,EXT_10359,2026-09-14 11:05:44.000000,BR_009,0,normal
TXN_003477,ACC_10048,4884.13,CREDIT,EXT_10396,2026-09-14 11:07:57.000000,BR_009,0,normal
TXN_003478,ACC_10014,557.68,DEBIT,EXT_10203,2026-09-14 11:09:24.000000,BR_006,0,normal
TXN_003479,ACC_10025,91401.73,DEBIT,EXT_10403,2026-09-14 11:16:37.000000,BR_009,0,normal
TXN_003480,ACC_10024,1867.43,TRANSFER,EXT_10418,2026-09-14 11:30:09.000000,BR_009,0,normal
TXN_003481,ACC_10043,5162.75,PAYMENT,EXT_10295,2026-09-14 11:31:45.000000,BR_009,0,normal
TXN_003482,ACC_10034,1591.79,PAYMENT,EXT_10309,2026-09-14 11:32:11.000000,BR_009,0,normal
TXN_003483,ACC_10038,1574.93,TRANSFER,EXT_10022,2026-09-14 11:32:17.000000,BR_009,0,normal
TXN_003484,ACC_10047,1633.43,PAYMENT,EXT_10224,2026-09-14 11:34:39.000000,BR_009,0,normal
TXN_003485,ACC_10023,2228.65,TRANSFER,EXT_10492,2026-09-14 11:39:14.000000,BR_009,0,normal
TXN_003486,ACC_10025,10806.15,DEBIT,EXT_10330,2026-09-14 11:41:57.000000,BR_009,0,normal
TXN_003487,ACC_10030,500.0,DEBIT,EXT_10114,2026-09-14 11:48:05.000000,BR_009,0,normal
TXN_003488,ACC_10034,2195.86,DEBIT,EXT_10329,2026-09-14 11:49:20.000000,BR_009,0,normal
TXN_003489,ACC_10023,7584.17,TRANSFER,EXT_10476,2026-09-14 11:51:49.000000,BR_009,0,normal
TXN_003490,ACC_10039,4454.7,DEBIT,EXT_10410,2026-09-14 11:53:38.000000,BR_009,0,normal
TXN_003491,ACC_10023,1150.92,DEBIT,EXT_10442,2026-09-14 11:53:57.000000,BR_009,0,normal
TXN_003492,ACC_10000,5743.97,DEBIT,EXT_10407,2026-09-14 11:56:30.000000,BR_009,0,normal
TXN_003493,ACC_10026,6917.87,DEBIT,EXT_10171,2026-09-14 11:58:41.000000,BR_009,0,normal
TXN_003494,ACC_10002,500.0,DEBIT,EXT_10464,2026-09-14 12:00:44.000000,BR_009,0,normal
TXN_003495,ACC_10016,6601.23,DEBIT,EXT_10492,2026-09-14 12:01:37.000000,BR_009,0,normal
TXN_003496,ACC_10049,7128.88,CREDIT,EXT_10386,2026-09-14 12:03:36.000000,BR_006,0,normal
TXN_003497,ACC_10015,2728.37,DEBIT,EXT_10360,2026-09-14 12:04:51.000000,BR_009,0,normal
TXN_003498,ACC_10046,747.66,DEBIT,EXT_10484,2026-09-14 12:06:04.000000,BR_009,0,normal
TXN_003499,ACC_10025,15759.11,DEBIT,EXT_10346,2026-09-14 12:10:08.000000,BR_009,0,normal
TXN_003500,ACC_10003,2922.0,DEBIT,EXT_10288,2026-09-14 12:10:10.000000,BR_009,0,normal
TXN_003501,ACC_10043,723.9,TRANSFER,EXT_10495,2026-09-14 12:13:04.000000,BR_009,0,normal
TXN_003502,ACC_10010,7223.23,DEBIT,EXT_10222,2026-09-14 12:13:20.000000,BR_006,0,normal
TXN_003503,ACC_10040,10913.96,DEBIT,EXT_10090,2026-09-14 12:15:12.000000,BR_009,0,normal
TXN_003504,ACC_10045,3788.61,DEBIT,EXT_10314,2026-09-14 12:17:57.000000,BR_009,0,normal
TXN_003505,ACC_10025,686.26,TRANSFER,EXT_10466,2026-09-14 12:19:35.000000,BR_009,0,normal
TXN_003506,ACC_10022,4041.65,PAYMENT,EXT_10369,2026-09-14 12:20:11.000000,BR_009,0,normal
TXN_003507,ACC_10000,3279.95,CREDIT,EXT_10322,2026-09-14 12:23:37.000000,BR_009,0,normal
TXN_003508,ACC_10033,500.0,DEBIT,EXT_10054,2026-09-14 12:27:35.000000,BR_009,0,normal
TXN_003509,ACC_10025,14588.53,PAYMENT,EXT_10016,2026-09-14 12:28:22.000000,BR_009,0,normal
TXN_003510,ACC_10035,74760.32,DEBIT,EXT_10283,2026-09-14 12:41:18.000000,BR_009,0,normal
TXN_003511,ACC_10034,10724.25,CREDIT,EXT_10264,2026-09-14 12:46:02.000000,BR_009,0,normal
TXN_003512,ACC_10049,1966.75,DEBIT,EXT_10066,2026-09-14 12:47:36.000000,BR_006,0,normal
TXN_003513,ACC_10025,2086.1,DEBIT,EXT_10235,2026-09-14 12:49:02.000000,BR_009,0,normal
TXN_003514,ACC_10032,1931.3,CREDIT,EXT_10396,2026-09-14 12:52:48.000000,BR_009,0,normal
TXN_003515,ACC_10037,11003.74,TRANSFER,EXT_10203,2026-09-14 12:53:04.000000,BR_009,0,normal
TXN_003516,ACC_10006,3699.37,DEBIT,EXT_10177,2026-09-14 12:56:21.000000,BR_009,0,normal
TXN_003517,ACC_10019,36619.83,CREDIT,EXT_10496,2026-09-14 12:57:00.000000,BR_009,0,normal
TXN_003518,ACC_10018,500.0,PAYMENT,EXT_10207,2026-09-14 12:57:30.000000,BR_009,0,normal
TXN_003519,ACC_10037,30703.44,CREDIT,EXT_10214,2026-09-14 12:59:58.000000,BR_009,0,normal
TXN_003520,ACC_10032,7227.38,TRANSFER,EXT_10369,2026-09-14 13:00:59.000000,BR_009,0,normal
TXN_003521,ACC_10010,4912.2,TRANSFER,EXT_10141,2026-09-14 13:02:19.000000,BR_006,0,normal
TXN_003522,ACC_10046,13676.99,DEBIT,EXT_10463,2026-09-14 13:04:35.000000,BR_009,0,normal
TXN_003523,ACC_10039,511.56,TRANSFER,EXT_10198,2026-09-14 13:06:07.000000,BR_009,0,normal
TXN_003524,ACC_10000,676.74,TRANSFER,EXT_10232,2026-09-14 13:07:14.000000,BR_009,0,normal
TXN_003525,ACC_10008,8063.29,TRANSFER,EXT_10220,2026-09-14 13:09:58.000000,BR_009,0,normal
TXN_003526,ACC_10043,4632.15,CREDIT,EXT_10198,2026-09-14 13:12:43.000000,BR_009,0,normal
TXN_003527,ACC_10027,2199.46,TRANSFER,EXT_10380,2026-09-14 13:15:27.000000,BR_009,0,normal
TXN_003528,ACC_10048,23726.14,DEBIT,EXT_10467,2026-09-14 13:16:19.000000,BR_009,0,normal
TXN_003529,ACC_10014,502.03,CREDIT,EXT_10323,2026-09-14 13:17:30.000000,BR_006,0,normal
TXN_003530,ACC_10034,7002.82,CREDIT,EXT_10377,2026-09-14 13:18:34.000000,BR_009,0,normal
TXN_003531,ACC_10018,7326.21,TRANSFER,EXT_10049,2026-09-14 13:18:34.000000,BR_009,0,normal
TXN_003532,ACC_10030,777.03,DEBIT,EXT_10386,2026-09-14 13:20:55.000000,BR_009,0,normal
TXN_003533,ACC_10018,9918.18,CREDIT,EXT_10370,2026-09-14 13:21:10.000000,BR_009,0,normal
TXN_003534,ACC_10012,6692.39,PAYMENT,EXT_10357,2026-09-14 13:22:05.000000,BR_009,0,normal
TXN_003535,ACC_10017,1020.93,DEBIT,EXT_10364,2026-09-14 13:22:35.000000,BR_009,0,normal
TXN_003536,ACC_10027,2038.05,DEBIT,EXT_10404,2026-09-14 13:22:59.000000,BR_009,0,normal
TXN_003537,ACC_10022,792.6,CREDIT,EXT_10026,2026-09-14 13:23:56.000000,BR_009,0,normal
TXN_003538,ACC_10013,150974.49,CREDIT,EXT_10313,2026-09-14 13:30:39.000000,BR_006,0,normal
TXN_003539,ACC_10006,1858.3,CREDIT,EXT_10081,2026-09-14 13:30:42.000000,BR_009,0,normal
TXN_003540,ACC_10036,7629.41,DEBIT,EXT_10007,2026-09-14 13:30:52.000000,BR_009,0,normal
TXN_003541,ACC_10040,25064.41,TRANSFER,EXT_10207,2026-09-14 13:32:15.000000,BR_009,0,normal
TXN_003542,ACC_10002,9148.11,DEBIT,EXT_10352,2026-09-14 13:32:42.000000,BR_009,0,normal
TXN_003543,ACC_10021,1918.05,DEBIT,EXT_10295,2026-09-14 13:32:56.000000,BR_009,0,normal
TXN_003544,ACC_10024,3959.88,DEBIT,EXT_10166,2026-09-14 13:33:37.000000,BR_009,0,normal
TXN_003545,ACC_10026,4566.25,TRANSFER,EXT_10137,2026-09-14 13:37:07.000000,BR_009,0,normal
TXN_003546,ACC_10027,550.31,CREDIT,EXT_10001,2026-09-14 13:38:08.000000,BR_009,0,normal
TXN_003547,ACC_10017,2533.84,TRANSFER,EXT_10480,2026-09-14 13:39:03.000000,BR_009,0,normal
TXN_003548,ACC_10000,37304.33,DEBIT,EXT_10483,2026-09-14 13:42:40.000000,BR_009,0,normal
TXN_003549,ACC_10033,3019.54,DEBIT,EXT_10039,2026-09-14 13:43:24.000000,BR_009,0,normal
TXN_003550,ACC_10005,6066.16,CREDIT,EXT_10132,2026-09-14 13:44:57.000000,BR_009,0,normal
TXN_003551,ACC_10035,500.0,CREDIT,EXT_10045,2026-09-14 13:48:09.000000,BR_009,0,normal
TXN_003552,ACC_10026,742.53,CREDIT,EXT_10040,2026-09-14 13:50:08.000000,BR_009,0,normal
TXN_003553,ACC_10032,3193.48,TRANSFER,EXT_10330,2026-09-14 13:50:33.000000,BR_009,0,normal
TXN_003554,ACC_10024,5387.26,CREDIT,EXT_10243,2026-09-14 13:51:40.000000,BR_009,0,normal
TXN_003555,ACC_10026,1568.45,DEBIT,EXT_10118,2026-09-14 13:56:00.000000,BR_009,0,normal
TXN_003556,ACC_10045,3540.74,DEBIT,EXT_10415,2026-09-14 13:56:26.000000,BR_009,0,normal
TXN_003557,ACC_10001,500.0,DEBIT,EXT_10199,2026-09-14 13:59:38.000000,BR_009,0,normal
TXN_003558,ACC_10002,14866.13,TRANSFER,EXT_10408,2026-09-14 14:00:29.000000,BR_009,0,normal
TXN_003559,ACC_10004,6387.94,CREDIT,EXT_10262,2026-09-14 14:01:10.000000,BR_009,0,normal
TXN_003560,ACC_10043,1100.96,DEBIT,EXT_10185,2026-09-14 14:02:00.000000,BR_009,0,normal
TXN_003561,ACC_10024,696.73,CREDIT,EXT_10148,2026-09-14 14:02:27.000000,BR_009,0,normal
TXN_003562,ACC_10024,6610.37,TRANSFER,EXT_10229,2026-09-14 14:04:35.000000,BR_009,0,normal
TXN_003563,ACC_10026,500.0,TRANSFER,EXT_10274,2026-09-14 14:05:17.000000,BR_009,0,normal
TXN_003564,ACC_10029,32195.87,TRANSFER,EXT_10164,2026-09-14 14:06:33.000000,BR_009,0,normal
TXN_003565,ACC_10009,500.0,CREDIT,EXT_10014,2026-09-14 14:06:53.000000,BR_006,0,normal
TXN_003566,ACC_10035,19090.96,TRANSFER,EXT_10196,2026-09-14 14:08:58.000000,BR_009,0,normal
TXN_003567,ACC_10004,5336.56,DEBIT,EXT_10325,2026-09-14 14:11:35.000000,BR_009,0,normal
TXN_003568,ACC_10025,687.54,CREDIT,EXT_10222,2026-09-14 14:18:59.000000,BR_009,0,normal
TXN_003569,ACC_10006,1542.03,CREDIT,EXT_10186,2026-09-14 14:21:58.000000,BR_009,0,normal
TXN_003570,ACC_10045,728.67,TRANSFER,EXT_10451,2026-09-14 14:23:47.000000,BR_009,0,normal
TXN_003571,ACC_10025,3115.25,DEBIT,EXT_10349,2026-09-14 14:24:44.000000,BR_009,0,normal
TXN_003572,ACC_10030,1826.61,PAYMENT,EXT_10476,2026-09-14 14:25:18.000000,BR_009,0,normal
TXN_003573,ACC_10027,7160.47,CREDIT,EXT_10285,2026-09-14 14:26:18.000000,BR_009,0,normal
TXN_003574,ACC_10034,512.65,CREDIT,EXT_10116,2026-09-14 14:28:07.000000,BR_009,0,normal
TXN_003575,ACC_10045,658.38,CREDIT,EXT_10100,2026-09-14 14:29:26.000000,BR_009,0,normal
TXN_003576,ACC_10037,2361.72,TRANSFER,EXT_10049,2026-09-14 14:34:59.000000,BR_009,0,normal
TXN_003577,ACC_10018,2405.84,DEBIT,EXT_10058,2026-09-14 14:35:39.000000,BR_009,0,normal
TXN_003578,ACC_10030,3989.67,CREDIT,EXT_10123,2026-09-14 14:36:51.000000,BR_009,0,normal
TXN_003579,ACC_10037,2579.22,TRANSFER,EXT_10071,2026-09-14 14:38:11.000000,BR_009,0,normal
TXN_003580,ACC_10022,2280.73,TRANSFER,EXT_10199,2026-09-14 14:38:53.000000,BR_009,0,normal
TXN_003581,ACC_10035,1217.29,DEBIT,EXT_10158,2026-09-14 14:40:13.000000,BR_009,0,normal
TXN_003582,ACC_10046,3833.22,TRANSFER,EXT_10276,2026-09-14 14:44:19.000000,BR_009,0,normal
TXN_003583,ACC_10027,500.0,DEBIT,EXT_10308,2026-09-14 14:47:29.000000,BR_009,0,normal
TXN_003584,ACC_10042,46818.05,DEBIT,EXT_10365,2026-09-14 14:49:04.000000,BR_009,0,normal
TXN_003585,ACC_10043,4113.94,CREDIT,EXT_10417,2026-09-14 14:50:44.000000,BR_009,0,normal
TXN_003586,ACC_10029,2780.6,CREDIT,EXT_10496,2026-09-14 14:54:25.000000,BR_009,0,normal
TXN_003587,ACC_10025,2531.15,DEBIT,EXT_10399,2026-09-14 14:54:44.000000,BR_009,0,normal
TXN_003588,ACC_10038,829.41,TRANSFER,EXT_10005,2026-09-14 14:55:34.000000,BR_009,0,normal
TXN_003589,ACC_10020,6703.09,CREDIT,EXT_10465,2026-09-14 14:55:44.000000,BR_009,0,normal
TXN_003590,ACC_10000,88441.73,DEBIT,EXT_10462,2026-09-14 14:58:13.000000,BR_009,0,normal
TXN_003591,ACC_10030,500.0,PAYMENT,EXT_10319,2026-09-14 15:04:09.000000,BR_009,0,normal
TXN_003592,ACC_10023,130150.64,TRANSFER,EXT_10043,2026-09-14 15:04:23.000000,BR_009,0,normal
TXN_003593,ACC_10000,37456.82,TRANSFER,EXT_10243,2026-09-14 15:08:13.000000,BR_009,0,normal
TXN_003594,ACC_10000,12088.37,PAYMENT,EXT_10018,2026-09-14 15:08:17.000000,BR_009,0,normal
TXN_003595,ACC_10034,35279.73,DEBIT,EXT_10317,2026-09-14 15:13:23.000000,BR_009,0,normal
TXN_003596,ACC_10001,3962.35,TRANSFER,EXT_10456,2026-09-14 15:14:12.000000,BR_009,0,normal
TXN_003597,ACC_10013,47611.31,TRANSFER,EXT_10382,2026-09-14 15:19:52.000000,BR_006,0,normal
TXN_003598,ACC_10028,500.0,PAYMENT,EXT_10267,2026-09-14 15:23:25.000000,BR_006,0,normal
TXN_003599,ACC_10040,4111.61,DEBIT,EXT_10144,2026-09-14 15:28:13.000000,BR_009,0,normal
TXN_003600,ACC_10039,604.41,CREDIT,EXT_10366,2026-09-14 15:28:56.000000,BR_009,0,normal
TXN_003601,ACC_10022,2115.38,DEBIT,EXT_10118,2026-09-14 15:29:28.000000,BR_009,0,normal
TXN_003602,ACC_10039,4117.63,CREDIT,EXT_10422,2026-09-14 15:32:17.000000,BR_009,0,normal
TXN_003603,ACC_10022,626.46,CREDIT,EXT_10364,2026-09-14 15:33:24.000000,BR_009,0,normal
TXN_003604,ACC_10036,1239.19,CREDIT,EXT_10385,2026-09-14 15:35:28.000000,BR_009,0,normal
TXN_003605,ACC_10030,500.0,CREDIT,EXT_10460,2026-09-14 15:37:21.000000,BR_009,0,normal
TXN_003606,ACC_10003,4371.5,TRANSFER,EXT_10453,2026-09-14 15:38:34.000000,BR_009,0,normal
TXN_003607,ACC_10037,2910.98,DEBIT,EXT_10343,2026-09-14 15:38:42.000000,BR_009,0,normal
TXN_003608,ACC_10023,1691.16,TRANSFER,EXT_10200,2026-09-14 15:39:46.000000,BR_009,0,normal
TXN_003609,ACC_10032,18166.77,DEBIT,EXT_10122,2026-09-14 15:41:54.000000,BR_009,0,normal
TXN_003610,ACC_10006,1499.58,PAYMENT,EXT_10472,2026-09-14 15:45:26.000000,BR_009,0,normal
TXN_003611,ACC_10030,13589.38,DEBIT,EXT_10172,2026-09-14 15:47:31.000000,BR_009,0,normal
TXN_003612,ACC_10027,2700.16,TRANSFER,EXT_10143,2026-09-14 15:48:37.000000,BR_009,0,normal
TXN_003613,ACC_10043,12230.07,TRANSFER,EXT_10436,2026-09-14 15:49:38.000000,BR_009,0,normal
TXN_003614,ACC_10042,5424.23,DEBIT,EXT_10178,2026-09-14 15:51:13.000000,BR_009,0,normal
TXN_003615,ACC_10001,1234.41,PAYMENT,EXT_10077,2026-09-14 15:52:25.000000,BR_009,0,normal
TXN_003616,ACC_10019,4794.35,CREDIT,EXT_10359,2026-09-14 15:56:45.000000,BR_009,0,normal
TXN_003617,ACC_10003,651.97,CREDIT,EXT_10259,2026-09-14 16:09:28.000000,BR_009,0,normal
TXN_003618,ACC_10035,500.0,TRANSFER,EXT_10190,2026-09-14 16:11:07.000000,BR_009,0,normal
TXN_003619,ACC_10006,2963.28,CREDIT,EXT_10306,2026-09-14 16:12:21.000000,BR_009,0,normal
TXN_003620,ACC_10034,9201.25,TRANSFER,EXT_10420,2026-09-14 16:12:52.000000,BR_009,0,normal
TXN_003621,ACC_10030,70320.93,TRANSFER,EXT_10411,2026-09-14 16:16:05.000000,BR_009,0,normal
TXN_003622,ACC_10015,862.59,CREDIT,EXT_10196,2026-09-14 16:16:37.000000,BR_009,0,normal
TXN_003623,ACC_10037,661.56,TRANSFER,EXT_10454,2026-09-14 16:17:35.000000,BR_009,0,normal
TXN_003624,ACC_10034,9991.59,PAYMENT,EXT_10185,2026-09-14 16:20:46.000000,BR_009,0,normal
TXN_003625,ACC_10023,1893.17,TRANSFER,EXT_10397,2026-09-14 16:23:31.000000,BR_009,0,normal
TXN_003626,ACC_10002,1327.47,CREDIT,EXT_10250,2026-09-14 16:31:22.000000,BR_009,0,normal
TXN_003627,ACC_10011,4906.89,CREDIT,EXT_10145,2026-09-14 16:31:45.000000,BR_009,0,normal
TXN_003628,ACC_10024,12485.14,CREDIT,EXT_10396,2026-09-14 16:32:36.000000,BR_009,0,normal
TXN_003629,ACC_10018,1162.22,PAYMENT,EXT_10080,2026-09-14 16:32:53.000000,BR_009,0,normal
TXN_003630,ACC_10047,18843.67,DEBIT,EXT_10491,2026-09-14 16:33:47.000000,BR_009,0,normal
TXN_003631,ACC_10049,2785.13,TRANSFER,EXT_10107,2026-09-14 16:33:53.000000,BR_006,0,normal
TXN_003632,ACC_10008,1358.23,CREDIT,EXT_10127,2026-09-14 16:34:28.000000,BR_009,0,normal
TXN_003633,ACC_10048,10080.71,TRANSFER,EXT_10234,2026-09-14 16:38:29.000000,BR_009,0,normal
TXN_003634,ACC_10034,780.7,DEBIT,EXT_10378,2026-09-14 16:38:59.000000,BR_009,0,normal
TXN_003635,ACC_10003,3043.12,PAYMENT,EXT_10305,2026-09-14 16:50:47.000000,BR_009,0,normal
TXN_003636,ACC_10030,500.0,TRANSFER,EXT_10460,2026-09-14 16:54:13.000000,BR_009,0,normal
TXN_003637,ACC_10025,5744.57,DEBIT,EXT_10448,2026-09-14 16:56:41.000000,BR_009,0,normal
TXN_003638,ACC_10036,649.3,TRANSFER,EXT_10356,2026-09-14 17:05:35.000000,BR_009,0,normal
TXN_003639,ACC_10029,3400.45,TRANSFER,EXT_10456,2026-09-14 17:06:04.000000,BR_009,0,normal
TXN_003640,ACC_10036,29259.73,DEBIT,EXT_10390,2026-09-14 17:09:10.000000,BR_009,0,normal
TXN_003641,ACC_10024,5289.94,TRANSFER,EXT_10287,2026-09-14 17:11:12.000000,BR_009,0,normal
TXN_003642,ACC_10044,7433.18,CREDIT,EXT_10363,2026-09-14 17:11:42.000000,BR_009,0,normal
TXN_003643,ACC_10003,2453.81,CREDIT,EXT_10485,2026-09-14 17:11:56.000000,BR_009,0,normal
TXN_003644,ACC_10021,1928.18,DEBIT,EXT_10083,2026-09-14 17:16:26.000000,BR_009,0,normal
TXN_003645,ACC_10022,7307.88,CREDIT,EXT_10069,2026-09-14 17:16:44.000000,BR_009,0,normal
TXN_003646,ACC_10042,6586.37,TRANSFER,EXT_10057,2026-09-14 17:18:30.000000,BR_009,0,normal
TXN_003647,ACC_10015,1483.85,DEBIT,EXT_10491,2026-09-14 17:20:27.000000,BR_009,0,normal
TXN_003648,ACC_10001,18175.23,TRANSFER,EXT_10409,2026-09-14 17:26:26.000000,BR_009,0,normal
TXN_003649,ACC_10024,5500.78,TRANSFER,EXT_10022,2026-09-14 17:26:56.000000,BR_009,0,normal
TXN_003650,ACC_10033,4399.09,DEBIT,EXT_10058,2026-09-14 17:29:15.000000,BR_009,0,normal
TXN_003651,ACC_10001,1443.32,CREDIT,EXT_10370,2026-09-14 17:29:53.000000,BR_009,0,normal
TXN_003652,ACC_10013,4817.42,DEBIT,EXT_10437,2026-09-14 17:33:37.000000,BR_006,0,normal
TXN_003653,ACC_10049,1822.58,DEBIT,EXT_10391,2026-09-14 17:34:11.000000,BR_006,0,normal
TXN_003654,ACC_10024,38707.55,TRANSFER,EXT_10296,2026-09-14 17:39:43.000000,BR_009,0,normal
TXN_003655,ACC_10030,3896.79,PAYMENT,EXT_10435,2026-09-14 17:43:15.000000,BR_009,0,normal
TXN_003656,ACC_10023,117668.52,DEBIT,EXT_10178,2026-09-14 17:46:52.000000,BR_009,0,normal
TXN_003657,ACC_10024,987.69,DEBIT,EXT_10239,2026-09-14 17:47:54.000000,BR_009,0,normal
TXN_003658,ACC_10029,1975.4,CREDIT,EXT_10186,2026-09-14 17:48:31.000000,BR_009,0,normal
TXN_003659,ACC_10022,706.2,TRANSFER,EXT_10489,2026-09-14 17:49:06.000000,BR_009,0,normal
TXN_003660,ACC_10022,7440.17,CREDIT,EXT_10109,2026-09-14 17:53:48.000000,BR_009,0,normal
TXN_003661,ACC_10046,500.0,TRANSFER,EXT_10218,2026-09-14 17:57:40.000000,BR_009,0,normal
TXN_003662,ACC_10044,1893.15,TRANSFER,EXT_10344,2026-09-14 17:58:19.000000,BR_009,0,normal
TXN_003663,ACC_10011,166785.71,TRANSFER,EXT_10282,2026-09-15 02:21:14.984250,BR_009,1,temporal_link
TXN_003664,ACC_10007,80395.58,TRANSFER,EXT_10245,2026-09-15 02:21:58.797643,BR_009,1,temporal_link
TXN_003665,ACC_10039,149344.24,TRANSFER,EXT_10313,2026-09-15 02:26:41.718946,BR_009,1,temporal_link
TXN_003666,ACC_10041,188286.39,TRANSFER,EXT_10289,2026-09-15 02:27:30.777686,BR_009,1,temporal_link
TXN_003667,ACC_10013,8165.99,CREDIT,EXT_10112,2026-09-15 09:01:57.000000,BR_006,0,normal
TXN_003668,ACC_10029,5115.53,DEBIT,EXT_10489,2026-09-15 09:02:27.000000,BR_009,0,normal
TXN_003669,ACC_10036,2869.98,TRANSFER,EXT_10280,2026-09-15 09:05:09.000000,BR_009,0,normal
TXN_003670,ACC_10001,1506.41,TRANSFER,EXT_10310,2026-09-15 09:06:34.000000,BR_009,0,normal
TXN_003671,ACC_10014,16804.01,DEBIT,EXT_10312,2026-09-15 09:07:23.000000,BR_006,0,normal
TXN_003672,ACC_10034,1368.31,DEBIT,EXT_10080,2026-09-15 09:10:24.000000,BR_009,0,normal
TXN_003673,ACC_10008,743.27,DEBIT,EXT_10431,2026-09-15 09:11:54.000000,BR_009,0,normal
TXN_003674,ACC_10039,8714.88,CREDIT,EXT_10187,2026-09-15 09:13:10.000000,BR_009,0,normal
TXN_003675,ACC_10021,10937.9,CREDIT,EXT_10040,2026-09-15 09:14:17.000000,BR_009,0,normal
TXN_003676,ACC_10045,691.3,TRANSFER,EXT_10217,2026-09-15 09:15:08.000000,BR_009,0,normal
TXN_003677,ACC_10029,9200.26,DEBIT,EXT_10396,2026-09-15 09:16:50.000000,BR_009,0,normal
TXN_003678,ACC_10022,11626.28,TRANSFER,EXT_10051,2026-09-15 09:16:56.000000,BR_009,0,normal
TXN_003679,ACC_10001,10182.49,CREDIT,EXT_10309,2026-09-15 09:18:15.000000,BR_009,0,normal
TXN_003680,ACC_10020,2006.46,DEBIT,EXT_10487,2026-09-15 09:21:08.000000,BR_009,0,normal
TXN_003681,ACC_10023,1864.9,TRANSFER,EXT_10281,2026-09-15 09:24:22.000000,BR_009,0,normal
TXN_003682,ACC_10018,5320.31,TRANSFER,EXT_10337,2026-09-15 09:27:35.000000,BR_009,0,normal
TXN_003683,ACC_10009,6860.32,DEBIT,EXT_10017,2026-09-15 09:30:34.000000,BR_006,0,normal
TXN_003684,ACC_10020,504.47,CREDIT,EXT_10290,2026-09-15 09:32:54.000000,BR_009,0,normal
TXN_003685,ACC_10040,1799.55,PAYMENT,EXT_10007,2026-09-15 09:34:30.000000,BR_009,0,normal
TXN_003686,ACC_10040,2719.12,DEBIT,EXT_10489,2026-09-15 09:35:07.000000,BR_009,0,normal
TXN_003687,ACC_10026,3232.72,DEBIT,EXT_10425,2026-09-15 09:35:37.000000,BR_009,0,normal
TXN_003688,ACC_10001,2930.24,CREDIT,EXT_10405,2026-09-15 09:36:40.000000,BR_009,0,normal
TXN_003689,ACC_10031,561.62,DEBIT,EXT_10477,2026-09-15 09:39:50.000000,BR_009,0,normal
TXN_003690,ACC_10023,5234.28,DEBIT,EXT_10167,2026-09-15 09:40:36.000000,BR_009,0,normal
TXN_003691,ACC_10029,500.0,PAYMENT,EXT_10269,2026-09-15 09:41:06.000000,BR_009,0,normal
TXN_003692,ACC_10023,19256.43,DEBIT,EXT_10419,2026-09-15 09:42:35.000000,BR_009,0,normal
TXN_003693,ACC_10020,9249.1,PAYMENT,EXT_10013,2026-09-15 09:42:46.000000,BR_009,0,normal
TXN_003694,ACC_10040,21114.79,PAYMENT,EXT_10062,2026-09-15 09:43:23.000000,BR_009,0,normal
TXN_003695,ACC_10021,3156.02,CREDIT,EXT_10001,2026-09-15 09:44:57.000000,BR_009,0,normal
TXN_003696,ACC_10004,500.0,DEBIT,EXT_10172,2026-09-15 09:46:05.000000,BR_009,0,normal
TXN_003697,ACC_10025,2586.85,DEBIT,EXT_10497,2026-09-15 09:52:41.000000,BR_009,0,normal
TXN_003698,ACC_10020,15696.42,TRANSFER,EXT_10087,2026-09-15 09:53:27.000000,BR_009,0,normal
TXN_003699,ACC_10004,3740.73,DEBIT,EXT_10142,2026-09-15 09:55:39.000000,BR_009,0,normal
TXN_003700,ACC_10021,500.0,DEBIT,EXT_10346,2026-09-15 09:56:59.000000,BR_009,0,normal
TXN_003701,ACC_10025,47288.08,TRANSFER,EXT_10456,2026-09-15 10:03:56.000000,BR_009,0,normal
TXN_003702,ACC_10031,90966.56,CREDIT,EXT_10030,2026-09-15 10:12:38.000000,BR_009,0,normal
TXN_003703,ACC_10030,500.0,DEBIT,EXT_10244,2026-09-15 10:12:41.000000,BR_009,0,normal
TXN_003704,ACC_10048,4366.59,TRANSFER,EXT_10349,2026-09-15 10:13:59.000000,BR_009,0,normal
TXN_003705,ACC_10013,976.11,TRANSFER,EXT_10297,2026-09-15 10:16:45.000000,BR_006,0,normal
TXN_003706,ACC_10017,43579.62,DEBIT,EXT_10307,2026-09-15 10:17:52.000000,BR_009,0,normal
TXN_003707,ACC_10043,538.74,DEBIT,EXT_10160,2026-09-15 10:20:35.000000,BR_009,0,normal
TXN_003708,ACC_10002,1062.36,TRANSFER,EXT_10350,2026-09-15 10:22:16.000000,BR_009,0,normal
TXN_003709,ACC_10048,19761.19,DEBIT,EXT_10138,2026-09-15 10:25:44.000000,BR_009,0,normal
TXN_003710,ACC_10018,13528.4,DEBIT,EXT_10078,2026-09-15 10:27:27.000000,BR_009,0,normal
TXN_003711,ACC_10010,8551.54,DEBIT,EXT_10111,2026-09-15 10:29:28.000000,BR_006,0,normal
TXN_003712,ACC_10037,13487.96,DEBIT,EXT_10217,2026-09-15 10:29:49.000000,BR_009,0,normal
TXN_003713,ACC_10034,3427.39,DEBIT,EXT_10468,2026-09-15 10:35:08.000000,BR_009,0,normal
TXN_003714,ACC_10025,68242.82,TRANSFER,EXT_10259,2026-09-15 10:41:00.000000,BR_009,0,normal
TXN_003715,ACC_10011,1424.07,CREDIT,EXT_10349,2026-09-15 10:42:48.000000,BR_009,0,normal
TXN_003716,ACC_10049,5275.01,PAYMENT,EXT_10057,2026-09-15 10:44:49.000000,BR_006,0,normal
TXN_003717,ACC_10033,7485.8,DEBIT,EXT_10291,2026-09-15 10:45:32.000000,BR_009,0,normal
TXN_003718,ACC_10044,5161.47,CREDIT,EXT_10349,2026-09-15 10:47:05.000000,BR_009,0,normal
TXN_003719,ACC_10046,180594.13,CREDIT,EXT_10007,2026-09-15 10:47:49.000000,BR_009,0,normal
TXN_003720,ACC_10046,46833.11,TRANSFER,EXT_10130,2026-09-15 10:48:29.000000,BR_009,1,structuring
TXN_003721,ACC_10022,2399.67,TRANSFER,EXT_10006,2026-09-15 10:48:47.000000,BR_009,0,normal
TXN_003722,ACC_10033,8923.9,CREDIT,EXT_10411,2026-09-15 10:49:02.000000,BR_009,0,normal
TXN_003723,ACC_10046,38887.98,TRANSFER,EXT_10440,2026-09-15 10:49:29.000000,BR_009,1,structuring
TXN_003724,ACC_10001,4031.91,CREDIT,EXT_10456,2026-09-15 10:54:22.000000,BR_009,0,normal
TXN_003725,ACC_10016,2075.37,DEBIT,EXT_10019,2026-09-15 10:54:27.000000,BR_009,0,normal
TXN_003726,ACC_10033,19533.35,DEBIT,EXT_10364,2026-09-15 10:56:44.000000,BR_009,0,normal
TXN_003727,ACC_10004,11244.63,DEBIT,EXT_10488,2026-09-15 10:57:23.000000,BR_009,0,normal
TXN_003728,ACC_10046,8915.83,DEBIT,EXT_10411,2026-09-15 10:58:46.000000,BR_009,0,normal
TXN_003729,ACC_10033,579.19,TRANSFER,EXT_10043,2026-09-15 11:01:49.000000,BR_009,0,normal
TXN_003730,ACC_10021,1934.47,TRANSFER,EXT_10142,2026-09-15 11:05:33.000000,BR_009,0,normal
TXN_003731,ACC_10000,10061.67,PAYMENT,EXT_10179,2026-09-15 11:07:28.000000,BR_009,0,normal
TXN_003732,ACC_10017,2207.77,TRANSFER,EXT_10011,2026-09-15 11:08:06.000000,BR_009,0,normal
TXN_003733,ACC_10028,3666.22,TRANSFER,EXT_10343,2026-09-15 11:08:35.000000,BR_006,0,normal
TXN_003734,ACC_10032,942.73,DEBIT,EXT_10151,2026-09-15 11:09:27.000000,BR_009,0,normal
TXN_003735,ACC_10033,17436.95,TRANSFER,EXT_10075,2026-09-15 11:10:02.000000,BR_009,0,normal
TXN_003736,ACC_10029,4131.43,PAYMENT,EXT_10245,2026-09-15 11:10:16.000000,BR_009,0,normal
TXN_003737,ACC_10024,5593.4,DEBIT,EXT_10270,2026-09-15 11:12:30.000000,BR_009,0,normal
TXN_003738,ACC_10029,9045.35,TRANSFER,EXT_10347,2026-09-15 11:14:50.000000,BR_009,0,normal
TXN_003739,ACC_10043,16759.21,DEBIT,EXT_10134,2026-09-15 11:15:21.000000,BR_009,0,normal
TXN_003740,ACC_10026,2083.13,DEBIT,EXT_10323,2026-09-15 11:17:01.000000,BR_009,0,normal
TXN_003741,ACC_10032,3474.36,CREDIT,EXT_10463,2026-09-15 11:18:00.000000,BR_009,0,normal
TXN_003742,ACC_10023,3544.72,CREDIT,EXT_10368,2026-09-15 11:22:53.000000,BR_009,0,normal
TXN_003743,ACC_10005,16983.5,DEBIT,EXT_10307,2026-09-15 11:22:59.000000,BR_009,0,normal
TXN_003744,ACC_10004,4257.66,PAYMENT,EXT_10244,2026-09-15 11:23:22.000000,BR_009,0,normal
TXN_003745,ACC_10046,666.28,TRANSFER,EXT_10025,2026-09-15 11:25:51.000000,BR_009,0,normal
TXN_003746,ACC_10049,6012.97,DEBIT,EXT_10399,2026-09-15 11:28:04.000000,BR_006,0,normal
TXN_003747,ACC_10046,3016.47,CREDIT,EXT_10302,2026-09-15 11:32:02.000000,BR_009,0,normal
TXN_003748,ACC_10046,34812.34,TRANSFER,EXT_10181,2026-09-15 11:32:29.000000,BR_009,1,structuring
TXN_003749,ACC_10033,5091.08,DEBIT,EXT_10238,2026-09-15 11:43:00.000000,BR_009,0,normal
TXN_003750,ACC_10031,4975.68,DEBIT,EXT_10289,2026-09-15 11:43:54.000000,BR_009,0,normal
TXN_003751,ACC_10001,9862.78,DEBIT,EXT_10270,2026-09-15 11:44:26.000000,BR_009,0,normal
TXN_003752,ACC_10023,7210.89,CREDIT,EXT_10260,2026-09-15 11:45:45.000000,BR_009,0,normal
TXN_003753,ACC_10005,4924.52,TRANSFER,EXT_10492,2026-09-15 11:51:19.000000,BR_009,0,normal
TXN_003754,ACC_10031,732.54,DEBIT,EXT_10149,2026-09-15 11:54:06.000000,BR_009,0,normal
TXN_003755,ACC_10013,9951.83,DEBIT,EXT_10100,2026-09-15 11:58:29.000000,BR_006,0,normal
TXN_003756,ACC_10034,6810.84,TRANSFER,EXT_10236,2026-09-15 11:58:57.000000,BR_009,0,normal
TXN_003757,ACC_10004,17055.25,TRANSFER,EXT_10305,2026-09-15 11:59:57.000000,BR_009,0,normal
TXN_003758,ACC_10046,31912.84,TRANSFER,EXT_10062,2026-09-15 12:00:29.000000,BR_009,1,structuring
TXN_003759,ACC_10049,3948.48,PAYMENT,EXT_10372,2026-09-15 12:02:23.000000,BR_006,0,normal
TXN_003760,ACC_10044,761.23,DEBIT,EXT_10011,2026-09-15 12:08:26.000000,BR_009,0,normal
TXN_003761,ACC_10045,4987.37,TRANSFER,EXT_10427,2026-09-15 12:08:39.000000,BR_009,0,normal
TXN_003762,ACC_10026,3813.76,DEBIT,EXT_10390,2026-09-15 12:12:54.000000,BR_009,0,normal
TXN_003763,ACC_10025,1584.61,TRANSFER,EXT_10116,2026-09-15 12:13:26.000000,BR_009,0,normal
TXN_003764,ACC_10033,905.78,DEBIT,EXT_10402,2026-09-15 12:17:27.000000,BR_009,0,normal
TXN_003765,ACC_10046,33764.19,TRANSFER,EXT_10222,2026-09-15 12:19:29.000000,BR_009,1,structuring
TXN_003766,ACC_10044,1741.58,PAYMENT,EXT_10004,2026-09-15 12:19:58.000000,BR_009,0,normal
TXN_003767,ACC_10025,7572.26,CREDIT,EXT_10060,2026-09-15 12:21:16.000000,BR_009,0,normal
TXN_003768,ACC_10030,969.9,CREDIT,EXT_10001,2026-09-15 12:21:33.000000,BR_009,0,normal
TXN_003769,ACC_10004,51322.32,DEBIT,EXT_10197,2026-09-15 12:22:48.000000,BR_009,0,normal
TXN_003770,ACC_10013,3427.85,CREDIT,EXT_10179,2026-09-15 12:23:10.000000,BR_006,0,normal
TXN_003771,ACC_10002,50097.21,DEBIT,EXT_10401,2026-09-15 12:24:51.000000,BR_009,0,normal
TXN_003772,ACC_10005,5370.59,DEBIT,EXT_10090,2026-09-15 12:25:02.000000,BR_009,0,normal
TXN_003773,ACC_10043,2825.41,TRANSFER,EXT_10203,2026-09-15 12:26:41.000000,BR_009,0,normal
TXN_003774,ACC_10030,8503.36,TRANSFER,EXT_10356,2026-09-15 12:26:58.000000,BR_009,0,normal
TXN_003775,ACC_10026,500.0,DEBIT,EXT_10239,2026-09-15 12:26:59.000000,BR_009,0,normal
TXN_003776,ACC_10038,715.46,TRANSFER,EXT_10104,2026-09-15 12:28:54.000000,BR_009,0,normal
TXN_003777,ACC_10002,500.0,DEBIT,EXT_10363,2026-09-15 12:30:18.000000,BR_009,0,normal
TXN_003778,ACC_10004,3331.97,PAYMENT,EXT_10292,2026-09-15 12:32:06.000000,BR_009,0,normal
TXN_003779,ACC_10000,500.0,PAYMENT,EXT_10047,2026-09-15 12:33:58.000000,BR_009,0,normal
TXN_003780,ACC_10010,1530.41,TRANSFER,EXT_10457,2026-09-15 12:34:03.000000,BR_006,0,normal
TXN_003781,ACC_10039,22237.35,CREDIT,EXT_10202,2026-09-15 12:35:33.000000,BR_009,0,normal
TXN_003782,ACC_10017,5381.34,DEBIT,EXT_10186,2026-09-15 12:37:41.000000,BR_009,0,normal
TXN_003783,ACC_10015,5313.11,DEBIT,EXT_10189,2026-09-15 12:37:46.000000,BR_009,0,normal
TXN_003784,ACC_10000,3864.18,DEBIT,EXT_10205,2026-09-15 12:38:29.000000,BR_009,0,normal
TXN_003785,ACC_10045,929.02,TRANSFER,EXT_10488,2026-09-15 12:38:42.000000,BR_009,0,normal
TXN_003786,ACC_10031,2715.44,DEBIT,EXT_10110,2026-09-15 12:40:22.000000,BR_009,0,normal
TXN_003787,ACC_10022,20980.6,DEBIT,EXT_10421,2026-09-15 12:40:32.000000,BR_009,0,normal
TXN_003788,ACC_10008,11341.44,CREDIT,EXT_10322,2026-09-15 12:40:33.000000,BR_009,0,normal
TXN_003789,ACC_10002,5905.37,TRANSFER,EXT_10455,2026-09-15 12:40:53.000000,BR_009,0,normal
TXN_003790,ACC_10041,500.0,TRANSFER,EXT_10475,2026-09-15 12:41:42.000000,BR_009,0,normal
TXN_003791,ACC_10001,1587.51,DEBIT,EXT_10414,2026-09-15 12:43:15.000000,BR_009,0,normal
TXN_003792,ACC_10023,3536.95,TRANSFER,EXT_10040,2026-09-15 12:44:49.000000,BR_009,0,normal
TXN_003793,ACC_10027,2104.25,PAYMENT,EXT_10145,2026-09-15 12:46:01.000000,BR_009,0,normal
TXN_003794,ACC_10045,500.0,TRANSFER,EXT_10210,2026-09-15 12:46:31.000000,BR_009,0,normal
TXN_003795,ACC_10023,5442.98,DEBIT,EXT_10424,2026-09-15 12:47:00.000000,BR_009,0,normal
TXN_003796,ACC_10045,7656.98,CREDIT,EXT_10221,2026-09-15 12:48:55.000000,BR_009,0,normal
TXN_003797,ACC_10029,563.24,TRANSFER,EXT_10409,2026-09-15 12:49:48.000000,BR_009,0,normal
TXN_003798,ACC_10021,2702.85,CREDIT,EXT_10305,2026-09-15 12:49:56.000000,BR_009,0,normal
TXN_003799,ACC_10025,2092.99,CREDIT,EXT_10267,2026-09-15 12:51:03.000000,BR_009,0,normal
TXN_003800,ACC_10020,1634.63,DEBIT,EXT_10334,2026-09-15 12:52:07.000000,BR_009,0,normal
TXN_003801,ACC_10039,5939.99,TRANSFER,EXT_10271,2026-09-15 12:53:25.000000,BR_009,0,normal
TXN_003802,ACC_10028,19066.68,CREDIT,EXT_10218,2026-09-15 12:59:49.000000,BR_006,0,normal
TXN_003803,ACC_10037,7268.21,PAYMENT,EXT_10148,2026-09-15 13:00:26.000000,BR_009,0,normal
TXN_003804,ACC_10029,1193.78,DEBIT,EXT_10171,2026-09-15 13:03:13.000000,BR_009,0,normal
TXN_003805,ACC_10025,19856.16,DEBIT,EXT_10364,2026-09-15 13:04:17.000000,BR_009,0,normal
TXN_003806,ACC_10042,7679.81,DEBIT,EXT_10262,2026-09-15 13:10:28.000000,BR_009,0,normal
TXN_003807,ACC_10034,44734.64,TRANSFER,EXT_10476,2026-09-15 13:13:08.000000,BR_009,0,normal
TXN_003808,ACC_10027,911.08,DEBIT,EXT_10484,2026-09-15 13:15:13.000000,BR_009,0,normal
TXN_003809,ACC_10024,107090.2,CREDIT,EXT_10002,2026-09-15 13:15:37.000000,BR_009,0,normal
TXN_003810,ACC_10019,784.28,DEBIT,EXT_10489,2026-09-15 13:16:49.000000,BR_009,0,normal
TXN_003811,ACC_10011,1482.2,PAYMENT,EXT_10347,2026-09-15 13:16:50.000000,BR_009,0,normal
TXN_003812,ACC_10020,144590.08,DEBIT,EXT_10140,2026-09-15 13:23:36.000000,BR_009,0,normal
TXN_003813,ACC_10027,1333.0,DEBIT,EXT_10244,2026-09-15 13:24:21.000000,BR_009,0,normal
TXN_003814,ACC_10001,6162.05,TRANSFER,EXT_10442,2026-09-15 13:30:21.000000,BR_009,0,normal
TXN_003815,ACC_10019,12000.95,TRANSFER,EXT_10308,2026-09-15 13:32:01.000000,BR_009,0,normal
TXN_003816,ACC_10048,8397.27,PAYMENT,EXT_10012,2026-09-15 13:44:51.000000,BR_009,0,normal
TXN_003817,ACC_10046,6434.38,TRANSFER,EXT_10166,2026-09-15 13:44:57.000000,BR_009,0,normal
TXN_003818,ACC_10036,50742.52,TRANSFER,EXT_10282,2026-09-15 13:46:22.000000,BR_009,0,normal
TXN_003819,ACC_10045,1293.53,DEBIT,EXT_10328,2026-09-15 13:47:40.000000,BR_009,0,normal
TXN_003820,ACC_10044,2735.94,CREDIT,EXT_10309,2026-09-15 13:47:59.000000,BR_009,0,normal
TXN_003821,ACC_10033,1819.52,PAYMENT,EXT_10229,2026-09-15 13:50:04.000000,BR_009,0,normal
TXN_003822,ACC_10023,5164.13,TRANSFER,EXT_10027,2026-09-15 13:50:35.000000,BR_009,0,normal
TXN_003823,ACC_10015,1461.49,CREDIT,EXT_10400,2026-09-15 13:51:22.000000,BR_009,0,normal
TXN_003824,ACC_10041,822.74,TRANSFER,EXT_10435,2026-09-15 13:51:30.000000,BR_009,0,normal
TXN_003825,ACC_10024,17563.96,DEBIT,EXT_10441,2026-09-15 13:54:18.000000,BR_009,0,normal
TXN_003826,ACC_10021,15249.36,TRANSFER,EXT_10446,2026-09-15 13:54:25.000000,BR_009,0,normal
TXN_003827,ACC_10017,10563.4,TRANSFER,EXT_10192,2026-09-15 13:56:33.000000,BR_009,0,normal
TXN_003828,ACC_10030,500.0,TRANSFER,EXT_10021,2026-09-15 13:57:36.000000,BR_009,0,normal
TXN_003829,ACC_10026,500.0,DEBIT,EXT_10196,2026-09-15 13:57:40.000000,BR_009,0,normal
TXN_003830,ACC_10047,20114.27,DEBIT,EXT_10471,2026-09-15 14:00:14.000000,BR_009,0,normal
TXN_003831,ACC_10037,54929.26,CREDIT,EXT_10309,2026-09-15 14:00:48.000000,BR_009,0,normal
TXN_003832,ACC_10014,8125.18,PAYMENT,EXT_10300,2026-09-15 14:11:40.000000,BR_006,0,normal
TXN_003833,ACC_10023,49958.37,TRANSFER,EXT_10207,2026-09-15 14:11:45.000000,BR_009,0,normal
TXN_003834,ACC_10011,30817.67,TRANSFER,EXT_10198,2026-09-15 14:12:24.000000,BR_009,0,normal
TXN_003835,ACC_10036,32002.19,TRANSFER,EXT_10422,2026-09-15 14:13:49.000000,BR_009,0,normal
TXN_003836,ACC_10037,500.0,CREDIT,EXT_10187,2026-09-15 14:23:18.000000,BR_009,0,normal
TXN_003837,ACC_10001,2295.56,DEBIT,EXT_10403,2026-09-15 14:28:12.000000,BR_009,0,normal
TXN_003838,ACC_10015,2091.18,DEBIT,EXT_10335,2026-09-15 14:29:29.000000,BR_009,0,normal
TXN_003839,ACC_10001,3088.88,CREDIT,EXT_10232,2026-09-15 14:31:27.000000,BR_009,0,normal
TXN_003840,ACC_10008,3967.53,PAYMENT,EXT_10052,2026-09-15 14:33:06.000000,BR_009,0,normal
TXN_003841,ACC_10011,500.0,DEBIT,EXT_10121,2026-09-15 14:38:07.000000,BR_009,0,normal
TXN_003842,ACC_10027,1763.77,CREDIT,EXT_10214,2026-09-15 14:39:24.000000,BR_009,0,normal
TXN_003843,ACC_10029,1253.36,CREDIT,EXT_10043,2026-09-15 14:42:52.000000,BR_009,0,normal
TXN_003844,ACC_10040,4847.97,TRANSFER,EXT_10367,2026-09-15 14:45:10.000000,BR_009,0,normal
TXN_003845,ACC_10017,18076.09,CREDIT,EXT_10104,2026-09-15 14:45:28.000000,BR_009,0,normal
TXN_003846,ACC_10005,4290.18,TRANSFER,EXT_10168,2026-09-15 14:47:33.000000,BR_009,0,normal
TXN_003847,ACC_10039,1987.25,PAYMENT,EXT_10002,2026-09-15 14:48:34.000000,BR_009,0,normal
TXN_003848,ACC_10036,5126.91,TRANSFER,EXT_10025,2026-09-15 14:49:00.000000,BR_009,0,normal
TXN_003849,ACC_10036,596.58,DEBIT,EXT_10009,2026-09-15 14:51:05.000000,BR_009,0,normal
TXN_003850,ACC_10042,1269.43,CREDIT,EXT_10297,2026-09-15 14:51:09.000000,BR_009,0,normal
TXN_003851,ACC_10045,1601.4,TRANSFER,EXT_10280,2026-09-15 14:54:24.000000,BR_009,0,normal
TXN_003852,ACC_10000,1285.17,TRANSFER,EXT_10362,2026-09-15 15:01:05.000000,BR_009,0,normal
TXN_003853,ACC_10022,1711.2,DEBIT,EXT_10098,2026-09-15 15:03:16.000000,BR_009,0,normal
TXN_003854,ACC_10039,10778.26,DEBIT,EXT_10257,2026-09-15 15:04:56.000000,BR_009,0,normal
TXN_003855,ACC_10009,3158.41,PAYMENT,EXT_10339,2026-09-15 15:06:51.000000,BR_006,0,normal
TXN_003856,ACC_10004,579.01,DEBIT,EXT_10097,2026-09-15 15:07:25.000000,BR_009,0,normal
TXN_003857,ACC_10037,7461.43,PAYMENT,EXT_10230,2026-09-15 15:10:29.000000,BR_009,0,normal
TXN_003858,ACC_10040,5662.31,TRANSFER,EXT_10491,2026-09-15 15:11:46.000000,BR_009,0,normal
TXN_003859,ACC_10006,6364.03,TRANSFER,EXT_10454,2026-09-15 15:16:28.000000,BR_009,0,normal
TXN_003860,ACC_10045,10771.83,CREDIT,EXT_10047,2026-09-15 15:17:01.000000,BR_009,0,normal
TXN_003861,ACC_10010,542.41,TRANSFER,EXT_10126,2026-09-15 15:17:29.000000,BR_006,0,normal
TXN_003862,ACC_10008,1705.5,DEBIT,EXT_10152,2026-09-15 15:18:29.000000,BR_009,0,normal
TXN_003863,ACC_10031,4145.69,DEBIT,EXT_10429,2026-09-15 15:18:42.000000,BR_009,0,normal
TXN_003864,ACC_10016,2238.3,DEBIT,EXT_10385,2026-09-15 15:19:15.000000,BR_009,0,normal
TXN_003865,ACC_10015,30772.54,CREDIT,EXT_10493,2026-09-15 15:32:27.000000,BR_009,0,normal
TXN_003866,ACC_10022,569.06,TRANSFER,EXT_10206,2026-09-15 15:32:48.000000,BR_009,0,normal
TXN_003867,ACC_10020,6350.65,DEBIT,EXT_10247,2026-09-15 15:33:33.000000,BR_009,0,normal
TXN_003868,ACC_10004,500.0,DEBIT,EXT_10253,2026-09-15 15:34:51.000000,BR_009,0,normal
TXN_003869,ACC_10027,1159.82,CREDIT,EXT_10010,2026-09-15 15:35:42.000000,BR_009,0,normal
TXN_003870,ACC_10014,7904.35,DEBIT,EXT_10250,2026-09-15 15:38:58.000000,BR_006,0,normal
TXN_003871,ACC_10042,8563.46,CREDIT,EXT_10334,2026-09-15 15:41:00.000000,BR_009,0,normal
TXN_003872,ACC_10048,4417.14,TRANSFER,EXT_10386,2026-09-15 15:42:11.000000,BR_009,0,normal
TXN_003873,ACC_10023,1759.27,DEBIT,EXT_10372,2026-09-15 15:42:28.000000,BR_009,0,normal
TXN_003874,ACC_10049,500.0,DEBIT,EXT_10326,2026-09-15 15:43:16.000000,BR_006,0,normal
TXN_003875,ACC_10033,11660.09,DEBIT,EXT_10442,2026-09-15 15:46:50.000000,BR_009,0,normal
TXN_003876,ACC_10022,2360.41,CREDIT,EXT_10205,2026-09-15 15:49:43.000000,BR_009,0,normal
TXN_003877,ACC_10042,1859.14,TRANSFER,EXT_10131,2026-09-15 15:52:12.000000,BR_009,0,normal
TXN_003878,ACC_10044,706.11,DEBIT,EXT_10220,2026-09-15 15:53:44.000000,BR_009,0,normal
TXN_003879,ACC_10036,500.0,DEBIT,EXT_10412,2026-09-15 15:55:31.000000,BR_009,0,normal
TXN_003880,ACC_10014,2609.2,TRANSFER,EXT_10203,2026-09-15 16:00:40.000000,BR_006,0,normal
TXN_003881,ACC_10011,1422.2,CREDIT,EXT_10488,2026-09-15 16:05:59.000000,BR_009,0,normal
TXN_003882,ACC_10032,6371.03,TRANSFER,EXT_10086,2026-09-15 16:07:14.000000,BR_009,0,normal
TXN_003883,ACC_10036,30559.95,TRANSFER,EXT_10308,2026-09-15 16:07:56.000000,BR_009,0,normal
TXN_003884,ACC_10034,69643.42,DEBIT,EXT_10397,2026-09-15 16:09:27.000000,BR_009,0,normal
TXN_003885,ACC_10017,5099.8,CREDIT,EXT_10435,2026-09-15 16:09:36.000000,BR_009,0,normal
TXN_003886,ACC_10035,1484.34,DEBIT,EXT_10236,2026-09-15 16:10:05.000000,BR_009,0,normal
TXN_003887,ACC_10006,3396.03,DEBIT,EXT_10477,2026-09-15 16:11:58.000000,BR_009,0,normal
TXN_003888,ACC_10023,500.0,TRANSFER,EXT_10431,2026-09-15 16:17:57.000000,BR_009,0,normal
TXN_003889,ACC_10027,11358.84,DEBIT,EXT_10042,2026-09-15 16:20:12.000000,BR_009,0,normal
TXN_003890,ACC_10039,2530.03,PAYMENT,EXT_10214,2026-09-15 16:22:41.000000,BR_009,0,normal
TXN_003891,ACC_10023,6095.77,TRANSFER,EXT_10181,2026-09-15 16:26:19.000000,BR_009,0,normal
TXN_003892,ACC_10027,3603.88,DEBIT,EXT_10351,2026-09-15 16:28:21.000000,BR_009,0,normal
TXN_003893,ACC_10030,1462.81,CREDIT,EXT_10156,2026-09-15 16:29:02.000000,BR_009,0,normal
TXN_003894,ACC_10023,615.75,CREDIT,EXT_10394,2026-09-15 16:32:08.000000,BR_009,0,normal
TXN_003895,ACC_10043,1569.05,DEBIT,EXT_10062,2026-09-15 16:32:42.000000,BR_009,0,normal
TXN_003896,ACC_10014,10216.43,DEBIT,EXT_10477,2026-09-15 16:34:06.000000,BR_006,0,normal
TXN_003897,ACC_10014,500.0,TRANSFER,EXT_10150,2026-09-15 16:36:22.000000,BR_006,0,normal
TXN_003898,ACC_10039,17324.78,TRANSFER,EXT_10076,2026-09-15 16:37:38.000000,BR_009,0,normal
TXN_003899,ACC_10008,500.0,DEBIT,EXT_10439,2026-09-15 16:37:46.000000,BR_009,0,normal
TXN_003900,ACC_10030,639.01,PAYMENT,EXT_10096,2026-09-15 16:39:22.000000,BR_009,0,normal
TXN_003901,ACC_10034,3042.15,TRANSFER,EXT_10316,2026-09-15 16:47:01.000000,BR_009,0,normal
TXN_003902,ACC_10046,2953.4,DEBIT,EXT_10323,2026-09-15 16:48:21.000000,BR_009,0,normal
TXN_003903,ACC_10001,500.0,DEBIT,EXT_10351,2026-09-15 16:49:12.000000,BR_009,0,normal
TXN_003904,ACC_10008,1121.84,DEBIT,EXT_10010,2026-09-15 16:50:22.000000,BR_009,0,normal
TXN_003905,ACC_10048,12659.63,CREDIT,EXT_10096,2026-09-15 16:50:28.000000,BR_009,0,normal
TXN_003906,ACC_10044,500.0,TRANSFER,EXT_10333,2026-09-15 16:51:12.000000,BR_009,0,normal
TXN_003907,ACC_10024,10272.28,CREDIT,EXT_10286,2026-09-15 16:59:11.000000,BR_009,0,normal
TXN_003908,ACC_10041,9880.56,TRANSFER,EXT_10201,2026-09-15 17:05:39.000000,BR_009,0,normal
TXN_003909,ACC_10029,9548.45,DEBIT,EXT_10008,2026-09-15 17:07:49.000000,BR_009,0,normal
TXN_003910,ACC_10023,5408.4,DEBIT,EXT_10097,2026-09-15 17:09:24.000000,BR_009,0,normal
TXN_003911,ACC_10028,8748.37,DEBIT,EXT_10079,2026-09-15 17:11:12.000000,BR_006,0,normal
TXN_003912,ACC_10044,5481.44,TRANSFER,EXT_10224,2026-09-15 17:12:50.000000,BR_009,0,normal
TXN_003913,ACC_10027,2535.73,DEBIT,EXT_10075,2026-09-15 17:13:02.000000,BR_009,0,normal
TXN_003914,ACC_10029,13624.98,DEBIT,EXT_10256,2026-09-15 17:15:05.000000,BR_009,0,normal
TXN_003915,ACC_10039,6513.39,CREDIT,EXT_10067,2026-09-15 17:18:33.000000,BR_009,0,normal
TXN_003916,ACC_10040,1319.57,CREDIT,EXT_10113,2026-09-15 17:23:01.000000,BR_009,0,normal
TXN_003917,ACC_10042,1911.0,DEBIT,EXT_10361,2026-09-15 17:23:18.000000,BR_009,0,normal
TXN_003918,ACC_10012,2163.34,TRANSFER,EXT_10214,2026-09-15 17:25:42.000000,BR_009,0,normal
TXN_003919,ACC_10048,2139.76,DEBIT,EXT_10145,2026-09-15 17:27:34.000000,BR_009,0,normal
TXN_003920,ACC_10001,3820.51,DEBIT,EXT_10179,2026-09-15 17:35:41.000000,BR_009,0,normal
TXN_003921,ACC_10039,1220.8,DEBIT,EXT_10353,2026-09-15 17:36:17.000000,BR_009,0,normal
TXN_003922,ACC_10048,500.0,DEBIT,EXT_10357,2026-09-15 17:43:38.000000,BR_009,0,normal
TXN_003923,ACC_10002,5024.31,CREDIT,EXT_10443,2026-09-15 17:47:02.000000,BR_009,0,normal
TXN_003924,ACC_10044,6159.77,DEBIT,EXT_10314,2026-09-15 17:49:22.000000,BR_009,0,normal
TXN_003925,ACC_10029,24872.21,CREDIT,EXT_10367,2026-09-15 17:50:21.000000,BR_009,0,normal
TXN_003926,ACC_10002,43443.62,CREDIT,EXT_10236,2026-09-15 17:51:57.000000,BR_009,0,normal
TXN_003927,ACC_10030,6195.91,DEBIT,EXT_10290,2026-09-15 17:54:07.000000,BR_009,0,normal
TXN_003928,ACC_10002,5860.23,DEBIT,EXT_10411,2026-09-15 17:55:55.000000,BR_009,0,normal
TXN_003929,ACC_10030,4310.82,TRANSFER,EXT_10144,2026-09-15 17:59:59.000000,BR_009,0,normal
TXN_003930,ACC_10025,876.51,CREDIT,EXT_10445,2026-09-16 09:00:33.000000,BR_009,0,normal
TXN_003931,ACC_10021,2463.37,CREDIT,EXT_10343,2026-09-16 09:04:23.000000,BR_009,0,normal
TXN_003932,ACC_10019,1066.2,DEBIT,EXT_10457,2026-09-16 09:05:03.000000,BR_009,0,normal
TXN_003933,ACC_10034,1266.82,TRANSFER,EXT_10222,2026-09-16 09:06:09.000000,BR_009,0,normal
TXN_003934,ACC_10040,3736.08,CREDIT,EXT_10162,2026-09-16 09:10:03.000000,BR_009,0,normal
TXN_003935,ACC_10006,23656.47,DEBIT,EXT_10472,2026-09-16 09:13:48.000000,BR_009,0,normal
TXN_003936,ACC_10045,1944.74,DEBIT,EXT_10354,2026-09-16 09:14:40.000000,BR_009,0,normal
TXN_003937,ACC_10046,1816.46,DEBIT,EXT_10101,2026-09-16 09:17:23.000000,BR_009,0,normal
TXN_003938,ACC_10023,764.81,CREDIT,EXT_10134,2026-09-16 09:18:18.000000,BR_009,0,normal
TXN_003939,ACC_10048,10824.89,DEBIT,EXT_10316,2026-09-16 09:20:17.000000,BR_009,0,normal
TXN_003940,ACC_10045,2401.9,TRANSFER,EXT_10142,2026-09-16 09:20:34.000000,BR_009,0,normal
TXN_003941,ACC_10007,2333.68,TRANSFER,EXT_10273,2026-09-16 09:22:40.000000,BR_009,0,normal
TXN_003942,ACC_10007,2656.34,PAYMENT,EXT_10383,2026-09-16 09:25:36.000000,BR_009,0,normal
TXN_003943,ACC_10043,650.79,TRANSFER,EXT_10117,2026-09-16 09:25:39.000000,BR_009,0,normal
TXN_003944,ACC_10042,1037.99,DEBIT,EXT_10242,2026-09-16 09:28:15.000000,BR_009,0,normal
TXN_003945,ACC_10022,6709.31,DEBIT,EXT_10123,2026-09-16 09:28:45.000000,BR_009,0,normal
TXN_003946,ACC_10038,1990.08,TRANSFER,EXT_10438,2026-09-16 09:28:50.000000,BR_009,0,normal
TXN_003947,ACC_10007,3779.82,CREDIT,EXT_10178,2026-09-16 09:30:37.000000,BR_009,0,normal
TXN_003948,ACC_10001,989.16,TRANSFER,EXT_10333,2026-09-16 09:32:30.000000,BR_009,0,normal
TXN_003949,ACC_10021,5779.87,TRANSFER,EXT_10185,2026-09-16 09:32:56.000000,BR_009,0,normal
TXN_003950,ACC_10012,5281.64,PAYMENT,EXT_10187,2026-09-16 09:34:10.000000,BR_009,0,normal
TXN_003951,ACC_10028,1626.97,CREDIT,EXT_10054,2026-09-16 09:34:45.000000,BR_006,0,normal
TXN_003952,ACC_10045,15640.24,CREDIT,EXT_10008,2026-09-16 09:35:15.000000,BR_009,0,normal
TXN_003953,ACC_10013,7222.9,PAYMENT,EXT_10180,2026-09-16 09:35:15.000000,BR_006,0,normal
TXN_003954,ACC_10025,34024.63,TRANSFER,EXT_10370,2026-09-16 09:35:43.000000,BR_009,0,normal
TXN_003955,ACC_10030,4598.27,DEBIT,EXT_10321,2026-09-16 09:48:03.000000,BR_009,0,normal
TXN_003956,ACC_10033,4370.57,TRANSFER,EXT_10495,2026-09-16 09:48:07.000000,BR_009,0,normal
TXN_003957,ACC_10036,19566.39,TRANSFER,EXT_10337,2026-09-16 09:51:44.000000,BR_009,0,normal
TXN_003958,ACC_10018,16781.22,TRANSFER,EXT_10137,2026-09-16 09:54:28.000000,BR_009,0,normal
TXN_003959,ACC_10025,1119.18,DEBIT,EXT_10445,2026-09-16 09:56:01.000000,BR_009,0,normal
TXN_003960,ACC_10024,2620.53,DEBIT,EXT_10024,2026-09-16 09:58:08.000000,BR_009,0,normal
TXN_003961,ACC_10008,16449.74,DEBIT,EXT_10012,2026-09-16 10:01:12.000000,BR_009,0,normal
TXN_003962,ACC_10008,65776.76,CREDIT,EXT_10284,2026-09-16 10:02:04.000000,BR_009,0,normal
TXN_003963,ACC_10017,1713.59,DEBIT,EXT_10214,2026-09-16 10:04:24.000000,BR_009,0,normal
TXN_003964,ACC_10027,744.66,DEBIT,EXT_10256,2026-09-16 10:06:10.000000,BR_009,0,normal
TXN_003965,ACC_10045,500.0,DEBIT,EXT_10343,2026-09-16 10:07:31.000000,BR_009,0,normal
TXN_003966,ACC_10048,3596.27,TRANSFER,EXT_10472,2026-09-16 10:10:47.000000,BR_009,0,normal
TXN_003967,ACC_10029,2196.17,PAYMENT,EXT_10237,2026-09-16 10:15:14.000000,BR_009,0,normal
TXN_003968,ACC_10034,12746.82,CREDIT,EXT_10448,2026-09-16 10:16:17.000000,BR_009,0,normal
TXN_003969,ACC_10035,36953.91,TRANSFER,EXT_10380,2026-09-16 10:16:21.000000,BR_009,0,normal
TXN_003970,ACC_10042,500.0,TRANSFER,EXT_10147,2026-09-16 10:18:38.000000,BR_009,0,normal
TXN_003971,ACC_10020,3075.47,TRANSFER,EXT_10233,2026-09-16 10:18:59.000000,BR_009,0,normal
TXN_003972,ACC_10036,95050.76,PAYMENT,EXT_10473,2026-09-16 10:19:11.000000,BR_009,0,normal
TXN_003973,ACC_10018,4856.9,CREDIT,EXT_10316,2026-09-16 10:20:37.000000,BR_009,0,normal
TXN_003974,ACC_10008,2876.64,CREDIT,EXT_10423,2026-09-16 10:22:22.000000,BR_009,0,normal
TXN_003975,ACC_10002,7072.89,DEBIT,EXT_10272,2026-09-16 10:23:58.000000,BR_009,0,normal
TXN_003976,ACC_10044,7554.43,DEBIT,EXT_10337,2026-09-16 10:27:24.000000,BR_009,0,normal
TXN_003977,ACC_10036,2343.89,TRANSFER,EXT_10487,2026-09-16 10:28:04.000000,BR_009,0,normal
TXN_003978,ACC_10044,800.62,DEBIT,EXT_10392,2026-09-16 10:28:53.000000,BR_009,0,normal
TXN_003979,ACC_10031,5981.02,PAYMENT,EXT_10148,2026-09-16 10:29:51.000000,BR_009,0,normal
TXN_003980,ACC_10003,35684.61,CREDIT,EXT_10099,2026-09-16 10:30:52.000000,BR_009,0,normal
TXN_003981,ACC_10037,843.18,DEBIT,EXT_10182,2026-09-16 10:31:18.000000,BR_009,0,normal
TXN_003982,ACC_10024,500.0,TRANSFER,EXT_10300,2026-09-16 10:32:00.000000,BR_009,0,normal
TXN_003983,ACC_10025,500.0,CREDIT,EXT_10081,2026-09-16 10:32:05.000000,BR_009,0,normal
TXN_003984,ACC_10039,5089.59,TRANSFER,EXT_10492,2026-09-16 10:32:20.000000,BR_009,0,normal
TXN_003985,ACC_10043,500.0,DEBIT,EXT_10349,2026-09-16 10:36:09.000000,BR_009,0,normal
TXN_003986,ACC_10003,6007.23,TRANSFER,EXT_10289,2026-09-16 10:36:19.000000,BR_009,0,normal
TXN_003987,ACC_10009,97906.88,DEBIT,EXT_10248,2026-09-16 10:41:50.000000,BR_006,0,normal
TXN_003988,ACC_10027,1158.66,DEBIT,EXT_10316,2026-09-16 10:42:58.000000,BR_009,0,normal
TXN_003989,ACC_10003,766.1,DEBIT,EXT_10053,2026-09-16 10:43:34.000000,BR_009,0,normal
TXN_003990,ACC_10024,2492.93,CREDIT,EXT_10413,2026-09-16 10:46:06.000000,BR_009,0,normal
TXN_003991,ACC_10004,11670.85,TRANSFER,EXT_10416,2026-09-16 10:46:27.000000,BR_009,0,normal
TXN_003992,ACC_10005,1684.89,TRANSFER,EXT_10333,2026-09-16 10:48:17.000000,BR_009,0,normal
TXN_003993,ACC_10024,27687.72,CREDIT,EXT_10317,2026-09-16 10:53:27.000000,BR_009,0,normal
TXN_003994,ACC_10024,918.19,DEBIT,EXT_10131,2026-09-16 10:57:11.000000,BR_009,0,normal
TXN_003995,ACC_10011,2500.38,TRANSFER,EXT_10028,2026-09-16 10:57:49.000000,BR_009,0,normal
TXN_003996,ACC_10019,2969.02,DEBIT,EXT_10089,2026-09-16 10:57:59.000000,BR_009,0,normal
TXN_003997,ACC_10037,17669.33,TRANSFER,EXT_10355,2026-09-16 10:58:29.000000,BR_009,0,normal
TXN_003998,ACC_10013,937.11,PAYMENT,EXT_10314,2026-09-16 10:59:55.000000,BR_006,0,normal
TXN_003999,ACC_10008,1235.44,PAYMENT,EXT_10064,2026-09-16 11:02:17.000000,BR_009,0,normal
TXN_004000,ACC_10002,500.0,CREDIT,EXT_10236,2026-09-16 11:04:06.000000,BR_009,0,normal
TXN_004001,ACC_10004,26748.81,DEBIT,EXT_10251,2026-09-16 11:04:17.000000,BR_009,0,normal
TXN_004002,ACC_10032,3887.23,CREDIT,EXT_10152,2026-09-16 11:06:25.000000,BR_009,0,normal
TXN_004003,ACC_10042,500.0,DEBIT,EXT_10303,2026-09-16 11:07:16.000000,BR_009,0,normal
TXN_004004,ACC_10026,1613.17,DEBIT,EXT_10067,2026-09-16 11:07:20.000000,BR_009,0,normal
TXN_004005,ACC_10036,6090.84,TRANSFER,EXT_10065,2026-09-16 11:09:31.000000,BR_009,0,normal
TXN_004006,ACC_10005,12746.74,DEBIT,EXT_10054,2026-09-16 11:10:12.000000,BR_009,0,normal
TXN_004007,ACC_10022,3092.65,TRANSFER,EXT_10156,2026-09-16 11:11:44.000000,BR_009,0,normal
TXN_004008,ACC_10027,7652.0,DEBIT,EXT_10310,2026-09-16 11:14:11.000000,BR_009,0,normal
TXN_004009,ACC_10031,2232.97,DEBIT,EXT_10419,2026-09-16 11:15:36.000000,BR_009,0,normal
TXN_004010,ACC_10046,704.77,PAYMENT,EXT_10151,2026-09-16 11:15:51.000000,BR_009,0,normal
TXN_004011,ACC_10034,2924.2,TRANSFER,EXT_10337,2026-09-16 11:16:49.000000,BR_009,0,normal
TXN_004012,ACC_10032,1496.99,CREDIT,EXT_10237,2026-09-16 11:17:16.000000,BR_009,0,normal
TXN_004013,ACC_10041,11070.99,PAYMENT,EXT_10152,2026-09-16 11:18:42.000000,BR_009,0,normal
TXN_004014,ACC_10027,500.0,CREDIT,EXT_10209,2026-09-16 11:20:29.000000,BR_009,0,normal
TXN_004015,ACC_10038,676.69,DEBIT,EXT_10326,2026-09-16 11:20:58.000000,BR_009,0,normal
TXN_004016,ACC_10021,4726.96,DEBIT,EXT_10462,2026-09-16 11:27:33.000000,BR_009,0,normal
TXN_004017,ACC_10003,15988.43,TRANSFER,EXT_10351,2026-09-16 11:28:30.000000,BR_009,0,normal
TXN_004018,ACC_10028,500.0,TRANSFER,EXT_10000,2026-09-16 11:31:13.000000,BR_006,0,normal
TXN_004019,ACC_10018,11296.78,DEBIT,EXT_10214,2026-09-16 11:31:19.000000,BR_009,0,normal
TXN_004020,ACC_10042,5014.29,TRANSFER,EXT_10281,2026-09-16 11:32:53.000000,BR_009,0,normal
TXN_004021,ACC_10024,805.24,CREDIT,EXT_10416,2026-09-16 11:34:13.000000,BR_009,0,normal
TXN_004022,ACC_10042,1479.82,TRANSFER,EXT_10153,2026-09-16 11:35:27.000000,BR_009,0,normal
TXN_004023,ACC_10021,500.0,DEBIT,EXT_10137,2026-09-16 11:36:16.000000,BR_009,0,normal
TXN_004024,ACC_10022,1446.16,DEBIT,EXT_10024,2026-09-16 11:44:39.000000,BR_009,0,normal
TXN_004025,ACC_10049,63074.45,PAYMENT,EXT_10055,2026-09-16 11:46:34.000000,BR_006,0,normal
TXN_004026,ACC_10030,22555.37,DEBIT,EXT_10385,2026-09-16 11:47:10.000000,BR_009,0,normal
TXN_004027,ACC_10043,500.0,DEBIT,EXT_10300,2026-09-16 11:51:04.000000,BR_009,0,normal
TXN_004028,ACC_10033,8021.4,DEBIT,EXT_10256,2026-09-16 11:51:48.000000,BR_009,0,normal
TXN_004029,ACC_10003,4496.93,CREDIT,EXT_10193,2026-09-16 11:54:03.000000,BR_009,0,normal
TXN_004030,ACC_10036,3408.33,TRANSFER,EXT_10026,2026-09-16 11:56:06.000000,BR_009,0,normal
TXN_004031,ACC_10001,25156.52,TRANSFER,EXT_10281,2026-09-16 11:56:26.000000,BR_009,0,normal
TXN_004032,ACC_10007,4574.59,DEBIT,EXT_10152,2026-09-16 11:57:08.000000,BR_009,0,normal
TXN_004033,ACC_10036,10444.47,CREDIT,EXT_10101,2026-09-16 11:58:53.000000,BR_009,0,normal
TXN_004034,ACC_10005,6081.33,TRANSFER,EXT_10373,2026-09-16 12:04:12.000000,BR_009,0,normal
TXN_004035,ACC_10045,12328.55,CREDIT,EXT_10045,2026-09-16 12:05:06.000000,BR_009,0,normal
TXN_004036,ACC_10000,8272.34,DEBIT,EXT_10395,2026-09-16 12:10:14.000000,BR_009,0,normal
TXN_004037,ACC_10042,2149.54,TRANSFER,EXT_10216,2026-09-16 12:13:55.000000,BR_009,0,normal
TXN_004038,ACC_10015,500.0,DEBIT,EXT_10019,2026-09-16 12:15:04.000000,BR_009,0,normal
TXN_004039,ACC_10005,1449.77,CREDIT,EXT_10391,2026-09-16 12:15:25.000000,BR_009,0,normal
TXN_004040,ACC_10007,28041.86,DEBIT,EXT_10144,2026-09-16 12:15:32.000000,BR_009,0,normal
TXN_004041,ACC_10016,500.0,DEBIT,EXT_10190,2026-09-16 12:19:13.000000,BR_009,0,normal
TXN_004042,ACC_10010,3980.81,CREDIT,EXT_10198,2026-09-16 12:19:58.000000,BR_006,0,normal
TXN_004043,ACC_10045,10919.57,PAYMENT,EXT_10218,2026-09-16 12:20:11.000000,BR_009,0,normal
TXN_004044,ACC_10040,506.0,CREDIT,EXT_10217,2026-09-16 12:20:20.000000,BR_009,0,normal
TXN_004045,ACC_10014,2222.03,CREDIT,EXT_10371,2026-09-16 12:21:15.000000,BR_006,0,normal
TXN_004046,ACC_10022,524.86,PAYMENT,EXT_10475,2026-09-16 12:21:18.000000,BR_009,0,normal
TXN_004047,ACC_10003,1961.9,DEBIT,EXT_10020,2026-09-16 12:25:16.000000,BR_009,0,normal
TXN_004048,ACC_10040,3400.49,TRANSFER,EXT_10106,2026-09-16 12:26:59.000000,BR_009,0,normal
TXN_004049,ACC_10030,3383.82,TRANSFER,EXT_10022,2026-09-16 12:31:46.000000,BR_009,0,normal
TXN_004050,ACC_10000,36745.69,CREDIT,EXT_10453,2026-09-16 12:34:51.000000,BR_009,0,normal
TXN_004051,ACC_10011,13092.66,DEBIT,EXT_10166,2026-09-16 12:35:15.000000,BR_009,0,normal
TXN_004052,ACC_10031,1369.1,DEBIT,EXT_10071,2026-09-16 12:38:38.000000,BR_009,0,normal
TXN_004053,ACC_10009,3640.06,DEBIT,EXT_10069,2026-09-16 12:39:03.000000,BR_006,0,normal
TXN_004054,ACC_10002,5029.15,CREDIT,EXT_10432,2026-09-16 12:39:10.000000,BR_009,0,normal
TXN_004055,ACC_10045,11971.98,CREDIT,EXT_10087,2026-09-16 12:42:14.000000,BR_009,0,normal
TXN_004056,ACC_10031,5009.21,TRANSFER,EXT_10133,2026-09-16 12:43:52.000000,BR_009,0,normal
TXN_004057,ACC_10029,7841.99,DEBIT,EXT_10106,2026-09-16 12:46:35.000000,BR_009,0,normal
TXN_004058,ACC_10006,24078.0,CREDIT,EXT_10195,2026-09-16 12:49:00.000000,BR_009,0,normal
TXN_004059,ACC_10001,4595.98,CREDIT,EXT_10020,2026-09-16 12:49:27.000000,BR_009,0,normal
TXN_004060,ACC_10034,3604.5,DEBIT,EXT_10006,2026-09-16 12:49:48.000000,BR_009,0,normal
TXN_004061,ACC_10007,2912.08,CREDIT,EXT_10119,2026-09-16 12:50:15.000000,BR_009,0,normal
TXN_004062,ACC_10030,1048.19,CREDIT,EXT_10064,2026-09-16 12:50:47.000000,BR_009,0,normal
TXN_004063,ACC_10008,7212.18,PAYMENT,EXT_10273,2026-09-16 12:55:30.000000,BR_009,0,normal
TXN_004064,ACC_10037,2633.83,DEBIT,EXT_10128,2026-09-16 12:55:41.000000,BR_009,0,normal
TXN_004065,ACC_10029,6845.82,CREDIT,EXT_10412,2026-09-16 12:56:56.000000,BR_009,0,normal
TXN_004066,ACC_10000,6903.61,DEBIT,EXT_10145,2026-09-16 13:02:21.000000,BR_009,0,normal
TXN_004067,ACC_10024,10208.73,PAYMENT,EXT_10018,2026-09-16 13:04:09.000000,BR_009,0,normal
TXN_004068,ACC_10036,55421.31,TRANSFER,EXT_10383,2026-09-16 13:05:29.000000,BR_009,0,normal
TXN_004069,ACC_10008,11832.32,CREDIT,EXT_10005,2026-09-16 13:06:10.000000,BR_009,0,normal
TXN_004070,ACC_10024,5251.12,PAYMENT,EXT_10022,2026-09-16 13:06:14.000000,BR_009,0,normal
TXN_004071,ACC_10018,1008.25,CREDIT,EXT_10108,2026-09-16 13:06:46.000000,BR_009,0,normal
TXN_004072,ACC_10007,25024.21,TRANSFER,EXT_10090,2026-09-16 13:08:56.000000,BR_009,0,normal
TXN_004073,ACC_10027,3225.6,CREDIT,EXT_10051,2026-09-16 13:09:54.000000,BR_009,0,normal
TXN_004074,ACC_10004,1018.18,DEBIT,EXT_10482,2026-09-16 13:10:12.000000,BR_009,0,normal
TXN_004075,ACC_10025,11185.82,CREDIT,EXT_10388,2026-09-16 13:10:22.000000,BR_009,0,normal
TXN_004076,ACC_10043,1371.79,TRANSFER,EXT_10244,2026-09-16 13:12:12.000000,BR_009,0,normal
TXN_004077,ACC_10029,5154.35,PAYMENT,EXT_10220,2026-09-16 13:12:53.000000,BR_009,0,normal
TXN_004078,ACC_10044,3425.1,TRANSFER,EXT_10394,2026-09-16 13:19:06.000000,BR_009,0,normal
TXN_004079,ACC_10020,2116.16,DEBIT,EXT_10244,2026-09-16 13:20:10.000000,BR_009,0,normal
TXN_004080,ACC_10048,7393.53,DEBIT,EXT_10090,2026-09-16 13:23:02.000000,BR_009,0,normal
TXN_004081,ACC_10049,4419.27,TRANSFER,EXT_10348,2026-09-16 13:29:16.000000,BR_006,0,normal
TXN_004082,ACC_10048,2023.01,CREDIT,EXT_10018,2026-09-16 13:31:19.000000,BR_009,0,normal
TXN_004083,ACC_10047,8667.27,TRANSFER,EXT_10481,2026-09-16 13:31:28.000000,BR_009,0,normal
TXN_004084,ACC_10045,666.65,DEBIT,EXT_10324,2026-09-16 13:37:36.000000,BR_009,0,normal
TXN_004085,ACC_10034,8970.35,TRANSFER,EXT_10297,2026-09-16 13:38:31.000000,BR_009,0,normal
TXN_004086,ACC_10048,3206.16,DEBIT,EXT_10343,2026-09-16 13:40:30.000000,BR_009,0,normal
TXN_004087,ACC_10016,4652.04,DEBIT,EXT_10005,2026-09-16 13:44:36.000000,BR_009,0,normal
TXN_004088,ACC_10026,2206.26,CREDIT,EXT_10315,2026-09-16 13:58:11.000000,BR_009,0,normal
TXN_004089,ACC_10049,27846.44,DEBIT,EXT_10390,2026-09-16 13:59:53.000000,BR_006,0,normal
TXN_004090,ACC_10001,863.93,DEBIT,EXT_10302,2026-09-16 14:00:42.000000,BR_009,0,normal
TXN_004091,ACC_10012,911.5,CREDIT,EXT_10237,2026-09-16 14:01:27.000000,BR_009,0,normal
TXN_004092,ACC_10033,3606.24,DEBIT,EXT_10187,2026-09-16 14:02:19.000000,BR_009,0,normal
TXN_004093,ACC_10026,42545.13,TRANSFER,EXT_10478,2026-09-16 14:03:19.000000,BR_009,0,normal
TXN_004094,ACC_10028,500.0,PAYMENT,EXT_10260,2026-09-16 14:03:54.000000,BR_006,0,normal
TXN_004095,ACC_10031,6178.75,CREDIT,EXT_10052,2026-09-16 14:05:19.000000,BR_009,0,normal
TXN_004096,ACC_10031,2074.93,DEBIT,EXT_10232,2026-09-16 14:05:57.000000,BR_009,0,normal
TXN_004097,ACC_10001,1809.19,DEBIT,EXT_10159,2026-09-16 14:10:47.000000,BR_009,0,normal
TXN_004098,ACC_10039,25031.08,PAYMENT,EXT_10009,2026-09-16 14:11:56.000000,BR_009,0,normal
TXN_004099,ACC_10039,936.59,TRANSFER,EXT_10219,2026-09-16 14:12:03.000000,BR_009,0,normal
TXN_004100,ACC_10039,1720.11,DEBIT,EXT_10047,2026-09-16 14:13:42.000000,BR_009,0,normal
TXN_004101,ACC_10039,893.66,CREDIT,EXT_10211,2026-09-16 14:15:17.000000,BR_009,0,normal
TXN_004102,ACC_10041,500.0,DEBIT,EXT_10236,2026-09-16 14:21:51.000000,BR_009,0,normal
TXN_004103,ACC_10022,2817.42,TRANSFER,EXT_10452,2026-09-16 14:22:18.000000,BR_009,0,normal
TXN_004104,ACC_10030,2029.79,CREDIT,EXT_10293,2026-09-16 14:23:22.000000,BR_009,0,normal
TXN_004105,ACC_10046,11742.89,CREDIT,EXT_10320,2026-09-16 14:30:17.000000,BR_009,0,normal
TXN_004106,ACC_10024,4346.8,DEBIT,EXT_10234,2026-09-16 14:34:19.000000,BR_009,0,normal
TXN_004107,ACC_10038,3729.86,TRANSFER,EXT_10484,2026-09-16 14:41:15.000000,BR_009,0,normal
TXN_004108,ACC_10011,500.0,TRANSFER,EXT_10432,2026-09-16 14:48:21.000000,BR_009,0,normal
TXN_004109,ACC_10000,1637.84,PAYMENT,EXT_10228,2026-09-16 14:50:08.000000,BR_009,0,normal
TXN_004110,ACC_10034,2123.06,DEBIT,EXT_10005,2026-09-16 14:50:16.000000,BR_009,0,normal
TXN_004111,ACC_10013,15483.74,TRANSFER,EXT_10294,2026-09-16 14:51:25.000000,BR_006,0,normal
TXN_004112,ACC_10042,9392.95,TRANSFER,EXT_10253,2026-09-16 14:52:05.000000,BR_009,0,normal
TXN_004113,ACC_10020,40768.87,DEBIT,EXT_10125,2026-09-16 14:54:02.000000,BR_009,0,normal
TXN_004114,ACC_10045,1140.38,DEBIT,EXT_10417,2026-09-16 14:55:18.000000,BR_009,0,normal
TXN_004115,ACC_10019,3404.69,TRANSFER,EXT_10265,2026-09-16 14:56:14.000000,BR_009,0,normal
TXN_004116,ACC_10046,12301.32,DEBIT,EXT_10028,2026-09-16 15:00:08.000000,BR_009,0,normal
TXN_004117,ACC_10008,4775.95,DEBIT,EXT_10283,2026-09-16 15:03:42.000000,BR_009,0,normal
TXN_004118,ACC_10036,1395.02,DEBIT,EXT_10295,2026-09-16 15:04:49.000000,BR_009,0,normal
TXN_004119,ACC_10001,14552.83,PAYMENT,EXT_10127,2026-09-16 15:07:05.000000,BR_009,0,normal
TXN_004120,ACC_10023,612.68,PAYMENT,EXT_10433,2026-09-16 15:08:15.000000,BR_009,0,normal
TXN_004121,ACC_10040,9060.73,TRANSFER,EXT_10468,2026-09-16 15:08:19.000000,BR_009,0,normal
TXN_004122,ACC_10040,2454.55,TRANSFER,EXT_10068,2026-09-16 15:08:57.000000,BR_009,0,normal
TXN_004123,ACC_10049,6075.17,PAYMENT,EXT_10288,2026-09-16 15:09:17.000000,BR_006,0,normal
TXN_004124,ACC_10029,2188.87,CREDIT,EXT_10178,2026-09-16 15:09:44.000000,BR_009,0,normal
TXN_004125,ACC_10002,2579.9,CREDIT,EXT_10468,2026-09-16 15:13:52.000000,BR_009,0,normal
TXN_004126,ACC_10036,3531.28,TRANSFER,EXT_10365,2026-09-16 15:14:01.000000,BR_009,0,normal
TXN_004127,ACC_10037,859.36,DEBIT,EXT_10062,2026-09-16 15:14:40.000000,BR_009,0,normal
TXN_004128,ACC_10004,500.0,TRANSFER,EXT_10370,2026-09-16 15:16:36.000000,BR_009,0,normal
TXN_004129,ACC_10031,1958.77,DEBIT,EXT_10221,2026-09-16 15:23:57.000000,BR_009,0,normal
TXN_004130,ACC_10035,4167.52,TRANSFER,EXT_10363,2026-09-16 15:24:01.000000,BR_009,0,normal
TXN_004131,ACC_10039,1242.74,DEBIT,EXT_10221,2026-09-16 15:25:46.000000,BR_009,0,normal
TXN_004132,ACC_10006,655.38,PAYMENT,EXT_10432,2026-09-16 15:26:47.000000,BR_009,0,normal
TXN_004133,ACC_10009,12981.83,TRANSFER,EXT_10145,2026-09-16 15:26:52.000000,BR_006,0,normal
TXN_004134,ACC_10042,9348.84,CREDIT,EXT_10411,2026-09-16 15:27:34.000000,BR_009,0,normal
TXN_004135,ACC_10045,48156.9,TRANSFER,EXT_10274,2026-09-16 15:29:15.000000,BR_009,0,normal
TXN_004136,ACC_10000,663.26,DEBIT,EXT_10397,2026-09-16 15:29:48.000000,BR_009,0,normal
TXN_004137,ACC_10029,767.7,CREDIT,EXT_10493,2026-09-16 15:30:50.000000,BR_009,0,normal
TXN_004138,ACC_10048,9570.82,TRANSFER,EXT_10200,2026-09-16 15:33:34.000000,BR_009,0,normal
TXN_004139,ACC_10037,6482.91,PAYMENT,EXT_10476,2026-09-16 15:33:46.000000,BR_009,0,normal
TXN_004140,ACC_10003,10108.54,DEBIT,EXT_10089,2026-09-16 15:35:50.000000,BR_009,0,normal
TXN_004141,ACC_10031,24701.67,TRANSFER,EXT_10387,2026-09-16 15:36:38.000000,BR_009,0,normal
TXN_004142,ACC_10030,889.9,CREDIT,EXT_10436,2026-09-16 15:38:59.000000,BR_009,0,normal
TXN_004143,ACC_10017,1583.04,PAYMENT,EXT_10026,2026-09-16 15:44:01.000000,BR_009,0,normal
TXN_004144,ACC_10001,620.79,TRANSFER,EXT_10222,2026-09-16 15:47:25.000000,BR_009,0,normal
TXN_004145,ACC_10040,500.0,TRANSFER,EXT_10427,2026-09-16 15:48:00.000000,BR_009,0,normal
TXN_004146,ACC_10044,19507.87,DEBIT,EXT_10459,2026-09-16 15:50:16.000000,BR_009,0,normal
TXN_004147,ACC_10036,4344.19,CREDIT,EXT_10297,2026-09-16 15:51:47.000000,BR_009,0,normal
TXN_004148,ACC_10022,500.0,CREDIT,EXT_10097,2026-09-16 15:53:02.000000,BR_009,0,normal
TXN_004149,ACC_10023,1327.52,DEBIT,EXT_10397,2026-09-16 15:55:03.000000,BR_009,0,normal
TXN_004150,ACC_10022,8536.89,DEBIT,EXT_10148,2026-09-16 15:55:27.000000,BR_009,0,normal
TXN_004151,ACC_10029,14808.36,PAYMENT,EXT_10244,2026-09-16 15:55:54.000000,BR_009,0,normal
TXN_004152,ACC_10049,3733.28,CREDIT,EXT_10291,2026-09-16 15:59:48.000000,BR_006,0,normal
TXN_004153,ACC_10034,11501.86,DEBIT,EXT_10402,2026-09-16 16:00:44.000000,BR_009,0,normal
TXN_004154,ACC_10018,7621.81,TRANSFER,EXT_10329,2026-09-16 16:03:59.000000,BR_009,0,normal
TXN_004155,ACC_10043,500.0,TRANSFER,EXT_10029,2026-09-16 16:06:16.000000,BR_009,0,normal
TXN_004156,ACC_10015,9211.37,TRANSFER,EXT_10322,2026-09-16 16:07:41.000000,BR_009,0,normal
TXN_004157,ACC_10028,2522.49,DEBIT,EXT_10357,2026-09-16 16:08:35.000000,BR_006,0,normal
TXN_004158,ACC_10010,1913.22,TRANSFER,EXT_10147,2026-09-16 16:09:07.000000,BR_006,0,normal
TXN_004159,ACC_10000,644.92,CREDIT,EXT_10444,2026-09-16 16:10:46.000000,BR_009,0,normal
TXN_004160,ACC_10027,4192.64,CREDIT,EXT_10423,2026-09-16 16:11:21.000000,BR_009,0,normal
TXN_004161,ACC_10039,2402.25,CREDIT,EXT_10393,2026-09-16 16:13:46.000000,BR_009,0,normal
TXN_004162,ACC_10036,538.14,CREDIT,EXT_10207,2026-09-16 16:14:58.000000,BR_009,0,normal
TXN_004163,ACC_10001,33759.8,TRANSFER,EXT_10322,2026-09-16 16:17:07.000000,BR_009,0,normal
TXN_004164,ACC_10024,958.08,CREDIT,EXT_10435,2026-09-16 16:17:33.000000,BR_009,0,normal
TXN_004165,ACC_10017,7216.85,PAYMENT,EXT_10384,2026-09-16 16:18:15.000000,BR_009,0,normal
TXN_004166,ACC_10003,500.0,DEBIT,EXT_10052,2026-09-16 16:19:49.000000,BR_009,0,normal
TXN_004167,ACC_10008,24910.35,TRANSFER,EXT_10300,2026-09-16 16:20:06.000000,BR_009,0,normal
TXN_004168,ACC_10037,9234.99,PAYMENT,EXT_10094,2026-09-16 16:29:33.000000,BR_009,0,normal
TXN_004169,ACC_10025,63997.29,DEBIT,EXT_10337,2026-09-16 16:31:10.000000,BR_009,0,normal
TXN_004170,ACC_10033,3650.44,TRANSFER,EXT_10351,2026-09-16 16:33:29.000000,BR_009,0,normal
TXN_004171,ACC_10013,5325.15,TRANSFER,EXT_10300,2026-09-16 16:35:53.000000,BR_006,0,normal
TXN_004172,ACC_10039,4998.25,DEBIT,EXT_10306,2026-09-16 16:36:16.000000,BR_009,0,normal
TXN_004173,ACC_10020,4815.48,TRANSFER,EXT_10007,2026-09-16 16:37:19.000000,BR_009,0,normal
TXN_004174,ACC_10033,672.43,TRANSFER,EXT_10423,2026-09-16 16:38:38.000000,BR_009,0,normal
TXN_004175,ACC_10032,2026.75,CREDIT,EXT_10415,2026-09-16 16:41:50.000000,BR_009,0,normal
TXN_004176,ACC_10019,3403.54,TRANSFER,EXT_10489,2026-09-16 16:42:07.000000,BR_009,0,normal
TXN_004177,ACC_10046,1803.53,DEBIT,EXT_10231,2026-09-16 16:50:17.000000,BR_009,0,normal
TXN_004178,ACC_10016,7423.06,CREDIT,EXT_10104,2026-09-16 16:52:39.000000,BR_009,0,normal
TXN_004179,ACC_10008,1186.04,CREDIT,EXT_10086,2026-09-16 16:55:44.000000,BR_009,0,normal
TXN_004180,ACC_10024,9214.11,TRANSFER,EXT_10212,2026-09-16 16:59:38.000000,BR_009,0,normal
TXN_004181,ACC_10030,571.03,TRANSFER,EXT_10215,2026-09-16 16:59:45.000000,BR_009,0,normal
TXN_004182,ACC_10023,10065.18,DEBIT,EXT_10035,2026-09-16 16:59:51.000000,BR_009,0,normal
TXN_004183,ACC_10045,18731.85,TRANSFER,EXT_10415,2026-09-16 17:01:24.000000,BR_009,0,normal
TXN_004184,ACC_10039,612.57,DEBIT,EXT_10180,2026-09-16 17:03:14.000000,BR_009,0,normal
TXN_004185,ACC_10046,7261.23,TRANSFER,EXT_10244,2026-09-16 17:03:24.000000,BR_009,0,normal
TXN_004186,ACC_10037,2443.1,TRANSFER,EXT_10122,2026-09-16 17:04:54.000000,BR_009,0,normal
TXN_004187,ACC_10025,141813.93,TRANSFER,EXT_10210,2026-09-16 17:04:55.000000,BR_009,0,normal
TXN_004188,ACC_10006,2516.01,DEBIT,EXT_10145,2026-09-16 17:07:05.000000,BR_009,0,normal
TXN_004189,ACC_10033,1597.52,CREDIT,EXT_10235,2026-09-16 17:16:11.000000,BR_009,0,normal
TXN_004190,ACC_10034,1364.4,DEBIT,EXT_10058,2026-09-16 17:17:13.000000,BR_009,0,normal
TXN_004191,ACC_10007,1104.35,DEBIT,EXT_10487,2026-09-16 17:18:30.000000,BR_009,0,normal
TXN_004192,ACC_10033,13174.11,CREDIT,EXT_10152,2026-09-16 17:20:44.000000,BR_009,0,normal
TXN_004193,ACC_10024,3006.56,CREDIT,EXT_10385,2026-09-16 17:21:18.000000,BR_009,0,normal
TXN_004194,ACC_10022,35745.06,DEBIT,EXT_10008,2026-09-16 17:21:36.000000,BR_009,0,normal
TXN_004195,ACC_10022,950.83,DEBIT,EXT_10080,2026-09-16 17:24:22.000000,BR_009,0,normal
TXN_004196,ACC_10031,3103.13,CREDIT,EXT_10408,2026-09-16 17:27:49.000000,BR_009,0,normal
TXN_004197,ACC_10035,28237.43,TRANSFER,EXT_10186,2026-09-16 17:28:58.000000,BR_009,0,normal
TXN_004198,ACC_10025,7552.36,CREDIT,EXT_10172,2026-09-16 17:29:42.000000,BR_009,0,normal
TXN_004199,ACC_10049,2427.74,DEBIT,EXT_10302,2026-09-16 17:30:25.000000,BR_006,0,normal
TXN_004200,ACC_10007,5144.05,DEBIT,EXT_10301,2026-09-16 17:31:50.000000,BR_009,0,normal
TXN_004201,ACC_10045,953.36,TRANSFER,EXT_10211,2026-09-16 17:34:21.000000,BR_009,0,normal
TXN_004202,ACC_10000,525.34,CREDIT,EXT_10404,2026-09-16 17:34:27.000000,BR_009,0,normal
TXN_004203,ACC_10034,12144.48,DEBIT,EXT_10260,2026-09-16 17:35:18.000000,BR_009,0,normal
TXN_004204,ACC_10042,500.0,TRANSFER,EXT_10443,2026-09-16 17:38:30.000000,BR_009,0,normal
TXN_004205,ACC_10021,11654.57,TRANSFER,EXT_10498,2026-09-16 17:40:39.000000,BR_009,0,normal
TXN_004206,ACC_10027,4086.09,DEBIT,EXT_10134,2026-09-16 17:41:18.000000,BR_009,0,normal
TXN_004207,ACC_10025,9329.52,DEBIT,EXT_10349,2026-09-16 17:41:21.000000,BR_009,0,normal
TXN_004208,ACC_10017,39151.38,CREDIT,EXT_10030,2026-09-16 17:41:38.000000,BR_009,0,normal
TXN_004209,ACC_10017,8221.53,TRANSFER,EXT_10113,2026-09-16 17:42:23.000000,BR_009,0,normal
TXN_004210,ACC_10004,118991.22,CREDIT,EXT_10250,2026-09-16 17:44:12.000000,BR_009,0,normal
TXN_004211,ACC_10001,69844.91,DEBIT,EXT_10185,2026-09-16 17:44:16.000000,BR_009,0,normal
TXN_004212,ACC_10001,13156.87,TRANSFER,EXT_10122,2026-09-16 17:46:47.000000,BR_009,0,normal
TXN_004213,ACC_10020,500.0,DEBIT,EXT_10394,2026-09-16 17:50:15.000000,BR_009,0,normal
TXN_004214,ACC_10040,3083.48,CREDIT,EXT_10280,2026-09-16 17:50:37.000000,BR_009,0,normal
TXN_004215,ACC_10022,3283.86,CREDIT,EXT_10467,2026-09-16 17:51:44.000000,BR_009,0,normal
TXN_004216,ACC_10045,11595.56,TRANSFER,EXT_10480,2026-09-16 17:56:53.000000,BR_009,0,normal
TXN_004217,ACC_10002,500.0,CREDIT,EXT_10140,2026-09-16 17:58:22.000000,BR_009,0,normal
TXN_004218,ACC_10026,2744.47,PAYMENT,EXT_10496,2026-09-17 09:04:33.000000,BR_009,0,normal
TXN_004219,ACC_10015,7828.52,CREDIT,EXT_10496,2026-09-17 09:08:42.000000,BR_009,0,normal
TXN_004220,ACC_10027,13543.15,TRANSFER,EXT_10268,2026-09-17 09:13:30.000000,BR_009,0,normal
TXN_004221,ACC_10018,29162.55,CREDIT,EXT_10290,2026-09-17 09:13:48.000000,BR_009,0,normal
TXN_004222,ACC_10036,1832.78,DEBIT,EXT_10274,2026-09-17 09:17:14.000000,BR_009,0,normal
TXN_004223,ACC_10036,66496.88,TRANSFER,EXT_10231,2026-09-17 09:17:39.000000,BR_009,0,normal
TXN_004224,ACC_10041,906.18,DEBIT,EXT_10417,2026-09-17 09:18:14.000000,BR_009,0,normal
TXN_004225,ACC_10043,3251.56,TRANSFER,EXT_10249,2026-09-17 09:18:55.000000,BR_009,0,normal
TXN_004226,ACC_10018,868.34,CREDIT,EXT_10387,2026-09-17 09:18:56.000000,BR_009,0,normal
TXN_004227,ACC_10035,9289.69,CREDIT,EXT_10232,2026-09-17 09:21:14.000000,BR_009,0,normal
TXN_004228,ACC_10049,6231.04,TRANSFER,EXT_10087,2026-09-17 09:23:41.000000,BR_006,0,normal
TXN_004229,ACC_10045,18590.57,DEBIT,EXT_10285,2026-09-17 09:25:21.000000,BR_009,0,normal
TXN_004230,ACC_10029,7841.44,TRANSFER,EXT_10144,2026-09-17 09:31:11.000000,BR_009,0,normal
TXN_004231,ACC_10022,1564.3,CREDIT,EXT_10430,2026-09-17 09:32:52.000000,BR_009,0,normal
TXN_004232,ACC_10029,846.5,TRANSFER,EXT_10304,2026-09-17 09:34:49.000000,BR_009,0,normal
TXN_004233,ACC_10004,4748.36,DEBIT,EXT_10421,2026-09-17 09:37:03.000000,BR_009,0,normal
TXN_004234,ACC_10000,1450.28,TRANSFER,EXT_10272,2026-09-17 09:37:17.000000,BR_009,0,normal
TXN_004235,ACC_10041,48776.04,TRANSFER,EXT_10065,2026-09-17 09:41:54.000000,BR_009,0,normal
TXN_004236,ACC_10004,7648.41,CREDIT,EXT_10199,2026-09-17 09:42:58.000000,BR_009,0,normal
TXN_004237,ACC_10018,15637.34,TRANSFER,EXT_10047,2026-09-17 09:44:54.000000,BR_009,0,normal
TXN_004238,ACC_10024,3853.44,TRANSFER,EXT_10383,2026-09-17 09:46:50.000000,BR_009,0,normal
TXN_004239,ACC_10008,10396.69,DEBIT,EXT_10457,2026-09-17 09:48:33.000000,BR_009,0,normal
TXN_004240,ACC_10018,3731.59,PAYMENT,EXT_10130,2026-09-17 09:48:36.000000,BR_009,0,normal
TXN_004241,ACC_10006,18090.83,CREDIT,EXT_10018,2026-09-17 09:49:18.000000,BR_009,0,normal
TXN_004242,ACC_10013,6798.92,CREDIT,EXT_10159,2026-09-17 09:49:56.000000,BR_006,0,normal
TXN_004243,ACC_10022,14142.91,DEBIT,EXT_10070,2026-09-17 09:50:16.000000,BR_009,0,normal
TXN_004244,ACC_10005,3113.99,PAYMENT,EXT_10310,2026-09-17 09:55:00.000000,BR_009,0,normal
TXN_004245,ACC_10018,8884.57,DEBIT,EXT_10055,2026-09-17 09:57:52.000000,BR_009,0,normal
TXN_004246,ACC_10041,3241.67,CREDIT,EXT_10180,2026-09-17 09:57:52.000000,BR_009,0,normal
TXN_004247,ACC_10033,5242.88,TRANSFER,EXT_10191,2026-09-17 09:58:14.000000,BR_009,0,normal
TXN_004248,ACC_10040,5976.01,CREDIT,EXT_10235,2026-09-17 09:59:24.000000,BR_009,0,normal
TXN_004249,ACC_10022,500.0,TRANSFER,EXT_10475,2026-09-17 10:01:29.000000,BR_009,0,normal
TXN_004250,ACC_10029,1480.0,TRANSFER,EXT_10476,2026-09-17 10:05:23.000000,BR_009,0,normal
TXN_004251,ACC_10039,1113.12,TRANSFER,EXT_10403,2026-09-17 10:05:58.000000,BR_009,0,normal
TXN_004252,ACC_10025,936.62,DEBIT,EXT_10493,2026-09-17 10:15:18.000000,BR_009,0,normal
TXN_004253,ACC_10027,67697.42,TRANSFER,EXT_10108,2026-09-17 10:17:44.000000,BR_009,0,normal
TXN_004254,ACC_10047,16015.91,DEBIT,EXT_10271,2026-09-17 10:20:15.000000,BR_009,0,normal
TXN_004255,ACC_10013,4588.86,CREDIT,EXT_10189,2026-09-17 10:20:45.000000,BR_006,0,normal
TXN_004256,ACC_10044,2625.59,TRANSFER,EXT_10364,2026-09-17 10:23:17.000000,BR_009,0,normal
TXN_004257,ACC_10049,1739.63,PAYMENT,EXT_10392,2026-09-17 10:24:31.000000,BR_006,0,normal
TXN_004258,ACC_10025,3784.88,DEBIT,EXT_10400,2026-09-17 10:31:00.000000,BR_009,0,normal
TXN_004259,ACC_10000,15663.49,CREDIT,EXT_10308,2026-09-17 10:33:47.000000,BR_009,0,normal
TXN_004260,ACC_10048,14148.71,CREDIT,EXT_10045,2026-09-17 10:37:09.000000,BR_009,0,normal
TXN_004261,ACC_10004,4739.03,CREDIT,EXT_10269,2026-09-17 10:40:05.000000,BR_009,0,normal
TXN_004262,ACC_10010,1101.57,CREDIT,EXT_10249,2026-09-17 10:41:10.000000,BR_006,0,normal
TXN_004263,ACC_10040,1243.52,PAYMENT,EXT_10440,2026-09-17 10:41:24.000000,BR_009,0,normal
TXN_004264,ACC_10026,500.0,DEBIT,EXT_10258,2026-09-17 10:44:25.000000,BR_009,0,normal
TXN_004265,ACC_10020,4206.01,TRANSFER,EXT_10380,2026-09-17 10:46:44.000000,BR_009,0,normal
TXN_004266,ACC_10027,500.0,CREDIT,EXT_10124,2026-09-17 10:48:13.000000,BR_009,0,normal
TXN_004267,ACC_10027,29715.81,CREDIT,EXT_10250,2026-09-17 10:49:30.000000,BR_009,0,normal
TXN_004268,ACC_10033,3741.42,DEBIT,EXT_10153,2026-09-17 10:50:00.000000,BR_009,0,normal
TXN_004269,ACC_10037,743.29,DEBIT,EXT_10136,2026-09-17 10:54:55.000000,BR_009,0,normal
TXN_004270,ACC_10022,2122.0,TRANSFER,EXT_10448,2026-09-17 10:58:32.000000,BR_009,0,normal
TXN_004271,ACC_10048,31604.74,TRANSFER,EXT_10061,2026-09-17 10:59:26.000000,BR_009,0,normal
TXN_004272,ACC_10002,2067.41,TRANSFER,EXT_10160,2026-09-17 11:00:14.000000,BR_009,0,normal
TXN_004273,ACC_10046,17822.66,DEBIT,EXT_10457,2026-09-17 11:01:18.000000,BR_009,0,normal
TXN_004274,ACC_10008,500.0,CREDIT,EXT_10099,2026-09-17 11:02:22.000000,BR_009,0,normal
TXN_004275,ACC_10031,3235.78,DEBIT,EXT_10064,2026-09-17 11:03:53.000000,BR_009,0,normal
TXN_004276,ACC_10032,27578.45,CREDIT,EXT_10025,2026-09-17 11:06:09.000000,BR_009,0,normal
TXN_004277,ACC_10045,1513.9,TRANSFER,EXT_10039,2026-09-17 11:11:52.000000,BR_009,0,normal
TXN_004278,ACC_10012,789.5,CREDIT,EXT_10040,2026-09-17 11:12:26.000000,BR_009,0,normal
TXN_004279,ACC_10043,8088.78,CREDIT,EXT_10498,2026-09-17 11:15:01.000000,BR_009,0,normal
TXN_004280,ACC_10005,805.32,DEBIT,EXT_10106,2026-09-17 11:17:40.000000,BR_009,0,normal
TXN_004281,ACC_10004,2669.54,TRANSFER,EXT_10129,2026-09-17 11:22:20.000000,BR_009,0,normal
TXN_004282,ACC_10002,5603.21,DEBIT,EXT_10359,2026-09-17 11:27:03.000000,BR_009,0,normal
TXN_004283,ACC_10030,4740.11,TRANSFER,EXT_10029,2026-09-17 11:29:58.000000,BR_009,0,normal
TXN_004284,ACC_10045,1027.7,PAYMENT,EXT_10045,2026-09-17 11:30:18.000000,BR_009,0,normal
TXN_004285,ACC_10014,16050.34,CREDIT,EXT_10014,2026-09-17 11:30:34.000000,BR_006,0,normal
TXN_004286,ACC_10032,57647.03,PAYMENT,EXT_10070,2026-09-17 11:32:29.000000,BR_009,0,normal
TXN_004287,ACC_10042,500.0,CREDIT,EXT_10091,2026-09-17 11:34:21.000000,BR_009,0,normal
TXN_004288,ACC_10039,7211.43,TRANSFER,EXT_10332,2026-09-17 11:34:34.000000,BR_009,0,normal
TXN_004289,ACC_10048,20598.36,TRANSFER,EXT_10349,2026-09-17 11:35:17.000000,BR_009,0,normal
TXN_004290,ACC_10043,1232.4,TRANSFER,EXT_10429,2026-09-17 11:35:37.000000,BR_009,0,normal
TXN_004291,ACC_10027,635.53,DEBIT,EXT_10269,2026-09-17 11:41:37.000000,BR_009,0,normal
TXN_004292,ACC_10036,1010.84,DEBIT,EXT_10042,2026-09-17 11:42:40.000000,BR_009,0,normal
TXN_004293,ACC_10000,21504.39,TRANSFER,EXT_10011,2026-09-17 11:44:18.000000,BR_009,0,normal
TXN_004294,ACC_10021,4983.12,DEBIT,EXT_10093,2026-09-17 11:44:28.000000,BR_009,0,normal
TXN_004295,ACC_10049,16167.87,CREDIT,EXT_10121,2026-09-17 11:45:44.000000,BR_006,0,normal
TXN_004296,ACC_10016,1716.66,DEBIT,EXT_10483,2026-09-17 11:46:59.000000,BR_009,0,normal
TXN_004297,ACC_10009,1418.9,TRANSFER,EXT_10368,2026-09-17 11:48:01.000000,BR_006,0,normal
TXN_004298,ACC_10045,12836.35,DEBIT,EXT_10145,2026-09-17 11:49:13.000000,BR_009,0,normal
TXN_004299,ACC_10000,76046.12,TRANSFER,EXT_10295,2026-09-17 11:53:04.000000,BR_009,0,normal
TXN_004300,ACC_10020,20011.76,DEBIT,EXT_10038,2026-09-17 11:53:48.000000,BR_009,0,normal
TXN_004301,ACC_10037,25748.21,CREDIT,EXT_10331,2026-09-17 11:54:05.000000,BR_009,0,normal
TXN_004302,ACC_10002,5431.33,CREDIT,EXT_10137,2026-09-17 11:58:28.000000,BR_009,0,normal
TXN_004303,ACC_10041,13188.93,DEBIT,EXT_10200,2026-09-17 12:01:26.000000,BR_009,0,normal
TXN_004304,ACC_10021,29223.01,CREDIT,EXT_10305,2026-09-17 12:03:56.000000,BR_009,0,normal
TXN_004305,ACC_10032,7598.42,DEBIT,EXT_10310,2026-09-17 12:06:05.000000,BR_009,0,normal
TXN_004306,ACC_10034,509.69,DEBIT,EXT_10003,2026-09-17 12:06:12.000000,BR_009,0,normal
TXN_004307,ACC_10031,955.54,DEBIT,EXT_10068,2026-09-17 12:08:10.000000,BR_009,0,normal
TXN_004308,ACC_10013,17000.83,DEBIT,EXT_10320,2026-09-17 12:09:29.000000,BR_006,0,normal
TXN_004309,ACC_10007,1086.99,CREDIT,EXT_10209,2026-09-17 12:10:06.000000,BR_009,0,normal
TXN_004310,ACC_10016,1003.82,DEBIT,EXT_10034,2026-09-17 12:10:35.000000,BR_009,0,normal
TXN_004311,ACC_10015,3170.8,CREDIT,EXT_10355,2026-09-17 12:14:42.000000,BR_009,0,normal
TXN_004312,ACC_10045,3425.71,CREDIT,EXT_10089,2026-09-17 12:15:53.000000,BR_009,0,normal
TXN_004313,ACC_10018,200000.0,DEBIT,EXT_10337,2026-09-17 12:17:06.000000,BR_009,0,normal
TXN_004314,ACC_10026,4650.99,DEBIT,EXT_10181,2026-09-17 12:17:49.000000,BR_009,0,normal
TXN_004315,ACC_10039,50121.7,TRANSFER,EXT_10413,2026-09-17 12:19:45.000000,BR_009,0,normal
TXN_004316,ACC_10044,51542.62,DEBIT,EXT_10057,2026-09-17 12:20:22.000000,BR_009,0,normal
TXN_004317,ACC_10045,1805.66,PAYMENT,EXT_10248,2026-09-17 12:21:05.000000,BR_009,0,normal
TXN_004318,ACC_10029,12614.72,DEBIT,EXT_10012,2026-09-17 12:24:47.000000,BR_009,0,normal
TXN_004319,ACC_10019,12202.34,CREDIT,EXT_10063,2026-09-17 12:24:53.000000,BR_009,0,normal
TXN_004320,ACC_10045,16460.07,TRANSFER,EXT_10110,2026-09-17 12:25:03.000000,BR_009,0,normal
TXN_004321,ACC_10037,9125.61,CREDIT,EXT_10290,2026-09-17 12:25:49.000000,BR_009,0,normal
TXN_004322,ACC_10002,10681.46,DEBIT,EXT_10349,2026-09-17 12:26:27.000000,BR_009,0,normal
TXN_004323,ACC_10000,5089.8,DEBIT,EXT_10415,2026-09-17 12:30:14.000000,BR_009,0,normal
TXN_004324,ACC_10025,1174.93,TRANSFER,EXT_10142,2026-09-17 12:32:05.000000,BR_009,0,normal
TXN_004325,ACC_10048,2423.87,DEBIT,EXT_10204,2026-09-17 12:32:07.000000,BR_009,0,normal
TXN_004326,ACC_10008,5931.18,TRANSFER,EXT_10391,2026-09-17 12:33:49.000000,BR_009,0,normal
TXN_004327,ACC_10048,6083.56,DEBIT,EXT_10099,2026-09-17 12:33:53.000000,BR_009,0,normal
TXN_004328,ACC_10021,2671.17,TRANSFER,EXT_10174,2026-09-17 12:35:42.000000,BR_009,0,normal
TXN_004329,ACC_10045,4704.7,CREDIT,EXT_10187,2026-09-17 12:39:20.000000,BR_009,0,normal
TXN_004330,ACC_10016,574.47,DEBIT,EXT_10352,2026-09-17 12:41:48.000000,BR_009,0,normal
TXN_004331,ACC_10000,500.0,TRANSFER,EXT_10258,2026-09-17 12:44:53.000000,BR_009,0,normal
TXN_004332,ACC_10044,1111.91,CREDIT,EXT_10434,2026-09-17 12:52:50.000000,BR_009,0,normal
TXN_004333,ACC_10029,11896.37,DEBIT,EXT_10229,2026-09-17 12:53:51.000000,BR_009,0,normal
TXN_004334,ACC_10008,1774.94,PAYMENT,EXT_10421,2026-09-17 12:54:52.000000,BR_009,0,normal
TXN_004335,ACC_10027,18699.55,DEBIT,EXT_10138,2026-09-17 12:57:05.000000,BR_009,0,normal
TXN_004336,ACC_10035,7667.6,CREDIT,EXT_10444,2026-09-17 12:58:14.000000,BR_009,0,normal
TXN_004337,ACC_10008,16739.43,DEBIT,EXT_10479,2026-09-17 13:01:25.000000,BR_009,0,normal
TXN_004338,ACC_10012,12096.02,CREDIT,EXT_10358,2026-09-17 13:02:03.000000,BR_009,0,normal
TXN_004339,ACC_10022,1367.62,CREDIT,EXT_10015,2026-09-17 13:06:39.000000,BR_009,0,normal
TXN_004340,ACC_10049,1298.6,PAYMENT,EXT_10229,2026-09-17 13:07:42.000000,BR_006,0,normal
TXN_004341,ACC_10048,908.59,DEBIT,EXT_10084,2026-09-17 13:09:13.000000,BR_009,0,normal
TXN_004342,ACC_10024,1197.87,CREDIT,EXT_10158,2026-09-17 13:09:41.000000,BR_009,0,normal
TXN_004343,ACC_10029,1790.78,DEBIT,EXT_10426,2026-09-17 13:11:20.000000,BR_009,0,normal
TXN_004344,ACC_10013,940.41,CREDIT,EXT_10244,2026-09-17 13:14:57.000000,BR_006,0,normal
TXN_004345,ACC_10032,500.0,DEBIT,EXT_10368,2026-09-17 13:15:07.000000,BR_009,0,normal
TXN_004346,ACC_10019,14171.47,DEBIT,EXT_10457,2026-09-17 13:15:52.000000,BR_009,0,normal
TXN_004347,ACC_10006,9809.48,CREDIT,EXT_10372,2026-09-17 13:18:10.000000,BR_009,0,normal
TXN_004348,ACC_10043,500.0,DEBIT,EXT_10218,2026-09-17 13:18:31.000000,BR_009,0,normal
TXN_004349,ACC_10010,28478.2,DEBIT,EXT_10371,2026-09-17 13:20:43.000000,BR_006,0,normal
TXN_004350,ACC_10033,34954.86,TRANSFER,EXT_10491,2026-09-17 13:20:46.000000,BR_009,1,structuring
TXN_004351,ACC_10017,3493.46,TRANSFER,EXT_10104,2026-09-17 13:21:06.000000,BR_009,0,normal
TXN_004352,ACC_10022,1222.75,TRANSFER,EXT_10315,2026-09-17 13:22:13.000000,BR_009,0,normal
TXN_004353,ACC_10032,1777.03,TRANSFER,EXT_10186,2026-09-17 13:22:24.000000,BR_009,0,normal
TXN_004354,ACC_10015,2053.52,DEBIT,EXT_10040,2026-09-17 13:28:52.000000,BR_009,0,normal
TXN_004355,ACC_10010,6169.94,CREDIT,EXT_10283,2026-09-17 13:28:59.000000,BR_006,0,normal
TXN_004356,ACC_10035,12327.93,TRANSFER,EXT_10260,2026-09-17 13:31:04.000000,BR_009,0,normal
TXN_004357,ACC_10000,3433.54,DEBIT,EXT_10225,2026-09-17 13:32:10.000000,BR_009,0,normal
TXN_004358,ACC_10045,1940.6,DEBIT,EXT_10307,2026-09-17 13:32:28.000000,BR_009,0,normal
TXN_004359,ACC_10032,759.69,TRANSFER,EXT_10071,2026-09-17 13:35:49.000000,BR_009,0,normal
TXN_004360,ACC_10043,683.92,TRANSFER,EXT_10159,2026-09-17 13:37:27.000000,BR_009,0,normal
TXN_004361,ACC_10002,1450.92,PAYMENT,EXT_10057,2026-09-17 13:39:12.000000,BR_009,0,normal
TXN_004362,ACC_10033,39755.1,TRANSFER,EXT_10051,2026-09-17 13:42:46.000000,BR_009,1,structuring
TXN_004363,ACC_10015,4945.39,TRANSFER,EXT_10359,2026-09-17 13:42:52.000000,BR_009,0,normal
TXN_004364,ACC_10021,666.16,DEBIT,EXT_10210,2026-09-17 13:43:06.000000,BR_009,0,normal
TXN_004365,ACC_10040,14383.23,DEBIT,EXT_10417,2026-09-17 13:45:27.000000,BR_009,0,normal
TXN_004366,ACC_10008,4655.13,DEBIT,EXT_10046,2026-09-17 13:48:44.000000,BR_009,0,normal
TXN_004367,ACC_10027,4760.83,DEBIT,EXT_10476,2026-09-17 13:49:30.000000,BR_009,0,normal
TXN_004368,ACC_10033,5233.44,CREDIT,EXT_10176,2026-09-17 13:51:24.000000,BR_009,0,normal
TXN_004369,ACC_10020,35672.92,DEBIT,EXT_10163,2026-09-17 13:51:29.000000,BR_009,0,normal
TXN_004370,ACC_10000,2996.62,DEBIT,EXT_10492,2026-09-17 13:55:15.000000,BR_009,0,normal
TXN_004371,ACC_10000,15004.72,DEBIT,EXT_10490,2026-09-17 13:59:59.000000,BR_009,0,normal
TXN_004372,ACC_10037,768.1,CREDIT,EXT_10373,2026-09-17 14:00:50.000000,BR_009,0,normal
TXN_004373,ACC_10003,7497.37,DEBIT,EXT_10405,2026-09-17 14:04:14.000000,BR_009,0,normal
TXN_004374,ACC_10032,9674.38,PAYMENT,EXT_10292,2026-09-17 14:05:19.000000,BR_009,0,normal
TXN_004375,ACC_10006,500.0,DEBIT,EXT_10285,2026-09-17 14:09:57.000000,BR_009,0,normal
TXN_004376,ACC_10025,519.29,TRANSFER,EXT_10014,2026-09-17 14:11:57.000000,BR_009,0,normal
TXN_004377,ACC_10014,1280.06,PAYMENT,EXT_10376,2026-09-17 14:15:23.000000,BR_006,0,normal
TXN_004378,ACC_10042,946.01,TRANSFER,EXT_10272,2026-09-17 14:17:07.000000,BR_009,0,normal
TXN_004379,ACC_10003,2535.05,DEBIT,EXT_10455,2026-09-17 14:18:46.000000,BR_009,0,normal
TXN_004380,ACC_10023,2644.68,CREDIT,EXT_10282,2026-09-17 14:21:16.000000,BR_009,0,normal
TXN_004381,ACC_10039,21454.3,PAYMENT,EXT_10427,2026-09-17 14:27:12.000000,BR_009,0,normal
TXN_004382,ACC_10027,821.25,DEBIT,EXT_10099,2026-09-17 14:28:04.000000,BR_009,0,normal
TXN_004383,ACC_10003,29738.48,DEBIT,EXT_10017,2026-09-17 14:29:42.000000,BR_009,0,normal
TXN_004384,ACC_10033,46688.66,TRANSFER,EXT_10256,2026-09-17 14:29:46.000000,BR_009,1,structuring
TXN_004385,ACC_10024,500.0,CREDIT,EXT_10281,2026-09-17 14:31:54.000000,BR_009,0,normal
TXN_004386,ACC_10046,500.0,TRANSFER,EXT_10138,2026-09-17 14:32:23.000000,BR_009,0,normal
TXN_004387,ACC_10009,4162.88,DEBIT,EXT_10459,2026-09-17 14:32:53.000000,BR_006,0,normal
TXN_004388,ACC_10044,7720.17,DEBIT,EXT_10409,2026-09-17 14:33:03.000000,BR_009,0,normal
TXN_004389,ACC_10025,3798.63,CREDIT,EXT_10281,2026-09-17 14:33:25.000000,BR_009,0,normal
TXN_004390,ACC_10032,10172.23,CREDIT,EXT_10014,2026-09-17 14:34:34.000000,BR_009,0,normal
TXN_004391,ACC_10033,46950.7,TRANSFER,EXT_10307,2026-09-17 14:37:46.000000,BR_009,1,structuring
TXN_004392,ACC_10001,7764.4,TRANSFER,EXT_10239,2026-09-17 14:41:37.000000,BR_009,0,normal
TXN_004393,ACC_10035,500.0,DEBIT,EXT_10040,2026-09-17 14:47:29.000000,BR_009,0,normal
TXN_004394,ACC_10012,7121.89,CREDIT,EXT_10208,2026-09-17 14:48:30.000000,BR_009,0,normal
TXN_004395,ACC_10033,34062.0,TRANSFER,EXT_10397,2026-09-17 14:49:46.000000,BR_009,1,structuring
TXN_004396,ACC_10042,8118.02,TRANSFER,EXT_10305,2026-09-17 14:53:58.000000,BR_009,0,normal
TXN_004397,ACC_10033,38816.71,TRANSFER,EXT_10319,2026-09-17 14:55:46.000000,BR_009,1,structuring
TXN_004398,ACC_10033,45406.62,TRANSFER,EXT_10030,2026-09-17 14:56:46.000000,BR_009,1,structuring
TXN_004399,ACC_10009,3626.07,TRANSFER,EXT_10499,2026-09-17 14:57:55.000000,BR_006,0,normal
TXN_004400,ACC_10032,500.0,DEBIT,EXT_10045,2026-09-17 15:01:19.000000,BR_009,0,normal
TXN_004401,ACC_10037,8798.24,CREDIT,EXT_10371,2026-09-17 15:01:47.000000,BR_009,0,normal
TXN_004402,ACC_10027,1320.7,TRANSFER,EXT_10190,2026-09-17 15:02:06.000000,BR_009,0,normal
TXN_004403,ACC_10010,10689.29,CREDIT,EXT_10492,2026-09-17 15:05:09.000000,BR_006,0,normal
TXN_004404,ACC_10023,637.99,CREDIT,EXT_10309,2026-09-17 15:06:31.000000,BR_009,0,normal
TXN_004405,ACC_10037,2817.15,TRANSFER,EXT_10353,2026-09-17 15:08:50.000000,BR_009,0,normal
TXN_004406,ACC_10036,1020.04,DEBIT,EXT_10489,2026-09-17 15:10:40.000000,BR_009,0,normal
TXN_004407,ACC_10048,7626.22,TRANSFER,EXT_10075,2026-09-17 15:10:47.000000,BR_009,0,normal
TXN_004408,ACC_10018,15106.78,DEBIT,EXT_10128,2026-09-17 15:11:53.000000,BR_009,0,normal
TXN_004409,ACC_10031,8331.79,CREDIT,EXT_10351,2026-09-17 15:12:23.000000,BR_009,0,normal
TXN_004410,ACC_10033,41207.9,TRANSFER,EXT_10073,2026-09-17 15:12:46.000000,BR_009,1,structuring
TXN_004411,ACC_10026,2407.36,DEBIT,EXT_10059,2026-09-17 15:13:03.000000,BR_009,0,normal
TXN_004412,ACC_10018,500.0,PAYMENT,EXT_10088,2026-09-17 15:14:31.000000,BR_009,0,normal
TXN_004413,ACC_10000,3978.3,DEBIT,EXT_10211,2026-09-17 15:16:25.000000,BR_009,0,normal
TXN_004414,ACC_10008,4705.0,TRANSFER,EXT_10130,2026-09-17 15:16:28.000000,BR_009,0,normal
TXN_004415,ACC_10002,1770.75,TRANSFER,EXT_10011,2026-09-17 15:16:29.000000,BR_009,0,normal
TXN_004416,ACC_10040,1792.2,CREDIT,EXT_10048,2026-09-17 15:17:17.000000,BR_009,0,normal
TXN_004417,ACC_10020,32543.38,TRANSFER,EXT_10359,2026-09-17 15:20:59.000000,BR_009,0,normal
TXN_004418,ACC_10002,2137.61,DEBIT,EXT_10176,2026-09-17 15:21:23.000000,BR_009,0,normal
TXN_004419,ACC_10029,134258.35,DEBIT,EXT_10155,2026-09-17 15:21:31.000000,BR_009,0,normal
TXN_004420,ACC_10002,5296.83,PAYMENT,EXT_10038,2026-09-17 15:21:38.000000,BR_009,0,normal
TXN_004421,ACC_10038,32027.23,CREDIT,EXT_10455,2026-09-17 15:24:04.000000,BR_009,0,normal
TXN_004422,ACC_10036,25776.84,PAYMENT,EXT_10307,2026-09-17 15:28:30.000000,BR_009,0,normal
TXN_004423,ACC_10034,500.0,DEBIT,EXT_10036,2026-09-17 15:32:37.000000,BR_009,0,normal
TXN_004424,ACC_10004,2726.18,DEBIT,EXT_10112,2026-09-17 15:32:41.000000,BR_009,0,normal
TXN_004425,ACC_10026,6745.95,DEBIT,EXT_10262,2026-09-17 15:33:08.000000,BR_009,0,normal
TXN_004426,ACC_10015,500.0,CREDIT,EXT_10052,2026-09-17 15:33:17.000000,BR_009,0,normal
TXN_004427,ACC_10019,500.0,TRANSFER,EXT_10431,2026-09-17 15:34:21.000000,BR_009,0,normal
TXN_004428,ACC_10031,2941.62,DEBIT,EXT_10473,2026-09-17 15:38:13.000000,BR_009,0,normal
TXN_004429,ACC_10027,12888.83,CREDIT,EXT_10076,2026-09-17 15:39:33.000000,BR_009,0,normal
TXN_004430,ACC_10025,10621.98,DEBIT,EXT_10088,2026-09-17 15:42:14.000000,BR_009,0,normal
TXN_004431,ACC_10046,4877.14,CREDIT,EXT_10288,2026-09-17 15:43:17.000000,BR_009,0,normal
TXN_004432,ACC_10044,500.0,CREDIT,EXT_10219,2026-09-17 15:45:00.000000,BR_009,0,normal
TXN_004433,ACC_10020,3791.48,CREDIT,EXT_10481,2026-09-17 15:46:28.000000,BR_009,0,normal
TXN_004434,ACC_10022,4732.86,PAYMENT,EXT_10377,2026-09-17 15:47:41.000000,BR_009,0,normal
TXN_004435,ACC_10042,1225.43,CREDIT,EXT_10340,2026-09-17 15:50:49.000000,BR_009,0,normal
TXN_004436,ACC_10031,1787.9,PAYMENT,EXT_10254,2026-09-17 15:54:12.000000,BR_009,0,normal
TXN_004437,ACC_10031,3442.56,PAYMENT,EXT_10393,2026-09-17 15:55:20.000000,BR_009,0,normal
TXN_004438,ACC_10013,5727.67,DEBIT,EXT_10068,2026-09-17 15:56:40.000000,BR_006,0,normal
TXN_004439,ACC_10019,1143.0,DEBIT,EXT_10051,2026-09-17 16:01:51.000000,BR_009,0,normal
TXN_004440,ACC_10002,738.4,TRANSFER,EXT_10300,2026-09-17 16:03:21.000000,BR_009,0,normal
TXN_004441,ACC_10031,1040.42,DEBIT,EXT_10395,2026-09-17 16:04:19.000000,BR_009,0,normal
TXN_004442,ACC_10008,83611.31,DEBIT,EXT_10337,2026-09-17 16:05:09.000000,BR_009,0,normal
TXN_004443,ACC_10018,2451.62,CREDIT,EXT_10150,2026-09-17 16:07:15.000000,BR_009,0,normal
TXN_004444,ACC_10005,7951.83,TRANSFER,EXT_10123,2026-09-17 16:08:24.000000,BR_009,0,normal
TXN_004445,ACC_10049,7043.63,DEBIT,EXT_10284,2026-09-17 16:10:12.000000,BR_006,0,normal
TXN_004446,ACC_10000,39102.93,CREDIT,EXT_10424,2026-09-17 16:10:51.000000,BR_009,0,normal
TXN_004447,ACC_10026,2450.28,DEBIT,EXT_10358,2026-09-17 16:11:32.000000,BR_009,0,normal
TXN_004448,ACC_10042,1537.25,CREDIT,EXT_10172,2026-09-17 16:11:34.000000,BR_009,0,normal
TXN_004449,ACC_10038,500.0,TRANSFER,EXT_10351,2026-09-17 16:12:45.000000,BR_009,0,normal
TXN_004450,ACC_10008,53686.12,TRANSFER,EXT_10061,2026-09-17 16:13:02.000000,BR_009,0,normal
TXN_004451,ACC_10045,4320.24,TRANSFER,EXT_10336,2026-09-17 16:18:09.000000,BR_009,0,normal
TXN_004452,ACC_10022,8035.21,DEBIT,EXT_10008,2026-09-17 16:18:26.000000,BR_009,0,normal
TXN_004453,ACC_10027,2318.44,DEBIT,EXT_10267,2026-09-17 16:21:49.000000,BR_009,0,normal
TXN_004454,ACC_10019,29690.91,DEBIT,EXT_10360,2026-09-17 16:25:58.000000,BR_009,0,normal
TXN_004455,ACC_10030,500.0,TRANSFER,EXT_10299,2026-09-17 16:26:07.000000,BR_009,0,normal
TXN_004456,ACC_10049,7189.12,DEBIT,EXT_10050,2026-09-17 16:29:08.000000,BR_006,0,normal
TXN_004457,ACC_10039,4332.11,TRANSFER,EXT_10378,2026-09-17 16:32:02.000000,BR_009,0,normal
TXN_004458,ACC_10000,25332.43,DEBIT,EXT_10047,2026-09-17 16:33:34.000000,BR_009,0,normal
TXN_004459,ACC_10049,500.0,DEBIT,EXT_10443,2026-09-17 16:33:48.000000,BR_006,0,normal
TXN_004460,ACC_10028,500.0,DEBIT,EXT_10041,2026-09-17 16:34:25.000000,BR_006,0,normal
TXN_004461,ACC_10028,7253.37,PAYMENT,EXT_10341,2026-09-17 16:38:17.000000,BR_006,0,normal
TXN_004462,ACC_10003,2819.73,CREDIT,EXT_10131,2026-09-17 16:38:21.000000,BR_009,0,normal
TXN_004463,ACC_10026,4541.58,DEBIT,EXT_10299,2026-09-17 16:43:57.000000,BR_009,0,normal
TXN_004464,ACC_10019,513.92,CREDIT,EXT_10441,2026-09-17 16:46:16.000000,BR_009,0,normal
TXN_004465,ACC_10014,2220.88,DEBIT,EXT_10371,2026-09-17 16:49:08.000000,BR_006,0,normal
TXN_004466,ACC_10049,1927.98,CREDIT,EXT_10229,2026-09-17 16:49:51.000000,BR_006,0,normal
TXN_004467,ACC_10003,2720.92,DEBIT,EXT_10313,2026-09-17 16:51:25.000000,BR_009,0,normal
TXN_004468,ACC_10004,743.32,TRANSFER,EXT_10351,2026-09-17 16:51:30.000000,BR_009,0,normal
TXN_004469,ACC_10027,50485.37,CREDIT,EXT_10009,2026-09-17 16:53:33.000000,BR_009,0,normal
TXN_004470,ACC_10030,2390.4,CREDIT,EXT_10206,2026-09-17 16:54:41.000000,BR_009,0,normal
TXN_004471,ACC_10044,4339.07,CREDIT,EXT_10102,2026-09-17 16:56:02.000000,BR_009,0,normal
TXN_004472,ACC_10010,7573.15,TRANSFER,EXT_10262,2026-09-17 16:56:57.000000,BR_006,0,normal
TXN_004473,ACC_10006,4875.69,DEBIT,EXT_10067,2026-09-17 16:58:20.000000,BR_009,0,normal
TXN_004474,ACC_10018,13592.28,CREDIT,EXT_10104,2026-09-17 17:03:47.000000,BR_009,0,normal
TXN_004475,ACC_10049,7128.05,TRANSFER,EXT_10399,2026-09-17 17:08:26.000000,BR_006,0,normal
TXN_004476,ACC_10041,14719.81,DEBIT,EXT_10153,2026-09-17 17:11:58.000000,BR_009,0,normal
TXN_004477,ACC_10003,2726.19,TRANSFER,EXT_10453,2026-09-17 17:13:24.000000,BR_009,0,normal
TXN_004478,ACC_10031,732.56,PAYMENT,EXT_10021,2026-09-17 17:13:45.000000,BR_009,0,normal
TXN_004479,ACC_10029,8687.7,CREDIT,EXT_10388,2026-09-17 17:16:13.000000,BR_009,0,normal
TXN_004480,ACC_10034,4426.77,DEBIT,EXT_10133,2026-09-17 17:18:37.000000,BR_009,0,normal
TXN_004481,ACC_10015,7516.61,DEBIT,EXT_10088,2026-09-17 17:18:47.000000,BR_009,0,normal
TXN_004482,ACC_10036,500.0,TRANSFER,EXT_10014,2026-09-17 17:24:56.000000,BR_009,0,normal
TXN_004483,ACC_10036,2886.41,DEBIT,EXT_10067,2026-09-17 17:25:08.000000,BR_009,0,normal
TXN_004484,ACC_10048,9554.22,DEBIT,EXT_10281,2026-09-17 17:30:38.000000,BR_009,0,normal
TXN_004485,ACC_10017,10254.02,DEBIT,EXT_10280,2026-09-17 17:36:05.000000,BR_009,0,normal
TXN_004486,ACC_10034,1563.82,CREDIT,EXT_10136,2026-09-17 17:45:09.000000,BR_009,0,normal
TXN_004487,ACC_10023,1176.17,DEBIT,EXT_10311,2026-09-17 17:46:01.000000,BR_009,0,normal
TXN_004488,ACC_10023,16638.63,DEBIT,EXT_10452,2026-09-17 17:47:31.000000,BR_009,0,normal
TXN_004489,ACC_10019,2263.16,TRANSFER,EXT_10409,2026-09-17 17:49:16.000000,BR_009,0,normal
TXN_004490,ACC_10037,6725.66,DEBIT,EXT_10107,2026-09-17 17:49:40.000000,BR_009,0,normal
TXN_004491,ACC_10024,702.55,PAYMENT,EXT_10004,2026-09-17 17:49:59.000000,BR_009,0,normal
TXN_004492,ACC_10020,3826.78,TRANSFER,EXT_10347,2026-09-17 17:50:02.000000,BR_009,0,normal
TXN_004493,ACC_10000,5840.8,TRANSFER,EXT_10328,2026-09-17 17:50:16.000000,BR_009,0,normal
TXN_004494,ACC_10031,13439.53,DEBIT,EXT_10479,2026-09-17 17:50:56.000000,BR_009,0,normal
TXN_004495,ACC_10044,81714.03,CREDIT,EXT_10478,2026-09-17 17:55:47.000000,BR_009,0,normal
TXN_004496,ACC_10033,3615.82,TRANSFER,EXT_10284,2026-09-17 17:56:18.000000,BR_009,0,normal
TXN_004497,ACC_10031,2233.45,PAYMENT,EXT_10035,2026-09-17 17:57:21.000000,BR_009,0,normal
TXN_004498,ACC_10019,2076.74,TRANSFER,EXT_10035,2026-09-18 09:00:57.000000,BR_009,0,normal
TXN_004499,ACC_10033,826.49,TRANSFER,EXT_10171,2026-09-18 09:06:37.000000,BR_009,0,normal
TXN_004500,ACC_10030,5138.66,DEBIT,EXT_10436,2026-09-18 09:08:10.000000,BR_009,0,normal
TXN_004501,ACC_10025,1506.48,TRANSFER,EXT_10442,2026-09-18 09:09:05.000000,BR_009,0,normal
TXN_004502,ACC_10026,1370.28,CREDIT,EXT_10332,2026-09-18 09:10:26.000000,BR_009,0,normal
TXN_004503,ACC_10013,127939.85,TRANSFER,EXT_10400,2026-09-18 09:11:30.252709,BR_010,1,temporal_link
TXN_004504,ACC_10004,9357.43,DEBIT,EXT_10051,2026-09-18 09:12:27.000000,BR_009,0,normal
TXN_004505,ACC_10029,1834.2,DEBIT,EXT_10479,2026-09-18 09:13:18.000000,BR_009,0,normal
TXN_004506,ACC_10030,14905.62,TRANSFER,EXT_10331,2026-09-18 09:15:55.000000,BR_009,0,normal
TXN_004507,ACC_10027,125346.17,TRANSFER,EXT_10213,2026-09-18 09:17:21.741118,BR_010,1,temporal_link
TXN_004508,ACC_10038,2416.9,CREDIT,EXT_10099,2026-09-18 09:19:34.000000,BR_009,0,normal
TXN_004509,ACC_10038,129752.41,TRANSFER,EXT_10393,2026-09-18 09:19:50.565778,BR_010,1,temporal_link
TXN_004510,ACC_10046,696.29,DEBIT,EXT_10068,2026-09-18 09:20:06.000000,BR_009,0,normal
TXN_004511,ACC_10026,1349.71,TRANSFER,EXT_10092,2026-09-18 09:21:46.000000,BR_009,0,normal
TXN_004512,ACC_10028,2278.29,PAYMENT,EXT_10393,2026-09-18 09:24:35.000000,BR_006,0,normal
TXN_004513,ACC_10045,2284.78,TRANSFER,EXT_10065,2026-09-18 09:25:58.000000,BR_009,0,normal
TXN_004514,ACC_10002,500.0,TRANSFER,EXT_10242,2026-09-18 09:28:54.000000,BR_009,0,normal
TXN_004515,ACC_10047,52929.88,DEBIT,EXT_10027,2026-09-18 09:32:12.000000,BR_009,0,normal
TXN_004516,ACC_10037,145620.09,TRANSFER,EXT_10005,2026-09-18 09:33:08.449379,BR_010,1,temporal_link
TXN_004517,ACC_10005,3407.99,TRANSFER,EXT_10278,2026-09-18 09:34:20.000000,BR_009,0,normal
TXN_004518,ACC_10049,5941.64,DEBIT,EXT_10226,2026-09-18 09:36:27.000000,BR_006,0,normal
TXN_004519,ACC_10038,538.57,DEBIT,EXT_10183,2026-09-18 09:37:02.000000,BR_009,0,normal
TXN_004520,ACC_10041,10785.95,TRANSFER,EXT_10078,2026-09-18 09:40:24.000000,BR_009,0,normal
TXN_004521,ACC_10032,19979.37,CREDIT,EXT_10116,2026-09-18 09:40:54.000000,BR_009,0,normal
TXN_004522,ACC_10014,4024.21,CREDIT,EXT_10320,2026-09-18 09:42:06.000000,BR_006,0,normal
TXN_004523,ACC_10009,765.86,CREDIT,EXT_10149,2026-09-18 09:47:33.000000,BR_006,0,normal
TXN_004524,ACC_10029,874.62,DEBIT,EXT_10148,2026-09-18 09:47:49.000000,BR_009,0,normal
TXN_004525,ACC_10032,589.78,TRANSFER,EXT_10055,2026-09-18 09:48:08.000000,BR_009,0,normal
TXN_004526,ACC_10004,3782.5,CREDIT,EXT_10017,2026-09-18 09:48:35.000000,BR_009,0,normal
TXN_004527,ACC_10027,12871.87,TRANSFER,EXT_10187,2026-09-18 09:48:54.000000,BR_009,0,normal
TXN_004528,ACC_10001,1869.65,DEBIT,EXT_10031,2026-09-18 09:49:29.000000,BR_009,0,normal
TXN_004529,ACC_10043,189434.33,TRANSFER,EXT_10183,2026-09-18 09:51:05.271989,BR_010,1,temporal_link
TXN_004530,ACC_10037,25907.59,CREDIT,EXT_10133,2026-09-18 09:53:09.000000,BR_009,0,normal
TXN_004531,ACC_10043,16091.51,TRANSFER,EXT_10494,2026-09-18 09:59:13.000000,BR_009,0,normal
TXN_004532,ACC_10039,173737.08,TRANSFER,EXT_10131,2026-09-18 10:00:49.265354,BR_010,1,temporal_link
TXN_004533,ACC_10026,5563.38,CREDIT,EXT_10162,2026-09-18 10:02:10.000000,BR_009,0,normal
TXN_004534,ACC_10049,2895.85,TRANSFER,EXT_10368,2026-09-18 10:05:24.000000,BR_006,0,normal
TXN_004535,ACC_10044,11351.71,DEBIT,EXT_10375,2026-09-18 10:07:23.000000,BR_009,0,normal
TXN_004536,ACC_10031,36749.41,DEBIT,EXT_10381,2026-09-18 10:08:27.000000,BR_009,0,normal
TXN_004537,ACC_10023,1981.27,DEBIT,EXT_10343,2026-09-18 10:09:02.000000,BR_009,0,normal
TXN_004538,ACC_10022,17243.77,CREDIT,EXT_10117,2026-09-18 10:16:15.000000,BR_009,0,normal
TXN_004539,ACC_10020,7684.85,TRANSFER,EXT_10020,2026-09-18 10:18:49.000000,BR_009,0,clean_busy
TXN_004540,ACC_10026,168781.76,TRANSFER,EXT_10142,2026-09-18 10:19:19.880185,BR_010,1,temporal_link
TXN_004541,ACC_10028,13087.45,TRANSFER,EXT_10141,2026-09-18 10:21:39.000000,BR_006,0,normal
TXN_004542,ACC_10015,3546.88,TRANSFER,EXT_10279,2026-09-18 10:26:34.000000,BR_009,0,normal
TXN_004543,ACC_10009,871.46,DEBIT,EXT_10377,2026-09-18 10:26:57.000000,BR_006,0,normal
TXN_004544,ACC_10003,898.27,CREDIT,EXT_10117,2026-09-18 10:27:17.000000,BR_009,0,normal
TXN_004545,ACC_10049,1759.01,DEBIT,EXT_10046,2026-09-18 10:29:18.000000,BR_006,0,normal
TXN_004546,ACC_10049,99546.0,TRANSFER,EXT_10189,2026-09-18 10:34:49.370923,BR_010,1,temporal_link
TXN_004547,ACC_10000,14421.58,DEBIT,EXT_10390,2026-09-18 10:37:09.000000,BR_009,0,normal
TXN_004548,ACC_10032,500.0,DEBIT,EXT_10193,2026-09-18 10:40:20.000000,BR_009,0,normal
TXN_004549,ACC_10011,2721.22,TRANSFER,EXT_10366,2026-09-18 10:41:36.000000,BR_009,0,normal
TXN_004550,ACC_10008,500.0,TRANSFER,EXT_10248,2026-09-18 10:44:03.000000,BR_009,0,normal
TXN_004551,ACC_10025,9390.42,DEBIT,EXT_10068,2026-09-18 10:45:48.000000,BR_009,0,normal
TXN_004552,ACC_10042,10641.42,CREDIT,EXT_10250,2026-09-18 10:46:10.000000,BR_009,0,normal
TXN_004553,ACC_10020,9913.77,CREDIT,EXT_10330,2026-09-18 10:48:05.000000,BR_009,0,clean_busy
TXN_004554,ACC_10006,120397.63,TRANSFER,EXT_10100,2026-09-18 10:49:10.771636,BR_010,1,temporal_link
TXN_004555,ACC_10025,5085.27,DEBIT,EXT_10151,2026-09-18 10:54:30.000000,BR_009,0,normal
TXN_004556,ACC_10004,178936.13,TRANSFER,EXT_10362,2026-09-18 10:54:41.167411,BR_010,1,temporal_link
TXN_004557,ACC_10036,119288.74,TRANSFER,EXT_10034,2026-09-18 10:59:29.444838,BR_010,1,temporal_link
TXN_004558,ACC_10033,6641.1,DEBIT,EXT_10059,2026-09-18 10:59:42.000000,BR_009,0,normal
TXN_004559,ACC_10013,3344.51,DEBIT,EXT_10157,2026-09-18 11:01:05.000000,BR_006,0,normal
TXN_004560,ACC_10023,17682.28,DEBIT,EXT_10040,2026-09-18 11:02:08.000000,BR_009,0,normal
TXN_004561,ACC_10046,17991.75,DEBIT,EXT_10042,2026-09-18 11:03:43.000000,BR_009,0,normal
TXN_004562,ACC_10045,91552.09,TRANSFER,EXT_10211,2026-09-18 11:03:48.366753,BR_010,1,temporal_link
TXN_004563,ACC_10039,162651.74,TRANSFER,EXT_10056,2026-09-18 11:04:07.940881,BR_010,1,temporal_link
TXN_004564,ACC_10000,1048.65,DEBIT,EXT_10028,2026-09-18 11:05:09.000000,BR_009,0,normal
TXN_004565,ACC_10036,7466.86,PAYMENT,EXT_10452,2026-09-18 11:05:56.000000,BR_009,0,normal
TXN_004566,ACC_10026,26482.45,TRANSFER,EXT_10217,2026-09-18 11:07:28.000000,BR_009,0,normal
TXN_004567,ACC_10010,500.0,TRANSFER,EXT_10001,2026-09-18 11:07:36.000000,BR_006,0,normal
TXN_004568,ACC_10012,164479.92,TRANSFER,EXT_10469,2026-09-18 11:11:19.458830,BR_010,1,temporal_link
TXN_004569,ACC_10030,15335.04,TRANSFER,EXT_10305,2026-09-18 11:12:31.000000,BR_009,0,normal
TXN_004570,ACC_10004,5115.27,TRANSFER,EXT_10389,2026-09-18 11:13:43.000000,BR_009,0,normal
TXN_004571,ACC_10027,2603.62,TRANSFER,EXT_10332,2026-09-18 11:14:01.000000,BR_009,0,normal
TXN_004572,ACC_10032,2353.64,DEBIT,EXT_10200,2026-09-18 11:16:07.000000,BR_009,0,normal
TXN_004573,ACC_10037,1443.09,PAYMENT,EXT_10173,2026-09-18 11:18:14.000000,BR_009,0,normal
TXN_004574,ACC_10000,1489.2,TRANSFER,EXT_10357,2026-09-18 11:20:54.000000,BR_009,0,normal
TXN_004575,ACC_10003,3760.11,CREDIT,EXT_10447,2026-09-18 11:21:28.000000,BR_009,0,normal
TXN_004576,ACC_10027,5679.43,TRANSFER,EXT_10112,2026-09-18 11:23:46.000000,BR_009,0,normal
TXN_004577,ACC_10017,2008.42,DEBIT,EXT_10310,2026-09-18 11:24:06.000000,BR_009,0,normal
TXN_004578,ACC_10049,8922.16,TRANSFER,EXT_10143,2026-09-18 11:24:56.000000,BR_006,0,normal
TXN_004579,ACC_10023,1513.58,CREDIT,EXT_10319,2026-09-18 11:25:32.000000,BR_009,0,normal
TXN_004580,ACC_10004,1233.27,CREDIT,EXT_10469,2026-09-18 11:26:53.000000,BR_009,0,normal
TXN_004581,ACC_10007,19734.93,PAYMENT,EXT_10326,2026-09-18 11:27:55.000000,BR_009,0,normal
TXN_004582,ACC_10010,5754.4,TRANSFER,EXT_10120,2026-09-18 11:28:58.000000,BR_006,0,normal
TXN_004583,ACC_10032,2615.67,CREDIT,EXT_10128,2026-09-18 11:29:09.000000,BR_009,0,normal
TXN_004584,ACC_10036,14310.5,TRANSFER,EXT_10151,2026-09-18 11:31:51.000000,BR_009,0,normal
TXN_004585,ACC_10046,151598.04,TRANSFER,EXT_10254,2026-09-18 11:32:18.820794,BR_010,1,temporal_link
TXN_004586,ACC_10031,92870.56,TRANSFER,EXT_10117,2026-09-18 11:33:43.104083,BR_010,1,temporal_link
TXN_004587,ACC_10018,4168.23,TRANSFER,EXT_10036,2026-09-18 11:35:09.000000,BR_009,0,normal
TXN_004588,ACC_10029,1165.3,TRANSFER,EXT_10054,2026-09-18 11:35:18.000000,BR_009,0,normal
TXN_004589,ACC_10026,170757.18,TRANSFER,EXT_10375,2026-09-18 11:42:54.576226,BR_010,1,temporal_link
TXN_004590,ACC_10026,176802.43,TRANSFER,EXT_10219,2026-09-18 11:43:20.837716,BR_010,1,temporal_link
TXN_004591,ACC_10036,3210.76,DEBIT,EXT_10349,2026-09-18 11:44:41.000000,BR_009,0,normal
TXN_004592,ACC_10037,2229.9,TRANSFER,EXT_10147,2026-09-18 11:46:06.000000,BR_009,0,normal
TXN_004593,ACC_10025,13330.09,DEBIT,EXT_10475,2026-09-18 11:46:47.000000,BR_009,0,normal
TXN_004594,ACC_10012,42929.18,TRANSFER,EXT_10094,2026-09-18 11:46:57.000000,BR_009,0,normal
TXN_004595,ACC_10030,632.59,DEBIT,EXT_10422,2026-09-18 11:48:19.000000,BR_009,0,normal
TXN_004596,ACC_10037,4589.61,DEBIT,EXT_10235,2026-09-18 11:49:44.000000,BR_009,0,normal
TXN_004597,ACC_10022,1332.14,DEBIT,EXT_10165,2026-09-18 11:50:23.000000,BR_009,0,normal
TXN_004598,ACC_10004,29731.04,PAYMENT,EXT_10313,2026-09-18 11:50:56.000000,BR_009,0,normal
TXN_004599,ACC_10044,9929.15,CREDIT,EXT_10464,2026-09-18 11:51:46.000000,BR_009,0,normal
TXN_004600,ACC_10043,1363.03,CREDIT,EXT_10385,2026-09-18 11:53:55.000000,BR_009,0,normal
TXN_004601,ACC_10034,4494.65,DEBIT,EXT_10381,2026-09-18 11:54:06.000000,BR_009,0,normal
TXN_004602,ACC_10044,4192.44,PAYMENT,EXT_10080,2026-09-18 11:54:19.000000,BR_009,0,normal
TXN_004603,ACC_10009,7560.16,DEBIT,EXT_10305,2026-09-18 11:55:12.000000,BR_006,0,normal
TXN_004604,ACC_10008,193133.78,TRANSFER,EXT_10171,2026-09-18 11:58:45.946241,BR_010,1,temporal_link
TXN_004605,ACC_10043,2548.19,CREDIT,EXT_10116,2026-09-18 11:59:21.000000,BR_009,0,normal
TXN_004606,ACC_10039,110217.06,TRANSFER,EXT_10251,2026-09-18 11:59:55.230885,BR_010,1,temporal_link
TXN_004607,ACC_10004,8483.09,DEBIT,EXT_10152,2026-09-18 12:01:15.000000,BR_009,0,normal
TXN_004608,ACC_10026,185948.33,TRANSFER,EXT_10463,2026-09-18 12:03:30.446369,BR_010,1,temporal_link
TXN_004609,ACC_10010,108470.95,TRANSFER,EXT_10068,2026-09-18 12:04:19.250510,BR_010,1,temporal_link
TXN_004610,ACC_10013,3852.83,DEBIT,EXT_10494,2026-09-18 12:04:35.000000,BR_006,0,normal
TXN_004611,ACC_10008,2714.5,DEBIT,EXT_10015,2026-09-18 12:05:30.000000,BR_009,0,normal
TXN_004612,ACC_10045,3671.74,DEBIT,EXT_10372,2026-09-18 12:06:36.000000,BR_009,0,normal
TXN_004613,ACC_10019,2217.17,TRANSFER,EXT_10302,2026-09-18 12:07:38.000000,BR_009,0,normal
TXN_004614,ACC_10024,9968.45,CREDIT,EXT_10452,2026-09-18 12:10:55.000000,BR_009,0,normal
TXN_004615,ACC_10009,164247.5,TRANSFER,EXT_10431,2026-09-18 12:11:23.131298,BR_010,1,temporal_link
TXN_004616,ACC_10024,2058.01,DEBIT,EXT_10486,2026-09-18 12:11:59.000000,BR_009,0,normal
TXN_004617,ACC_10037,177180.9,TRANSFER,EXT_10444,2026-09-18 12:14:33.838155,BR_010,1,temporal_link
TXN_004618,ACC_10047,931.95,PAYMENT,EXT_10360,2026-09-18 12:16:43.000000,BR_009,0,normal
TXN_004619,ACC_10022,4637.29,DEBIT,EXT_10001,2026-09-18 12:17:15.000000,BR_009,0,normal
TXN_004620,ACC_10003,35222.72,TRANSFER,EXT_10164,2026-09-18 12:17:35.000000,BR_009,0,normal
TXN_004621,ACC_10040,3061.25,CREDIT,EXT_10474,2026-09-18 12:20:30.000000,BR_009,0,normal
TXN_004622,ACC_10034,18747.55,PAYMENT,EXT_10464,2026-09-18 12:25:08.000000,BR_009,0,normal
TXN_004623,ACC_10039,782.45,CREDIT,EXT_10424,2026-09-18 12:25:13.000000,BR_009,0,normal
TXN_004624,ACC_10001,14192.01,CREDIT,EXT_10128,2026-09-18 12:26:07.000000,BR_009,0,normal
TXN_004625,ACC_10000,21154.69,TRANSFER,EXT_10376,2026-09-18 12:27:29.000000,BR_009,0,normal
TXN_004626,ACC_10025,759.08,TRANSFER,EXT_10058,2026-09-18 12:28:28.000000,BR_009,0,normal
TXN_004627,ACC_10015,2264.46,PAYMENT,EXT_10396,2026-09-18 12:28:29.000000,BR_009,0,normal
TXN_004628,ACC_10035,10808.35,CREDIT,EXT_10338,2026-09-18 12:28:39.000000,BR_009,0,normal
TXN_004629,ACC_10013,8910.85,CREDIT,EXT_10320,2026-09-18 12:31:58.000000,BR_006,0,normal
TXN_004630,ACC_10003,84744.61,TRANSFER,EXT_10363,2026-09-18 12:35:51.794541,BR_010,1,temporal_link
TXN_004631,ACC_10025,669.87,CREDIT,EXT_10114,2026-09-18 12:41:49.000000,BR_009,0,normal
TXN_004632,ACC_10049,3514.02,DEBIT,EXT_10328,2026-09-18 12:42:41.000000,BR_006,0,normal
TXN_004633,ACC_10011,194701.29,TRANSFER,EXT_10347,2026-09-18 12:46:42.539932,BR_010,1,temporal_link
TXN_004634,ACC_10046,2256.42,TRANSFER,EXT_10072,2026-09-18 12:47:25.000000,BR_009,0,normal
TXN_004635,ACC_10008,2024.42,CREDIT,EXT_10020,2026-09-18 12:47:36.000000,BR_009,0,normal
TXN_004636,ACC_10018,1053.27,DEBIT,EXT_10339,2026-09-18 12:49:32.000000,BR_009,0,normal
TXN_004637,ACC_10015,1649.2,PAYMENT,EXT_10414,2026-09-18 12:50:54.000000,BR_009,0,normal
TXN_004638,ACC_10022,21557.81,DEBIT,EXT_10098,2026-09-18 12:52:23.000000,BR_009,0,normal
TXN_004639,ACC_10006,4130.74,DEBIT,EXT_10387,2026-09-18 12:53:16.000000,BR_009,0,normal
TXN_004640,ACC_10020,8969.04,PAYMENT,EXT_10054,2026-09-18 12:54:36.000000,BR_009,0,clean_busy
TXN_004641,ACC_10004,6145.15,CREDIT,EXT_10037,2026-09-18 13:00:04.000000,BR_009,0,normal
TXN_004642,ACC_10020,1417.19,TRANSFER,EXT_10102,2026-09-18 13:02:30.000000,BR_009,0,clean_busy
TXN_004643,ACC_10042,46957.59,TRANSFER,EXT_10143,2026-09-18 13:04:13.000000,BR_009,1,structuring
TXN_004644,ACC_10020,5729.35,DEBIT,EXT_10120,2026-09-18 13:05:32.000000,BR_009,0,clean_busy
TXN_004645,ACC_10036,7535.97,TRANSFER,EXT_10267,2026-09-18 13:05:32.000000,BR_009,0,normal
TXN_004646,ACC_10023,875.71,DEBIT,EXT_10025,2026-09-18 13:06:02.000000,BR_009,0,normal
TXN_004647,ACC_10004,14411.37,PAYMENT,EXT_10085,2026-09-18 13:08:11.000000,BR_009,0,normal
TXN_004648,ACC_10040,155996.11,TRANSFER,EXT_10279,2026-09-18 13:09:39.096095,BR_010,1,temporal_link
TXN_004649,ACC_10014,63173.68,TRANSFER,EXT_10378,2026-09-18 13:11:31.000000,BR_006,0,normal
TXN_004650,ACC_10042,47909.61,TRANSFER,EXT_10011,2026-09-18 13:15:13.000000,BR_009,1,structuring
TXN_004651,ACC_10022,38910.62,DEBIT,EXT_10319,2026-09-18 13:18:16.000000,BR_009,0,normal
TXN_004652,ACC_10015,4122.14,DEBIT,EXT_10250,2026-09-18 13:20:18.000000,BR_009,0,normal
TXN_004653,ACC_10032,500.0,PAYMENT,EXT_10263,2026-09-18 13:20:24.000000,BR_009,0,normal
TXN_004654,ACC_10037,12881.84,DEBIT,EXT_10377,2026-09-18 13:20:52.000000,BR_009,0,normal
TXN_004655,ACC_10030,2845.96,TRANSFER,EXT_10487,2026-09-18 13:23:10.000000,BR_009,0,normal
TXN_004656,ACC_10022,856.14,CREDIT,EXT_10383,2026-09-18 13:25:52.000000,BR_009,0,normal
TXN_004657,ACC_10034,7866.11,PAYMENT,EXT_10316,2026-09-18 13:25:52.000000,BR_009,0,normal
TXN_004658,ACC_10044,2443.75,DEBIT,EXT_10006,2026-09-18 13:26:19.000000,BR_009,0,normal
TXN_004659,ACC_10035,3767.78,PAYMENT,EXT_10390,2026-09-18 13:26:25.000000,BR_009,0,normal
TXN_004660,ACC_10002,500.0,TRANSFER,EXT_10005,2026-09-18 13:26:55.000000,BR_009,0,normal
TXN_004661,ACC_10037,500.0,TRANSFER,EXT_10115,2026-09-18 13:27:34.000000,BR_009,0,normal
TXN_004662,ACC_10010,4195.91,CREDIT,EXT_10058,2026-09-18 13:28:32.000000,BR_006,0,normal
TXN_004663,ACC_10038,141914.54,TRANSFER,EXT_10225,2026-09-18 13:28:59.333276,BR_010,1,temporal_link
TXN_004664,ACC_10038,2766.17,TRANSFER,EXT_10026,2026-09-18 13:29:44.000000,BR_009,0,normal
TXN_004665,ACC_10049,175094.23,TRANSFER,EXT_10269,2026-09-18 13:31:16.726166,BR_010,1,temporal_link
TXN_004666,ACC_10024,3722.38,TRANSFER,EXT_10035,2026-09-18 13:33:24.000000,BR_009,0,normal
TXN_004667,ACC_10040,13021.18,CREDIT,EXT_10457,2026-09-18 13:34:18.000000,BR_009,0,normal
TXN_004668,ACC_10024,1749.67,CREDIT,EXT_10210,2026-09-18 13:35:18.000000,BR_009,0,normal
TXN_004669,ACC_10043,1699.21,DEBIT,EXT_10112,2026-09-18 13:35:41.000000,BR_009,0,normal
TXN_004670,ACC_10020,2250.29,TRANSFER,EXT_10056,2026-09-18 13:36:13.000000,BR_009,0,clean_busy
TXN_004671,ACC_10042,32829.76,TRANSFER,EXT_10221,2026-09-18 13:37:13.000000,BR_009,1,structuring
TXN_004672,ACC_10017,2905.73,CREDIT,EXT_10226,2026-09-18 13:39:58.000000,BR_009,0,normal
TXN_004673,ACC_10009,4087.34,TRANSFER,EXT_10404,2026-09-18 13:40:21.000000,BR_006,0,normal
TXN_004674,ACC_10017,158460.94,TRANSFER,EXT_10291,2026-09-18 13:41:00.762767,BR_010,1,temporal_link
TXN_004675,ACC_10008,5391.11,DEBIT,EXT_10136,2026-09-18 13:45:08.000000,BR_009,0,normal
TXN_004676,ACC_10009,4932.8,CREDIT,EXT_10130,2026-09-18 13:45:15.000000,BR_006,0,normal
TXN_004677,ACC_10000,8753.33,CREDIT,EXT_10043,2026-09-18 13:46:42.000000,BR_009,0,normal
TXN_004678,ACC_10026,122396.57,TRANSFER,EXT_10440,2026-09-18 13:46:48.042031,BR_010,1,temporal_link
TXN_004679,ACC_10020,514.19,DEBIT,EXT_10023,2026-09-18 13:48:42.000000,BR_009,0,clean_busy
TXN_004680,ACC_10020,933.22,CREDIT,EXT_10283,2026-09-18 13:50:58.000000,BR_009,0,clean_busy
TXN_004681,ACC_10020,133174.43,TRANSFER,EXT_10349,2026-09-18 13:51:19.594679,BR_010,1,temporal_link
TXN_004682,ACC_10039,644.2,DEBIT,EXT_10194,2026-09-18 13:52:38.000000,BR_009,0,normal
TXN_004683,ACC_10027,13435.99,TRANSFER,EXT_10417,2026-09-18 13:53:28.000000,BR_009,0,normal
TXN_004684,ACC_10047,2081.33,PAYMENT,EXT_10474,2026-09-18 13:53:58.000000,BR_009,0,normal
TXN_004685,ACC_10042,37768.24,TRANSFER,EXT_10041,2026-09-18 13:57:13.000000,BR_009,1,structuring
TXN_004686,ACC_10020,4318.8,CREDIT,EXT_10249,2026-09-18 13:58:25.000000,BR_009,0,clean_busy
TXN_004687,ACC_10026,5357.42,TRANSFER,EXT_10455,2026-09-18 13:58:58.000000,BR_009,0,normal
TXN_004688,ACC_10032,118418.88,TRANSFER,EXT_10071,2026-09-18 14:00:11.579290,BR_010,1,temporal_link
TXN_004689,ACC_10016,3468.1,CREDIT,EXT_10035,2026-09-18 14:00:43.000000,BR_009,0,normal
TXN_004690,ACC_10048,3060.65,DEBIT,EXT_10021,2026-09-18 14:04:10.000000,BR_009,0,normal
TXN_004691,ACC_10045,1049.6,CREDIT,EXT_10275,2026-09-18 14:05:21.000000,BR_009,0,normal
TXN_004692,ACC_10039,94400.63,TRANSFER,EXT_10462,2026-09-18 14:05:51.518391,BR_010,1,temporal_link
TXN_004693,ACC_10038,30272.88,CREDIT,EXT_10265,2026-09-18 14:05:59.000000,BR_009,0,normal
TXN_004694,ACC_10042,37950.33,TRANSFER,EXT_10486,2026-09-18 14:09:13.000000,BR_009,1,structuring
TXN_004695,ACC_10024,1675.39,DEBIT,EXT_10324,2026-09-18 14:11:47.000000,BR_009,0,normal
TXN_004696,ACC_10038,3585.36,DEBIT,EXT_10095,2026-09-18 14:14:18.000000,BR_009,0,normal
TXN_004697,ACC_10040,2637.89,CREDIT,EXT_10128,2026-09-18 14:14:54.000000,BR_009,0,normal
TXN_004698,ACC_10016,1011.31,TRANSFER,EXT_10413,2026-09-18 14:17:15.000000,BR_009,0,normal
TXN_004699,ACC_10042,500.0,DEBIT,EXT_10169,2026-09-18 14:17:38.000000,BR_009,0,normal
TXN_004700,ACC_10043,3522.62,DEBIT,EXT_10236,2026-09-18 14:20:16.000000,BR_009,0,normal
TXN_004701,ACC_10049,169904.54,TRANSFER,EXT_10485,2026-09-18 14:20:20.043307,BR_010,1,temporal_link
TXN_004702,ACC_10033,24968.96,CREDIT,EXT_10184,2026-09-18 14:22:06.000000,BR_009,0,normal
TXN_004703,ACC_10022,36048.1,CREDIT,EXT_10078,2026-09-18 14:24:46.000000,BR_009,0,normal
TXN_004704,ACC_10011,1879.54,TRANSFER,EXT_10303,2026-09-18 14:28:03.000000,BR_009,0,normal
TXN_004705,ACC_10042,39343.84,TRANSFER,EXT_10354,2026-09-18 14:28:13.000000,BR_009,1,structuring
TXN_004706,ACC_10042,48725.85,TRANSFER,EXT_10282,2026-09-18 14:31:13.000000,BR_009,1,structuring
TXN_004707,ACC_10013,1536.7,CREDIT,EXT_10399,2026-09-18 14:33:28.000000,BR_006,0,normal
TXN_004708,ACC_10030,9674.32,PAYMENT,EXT_10049,2026-09-18 14:33:51.000000,BR_009,0,normal
TXN_004709,ACC_10003,2783.54,DEBIT,EXT_10404,2026-09-18 14:33:53.000000,BR_009,0,normal
TXN_004710,ACC_10020,2947.38,DEBIT,EXT_10317,2026-09-18 14:34:20.000000,BR_009,0,clean_busy
TXN_004711,ACC_10043,5806.01,TRANSFER,EXT_10058,2026-09-18 14:34:48.000000,BR_009,0,normal
TXN_004712,ACC_10020,6472.59,PAYMENT,EXT_10071,2026-09-18 14:34:59.000000,BR_009,0,normal
TXN_004713,ACC_10029,1666.28,TRANSFER,EXT_10447,2026-09-18 14:35:58.000000,BR_009,0,normal
TXN_004714,ACC_10024,8971.3,DEBIT,EXT_10222,2026-09-18 14:36:28.000000,BR_009,0,normal
TXN_004715,ACC_10025,2078.25,PAYMENT,EXT_10006,2026-09-18 14:37:29.000000,BR_009,0,normal
TXN_004716,ACC_10015,152759.06,TRANSFER,EXT_10488,2026-09-18 14:37:29.564631,BR_010,1,temporal_link
TXN_004717,ACC_10042,109300.2,TRANSFER,EXT_10438,2026-09-18 14:37:42.283903,BR_010,1,temporal_link
TXN_004718,ACC_10005,178009.12,TRANSFER,EXT_10036,2026-09-18 14:37:58.295759,BR_010,1,temporal_link
TXN_004719,ACC_10046,198863.88,TRANSFER,EXT_10053,2026-09-18 14:40:02.104018,BR_010,1,temporal_link
TXN_004720,ACC_10025,1134.71,PAYMENT,EXT_10380,2026-09-18 14:42:01.000000,BR_009,0,normal
TXN_004721,ACC_10003,3466.57,PAYMENT,EXT_10325,2026-09-18 14:44:19.000000,BR_009,0,normal
TXN_004722,ACC_10015,5019.13,CREDIT,EXT_10004,2026-09-18 14:45:14.000000,BR_009,0,normal
TXN_004723,ACC_10018,13127.22,TRANSFER,EXT_10142,2026-09-18 14:45:52.000000,BR_009,0,normal
TXN_004724,ACC_10040,33316.4,CREDIT,EXT_10398,2026-09-18 14:46:08.000000,BR_009,0,normal
TXN_004725,ACC_10030,7379.86,DEBIT,EXT_10015,2026-09-18 14:48:00.000000,BR_009,0,normal
TXN_004726,ACC_10035,2159.25,CREDIT,EXT_10044,2026-09-18 14:48:20.000000,BR_009,0,normal
TXN_004727,ACC_10020,8231.99,TRANSFER,EXT_10188,2026-09-18 14:48:50.000000,BR_009,0,normal
TXN_004728,ACC_10003,500.0,CREDIT,EXT_10141,2026-09-18 14:50:30.000000,BR_009,0,normal
TXN_004729,ACC_10045,526.6,DEBIT,EXT_10179,2026-09-18 14:51:12.000000,BR_009,0,normal
TXN_004730,ACC_10022,7670.26,TRANSFER,EXT_10215,2026-09-18 14:52:27.000000,BR_009,0,normal
TXN_004731,ACC_10031,500.0,CREDIT,EXT_10354,2026-09-18 14:52:28.000000,BR_009,0,normal
TXN_004732,ACC_10000,785.93,CREDIT,EXT_10344,2026-09-18 14:52:55.000000,BR_009,0,normal
TXN_004733,ACC_10047,6989.09,PAYMENT,EXT_10349,2026-09-18 14:53:31.000000,BR_009,0,normal
TXN_004734,ACC_10031,1610.12,CREDIT,EXT_10239,2026-09-18 15:01:11.000000,BR_009,0,normal
TXN_004735,ACC_10005,196878.69,TRANSFER,EXT_10027,2026-09-18 15:02:35.989984,BR_010,1,temporal_link
TXN_004736,ACC_10035,199557.39,TRANSFER,EXT_10257,2026-09-18 15:02:49.159621,BR_010,1,temporal_link
TXN_004737,ACC_10017,25957.33,TRANSFER,EXT_10465,2026-09-18 15:03:28.000000,BR_009,0,normal
TXN_004738,ACC_10004,167840.4,TRANSFER,EXT_10171,2026-09-18 15:07:14.908059,BR_010,1,temporal_link
TXN_004739,ACC_10037,2204.39,CREDIT,EXT_10346,2026-09-18 15:12:35.000000,BR_009,0,normal
TXN_004740,ACC_10020,2371.01,CREDIT,EXT_10151,2026-09-18 15:16:42.000000,BR_009,0,clean_busy
TXN_004741,ACC_10039,149775.84,TRANSFER,EXT_10132,2026-09-18 15:18:56.329055,BR_010,1,temporal_link
TXN_004742,ACC_10037,18707.97,DEBIT,EXT_10447,2026-09-18 15:20:50.000000,BR_009,0,normal
TXN_004743,ACC_10023,14842.56,CREDIT,EXT_10385,2026-09-18 15:23:38.000000,BR_009,0,normal
TXN_004744,ACC_10039,1361.75,TRANSFER,EXT_10123,2026-09-18 15:27:12.000000,BR_009,0,normal
TXN_004745,ACC_10031,53649.99,TRANSFER,EXT_10042,2026-09-18 15:27:21.000000,BR_009,0,normal
TXN_004746,ACC_10020,4956.62,PAYMENT,EXT_10226,2026-09-18 15:28:16.000000,BR_009,0,clean_busy
TXN_004747,ACC_10020,1144.88,CREDIT,EXT_10219,2026-09-18 15:29:41.000000,BR_009,0,clean_busy
TXN_004748,ACC_10045,6641.73,TRANSFER,EXT_10063,2026-09-18 15:29:41.000000,BR_009,0,normal
TXN_004749,ACC_10038,4807.42,CREDIT,EXT_10032,2026-09-18 15:31:42.000000,BR_009,0,normal
TXN_004750,ACC_10027,1866.45,PAYMENT,EXT_10473,2026-09-18 15:34:23.000000,BR_009,0,normal
TXN_004751,ACC_10025,2927.2,DEBIT,EXT_10005,2026-09-18 15:34:27.000000,BR_009,0,normal
TXN_004752,ACC_10020,52985.73,TRANSFER,EXT_10442,2026-09-18 15:36:32.000000,BR_009,0,clean_busy
TXN_004753,ACC_10024,9107.57,PAYMENT,EXT_10287,2026-09-18 15:37:15.000000,BR_009,0,normal
TXN_004754,ACC_10023,1386.35,CREDIT,EXT_10315,2026-09-18 15:39:01.000000,BR_009,0,normal
TXN_004755,ACC_10011,4979.75,TRANSFER,EXT_10009,2026-09-18 15:42:13.000000,BR_009,0,normal
TXN_004756,ACC_10006,840.54,TRANSFER,EXT_10004,2026-09-18 15:43:05.000000,BR_009,0,normal
TXN_004757,ACC_10035,1999.17,DEBIT,EXT_10308,2026-09-18 15:44:35.000000,BR_009,0,normal
TXN_004758,ACC_10012,7748.6,CREDIT,EXT_10006,2026-09-18 15:45:43.000000,BR_009,0,normal
TXN_004759,ACC_10011,500.0,CREDIT,EXT_10179,2026-09-18 15:46:26.000000,BR_009,0,normal
TXN_004760,ACC_10020,3869.67,DEBIT,EXT_10343,2026-09-18 15:47:17.000000,BR_009,0,clean_busy
TXN_004761,ACC_10037,19349.71,CREDIT,EXT_10182,2026-09-18 15:48:34.000000,BR_009,0,normal
TXN_004762,ACC_10020,3318.84,PAYMENT,EXT_10366,2026-09-18 15:50:56.000000,BR_009,0,clean_busy
TXN_004763,ACC_10015,938.19,DEBIT,EXT_10452,2026-09-18 15:51:16.000000,BR_009,0,normal
TXN_004764,ACC_10031,16602.62,TRANSFER,EXT_10408,2026-09-18 15:55:54.000000,BR_009,0,normal
TXN_004765,ACC_10010,6191.41,CREDIT,EXT_10006,2026-09-18 15:56:50.000000,BR_006,0,normal
TXN_004766,ACC_10016,3302.39,TRANSFER,EXT_10337,2026-09-18 15:57:36.000000,BR_009,0,normal
TXN_004767,ACC_10002,4225.87,TRANSFER,EXT_10069,2026-09-18 15:58:32.000000,BR_009,0,normal
TXN_004768,ACC_10045,68902.88,TRANSFER,EXT_10383,2026-09-18 15:59:13.000000,BR_009,0,normal
TXN_004769,ACC_10048,12124.65,CREDIT,EXT_10216,2026-09-18 16:01:30.000000,BR_009,0,normal
TXN_004770,ACC_10017,3592.81,CREDIT,EXT_10109,2026-09-18 16:02:01.000000,BR_009,0,normal
TXN_004771,ACC_10040,83161.63,TRANSFER,EXT_10120,2026-09-18 16:03:42.399565,BR_010,1,temporal_link
TXN_004772,ACC_10039,16257.34,CREDIT,EXT_10081,2026-09-18 16:05:53.000000,BR_009,0,normal
TXN_004773,ACC_10023,9697.16,TRANSFER,EXT_10147,2026-09-18 16:08:31.000000,BR_009,0,normal
TXN_004774,ACC_10035,1595.67,TRANSFER,EXT_10109,2026-09-18 16:09:34.000000,BR_009,0,normal
TXN_004775,ACC_10020,2515.51,DEBIT,EXT_10488,2026-09-18 16:10:31.000000,BR_009,0,normal
TXN_004776,ACC_10036,537.84,CREDIT,EXT_10038,2026-09-18 16:14:08.000000,BR_009,0,normal
TXN_004777,ACC_10010,6126.85,DEBIT,EXT_10275,2026-09-18 16:19:02.000000,BR_006,0,normal
TXN_004778,ACC_10022,1316.66,DEBIT,EXT_10172,2026-09-18 16:19:11.000000,BR_009,0,normal
TXN_004779,ACC_10031,4471.71,DEBIT,EXT_10164,2026-09-18 16:23:52.000000,BR_009,0,normal
TXN_004780,ACC_10014,109214.51,TRANSFER,EXT_10213,2026-09-18 16:24:41.419939,BR_010,1,temporal_link
TXN_004781,ACC_10030,143905.65,TRANSFER,EXT_10260,2026-09-18 16:24:45.054042,BR_010,1,temporal_link
TXN_004782,ACC_10019,500.0,DEBIT,EXT_10069,2026-09-18 16:24:48.000000,BR_009,0,normal
TXN_004783,ACC_10045,6027.51,CREDIT,EXT_10154,2026-09-18 16:25:28.000000,BR_009,0,normal
TXN_004784,ACC_10004,5149.9,PAYMENT,EXT_10275,2026-09-18 16:28:44.000000,BR_009,0,normal
TXN_004785,ACC_10020,7017.18,CREDIT,EXT_10081,2026-09-18 16:30:03.000000,BR_009,0,clean_busy
TXN_004786,ACC_10013,6057.51,TRANSFER,EXT_10400,2026-09-18 16:32:03.000000,BR_006,0,normal
TXN_004787,ACC_10030,4914.06,PAYMENT,EXT_10243,2026-09-18 16:33:36.000000,BR_009,0,normal
TXN_004788,ACC_10020,655.28,DEBIT,EXT_10001,2026-09-18 16:34:00.000000,BR_009,0,clean_busy
TXN_004789,ACC_10022,2504.27,DEBIT,EXT_10297,2026-09-18 16:34:23.000000,BR_009,0,normal
TXN_004790,ACC_10024,22533.02,DEBIT,EXT_10278,2026-09-18 16:34:31.000000,BR_009,0,normal
TXN_004791,ACC_10020,593.54,TRANSFER,EXT_10110,2026-09-18 16:34:39.000000,BR_009,0,clean_busy
TXN_004792,ACC_10023,28191.52,CREDIT,EXT_10189,2026-09-18 16:36:08.000000,BR_009,0,normal
TXN_004793,ACC_10043,1281.87,DEBIT,EXT_10093,2026-09-18 16:38:18.000000,BR_009,0,normal
TXN_004794,ACC_10012,6894.15,DEBIT,EXT_10320,2026-09-18 16:38:22.000000,BR_009,0,normal
TXN_004795,ACC_10027,4081.12,CREDIT,EXT_10369,2026-09-18 16:39:05.000000,BR_009,0,normal
TXN_004796,ACC_10036,1081.17,CREDIT,EXT_10281,2026-09-18 16:40:56.000000,BR_009,0,normal
TXN_004797,ACC_10021,84492.14,TRANSFER,EXT_10022,2026-09-18 16:41:31.364633,BR_010,1,temporal_link
TXN_004798,ACC_10017,194220.2,TRANSFER,EXT_10366,2026-09-18 16:41:54.222506,BR_010,1,temporal_link
TXN_004799,ACC_10031,3997.37,CREDIT,EXT_10305,2026-09-18 16:42:05.000000,BR_009,0,normal
TXN_004800,ACC_10034,6008.63,DEBIT,EXT_10040,2026-09-18 16:42:37.000000,BR_009,0,normal
TXN_004801,ACC_10006,3796.79,PAYMENT,EXT_10134,2026-09-18 16:43:00.000000,BR_009,0,normal
TXN_004802,ACC_10042,12501.97,TRANSFER,EXT_10166,2026-09-18 16:44:18.000000,BR_009,0,normal
TXN_004803,ACC_10048,4929.38,DEBIT,EXT_10342,2026-09-18 16:44:59.000000,BR_009,0,normal
TXN_004804,ACC_10025,1740.29,CREDIT,EXT_10104,2026-09-18 16:48:25.000000,BR_009,0,normal
TXN_004805,ACC_10032,2376.0,TRANSFER,EXT_10116,2026-09-18 16:48:57.000000,BR_009,0,normal
TXN_004806,ACC_10025,140095.98,TRANSFER,EXT_10155,2026-09-18 16:52:46.436109,BR_010,1,temporal_link
TXN_004807,ACC_10006,110339.25,TRANSFER,EXT_10278,2026-09-18 16:53:47.288984,BR_010,1,temporal_link
TXN_004808,ACC_10013,3535.44,CREDIT,EXT_10455,2026-09-18 16:55:29.000000,BR_006,0,normal
TXN_004809,ACC_10044,4680.13,CREDIT,EXT_10240,2026-09-18 17:02:50.000000,BR_009,0,normal
TXN_004810,ACC_10039,2036.55,DEBIT,EXT_10161,2026-09-18 17:05:08.000000,BR_009,0,normal
TXN_004811,ACC_10031,16542.67,CREDIT,EXT_10403,2026-09-18 17:05:50.000000,BR_009,0,normal
TXN_004812,ACC_10012,46470.11,DEBIT,EXT_10189,2026-09-18 17:05:50.000000,BR_009,0,normal
TXN_004813,ACC_10026,3182.96,CREDIT,EXT_10189,2026-09-18 17:06:20.000000,BR_009,0,normal
TXN_004814,ACC_10035,4464.24,TRANSFER,EXT_10021,2026-09-18 17:09:26.000000,BR_009,0,normal
TXN_004815,ACC_10020,9919.17,TRANSFER,EXT_10126,2026-09-18 17:09:59.000000,BR_009,0,clean_busy
TXN_004816,ACC_10032,3953.17,CREDIT,EXT_10287,2026-09-18 17:14:45.000000,BR_009,0,normal
TXN_004817,ACC_10045,23480.12,TRANSFER,EXT_10462,2026-09-18 17:15:31.000000,BR_009,0,normal
TXN_004818,ACC_10028,5326.21,DEBIT,EXT_10396,2026-09-18 17:19:32.000000,BR_006,0,normal
TXN_004819,ACC_10049,58814.45,DEBIT,EXT_10479,2026-09-18 17:20:07.000000,BR_006,0,normal
TXN_004820,ACC_10044,5381.82,DEBIT,EXT_10448,2026-09-18 17:22:03.000000,BR_009,0,normal
TXN_004821,ACC_10006,935.06,CREDIT,EXT_10075,2026-09-18 17:26:45.000000,BR_009,0,normal
TXN_004822,ACC_10044,500.0,PAYMENT,EXT_10056,2026-09-18 17:26:51.000000,BR_009,0,normal
TXN_004823,ACC_10020,3870.98,CREDIT,EXT_10466,2026-09-18 17:27:21.000000,BR_009,0,clean_busy
TXN_004824,ACC_10029,19177.32,TRANSFER,EXT_10079,2026-09-18 17:30:20.000000,BR_009,0,normal
TXN_004825,ACC_10002,1956.04,CREDIT,EXT_10146,2026-09-18 17:31:47.000000,BR_009,0,normal
TXN_004826,ACC_10001,3210.05,DEBIT,EXT_10265,2026-09-18 17:38:33.000000,BR_009,0,normal
TXN_004827,ACC_10019,2435.3,TRANSFER,EXT_10054,2026-09-18 17:53:35.000000,BR_009,0,normal
TXN_004828,ACC_10047,500.0,CREDIT,EXT_10099,2026-09-18 17:56:37.000000,BR_009,0,normal
TXN_004829,ACC_10020,500.0,DEBIT,EXT_10449,2026-09-18 17:57:43.000000,BR_009,0,clean_busy
TXN_004830,ACC_10045,2729.27,TRANSFER,EXT_10403,2026-09-18 17:57:50.000000,BR_009,0,normal
TXN_004831,ACC_10025,1828.18,TRANSFER,EXT_10163,2026-09-19 09:05:34.000000,BR_009,0,normal
TXN_004832,ACC_10018,1581.17,TRANSFER,EXT_10230,2026-09-19 09:08:55.000000,BR_009,0,normal
TXN_004833,ACC_10015,10754.05,CREDIT,EXT_10473,2026-09-19 09:18:41.000000,BR_009,0,normal
TXN_004834,ACC_10025,2901.89,CREDIT,EXT_10252,2026-09-19 09:33:54.000000,BR_009,0,normal
TXN_004835,ACC_10048,826.28,DEBIT,EXT_10286,2026-09-19 09:38:54.000000,BR_009,0,normal
TXN_004836,ACC_10031,9656.84,CREDIT,EXT_10168,2026-09-19 10:37:29.000000,BR_009,0,normal
TXN_004837,ACC_10003,3817.03,PAYMENT,EXT_10369,2026-09-19 10:44:50.000000,BR_009,0,normal
TXN_004838,ACC_10047,566.9,CREDIT,EXT_10220,2026-09-19 10:55:12.000000,BR_009,0,normal
TXN_004839,ACC_10027,2871.0,DEBIT,EXT_10320,2026-09-19 11:46:17.000000,BR_009,0,normal
TXN_004840,ACC_10019,54169.58,CREDIT,EXT_10260,2026-09-19 12:10:41.000000,BR_009,0,normal
TXN_004841,ACC_10008,5726.15,TRANSFER,EXT_10377,2026-09-19 12:24:20.000000,BR_009,0,normal
TXN_004842,ACC_10049,15688.62,DEBIT,EXT_10434,2026-09-19 13:06:35.000000,BR_006,0,normal
TXN_004843,ACC_10046,4602.14,DEBIT,EXT_10451,2026-09-19 13:07:43.000000,BR_009,0,normal
TXN_004844,ACC_10003,107655.05,DEBIT,EXT_10351,2026-09-19 13:10:16.000000,BR_009,0,normal
TXN_004845,ACC_10004,6139.32,CREDIT,EXT_10127,2026-09-19 13:27:12.000000,BR_009,0,normal
TXN_004846,ACC_10041,15333.53,DEBIT,EXT_10085,2026-09-19 13:32:27.000000,BR_009,0,normal
TXN_004847,ACC_10009,4262.15,TRANSFER,EXT_10214,2026-09-19 14:22:01.000000,BR_006,0,normal
TXN_004848,ACC_10028,1866.35,DEBIT,EXT_10277,2026-09-19 14:47:26.000000,BR_006,0,normal
TXN_004849,ACC_10033,4261.25,DEBIT,EXT_10369,2026-09-19 15:08:51.000000,BR_009,0,normal
TXN_004850,ACC_10001,24664.22,PAYMENT,EXT_10254,2026-09-19 16:24:23.000000,BR_009,0,normal
TXN_004851,ACC_10029,1846.38,DEBIT,EXT_10332,2026-09-19 16:39:15.000000,BR_009,0,normal
TXN_004852,ACC_10018,1105.3,CREDIT,EXT_10306,2026-09-19 16:40:20.000000,BR_009,0,normal
TXN_004853,ACC_10001,21729.65,DEBIT,EXT_10446,2026-09-19 16:43:11.000000,BR_009,0,normal
TXN_004854,ACC_10042,1301.67,DEBIT,EXT_10319,2026-09-19 16:45:03.000000,BR_009,0,normal
TXN_004855,ACC_10023,500.0,TRANSFER,EXT_10158,2026-09-19 17:47:40.000000,BR_009,0,normal
TXN_004856,ACC_10024,7708.98,DEBIT,EXT_10334,2026-09-19 17:55:28.000000,BR_009,0,normal
TXN_004857,ACC_10047,2074.96,PAYMENT,EXT_10402,2026-09-20 09:10:01.000000,BR_009,0,normal
TXN_004858,ACC_10015,9049.53,CREDIT,EXT_10141,2026-09-20 09:28:46.000000,BR_009,0,normal
TXN_004859,ACC_10014,1473.32,PAYMENT,EXT_10195,2026-09-20 09:47:06.000000,BR_006,0,normal
TXN_004860,ACC_10014,23202.5,CREDIT,EXT_10009,2026-09-20 09:56:10.000000,BR_006,0,normal
TXN_004861,ACC_10048,2964.48,TRANSFER,EXT_10392,2026-09-20 09:59:10.000000,BR_009,0,normal
TXN_004862,ACC_10024,4995.32,DEBIT,EXT_10304,2026-09-20 11:42:18.000000,BR_009,0,normal
TXN_004863,ACC_10027,896.65,CREDIT,EXT_10161,2026-09-20 11:53:22.000000,BR_009,0,normal
TXN_004864,ACC_10000,4866.57,PAYMENT,EXT_10324,2026-09-20 12:18:51.000000,BR_009,0,normal
TXN_004865,ACC_10025,13666.53,PAYMENT,EXT_10439,2026-09-20 12:24:33.000000,BR_009,0,normal
TXN_004866,ACC_10011,7752.11,DEBIT,EXT_10223,2026-09-20 12:35:22.000000,BR_009,0,normal
TXN_004867,ACC_10031,5976.56,CREDIT,EXT_10001,2026-09-20 12:37:00.000000,BR_009,0,normal
TXN_004868,ACC_10026,653.61,DEBIT,EXT_10144,2026-09-20 13:09:46.000000,BR_009,0,normal
TXN_004869,ACC_10024,500.0,CREDIT,EXT_10379,2026-09-20 13:46:35.000000,BR_009,0,normal
TXN_004870,ACC_10004,2138.7,CREDIT,EXT_10172,2026-09-20 14:01:39.000000,BR_009,0,normal
TXN_004871,ACC_10005,1452.82,TRANSFER,EXT_10329,2026-09-20 15:59:13.000000,BR_009,0,normal
TXN_004872,ACC_10022,1057.07,CREDIT,EXT_10368,2026-09-20 16:03:17.000000,BR_009,0,normal
TXN_004873,ACC_10020,1962.41,TRANSFER,EXT_10393,2026-09-20 16:05:23.000000,BR_009,0,normal
TXN_004874,ACC_10046,1470.79,PAYMENT,EXT_10457,2026-09-20 16:17:09.000000,BR_009,0,normal
TXN_004875,ACC_10033,4807.3,DEBIT,EXT_10272,2026-09-20 16:36:18.000000,BR_009,0,normal
TXN_004876,ACC_10020,1174.08,CREDIT,EXT_10003,2026-09-20 17:05:06.000000,BR_009,0,normal
TXN_004877,ACC_10000,1040.66,TRANSFER,EXT_10280,2026-09-20 17:41:58.000000,BR_009,0,normal
TXN_004878,ACC_10033,1679.76,TRANSFER,EXT_10261,2026-09-20 17:44:22.000000,BR_009,0,normal
TXN_004879,ACC_10024,500.0,DEBIT,EXT_10065,2026-09-20 17:59:52.000000,BR_009,0,normal
TXN_004880,ACC_10048,2711.66,DEBIT,EXT_10340,2026-09-21 09:04:41.000000,BR_009,0,normal
TXN_004881,ACC_10049,13095.64,PAYMENT,EXT_10065,2026-09-21 09:07:20.000000,BR_006,0,normal
TXN_004882,ACC_10015,2841.09,PAYMENT,EXT_10344,2026-09-21 09:08:01.000000,BR_009,0,normal
TXN_004883,ACC_10040,3280.83,DEBIT,EXT_10026,2026-09-21 09:08:32.000000,BR_009,0,normal
TXN_004884,ACC_10042,1251.41,TRANSFER,EXT_10190,2026-09-21 09:09:27.000000,BR_009,0,normal
TXN_004885,ACC_10025,8636.33,DEBIT,EXT_10052,2026-09-21 09:15:18.000000,BR_009,0,normal
TXN_004886,ACC_10048,4781.92,DEBIT,EXT_10220,2026-09-21 09:18:28.000000,BR_009,0,normal
TXN_004887,ACC_10041,612.55,TRANSFER,EXT_10430,2026-09-21 09:19:22.000000,BR_009,0,normal
TXN_004888,ACC_10044,47675.63,CREDIT,EXT_10435,2026-09-21 09:19:28.000000,BR_009,0,normal
TXN_004889,ACC_10033,1190.56,DEBIT,EXT_10416,2026-09-21 09:20:15.000000,BR_009,0,normal
TXN_004890,ACC_10034,14422.14,TRANSFER,EXT_10055,2026-09-21 09:22:30.000000,BR_009,0,normal
TXN_004891,ACC_10031,500.0,DEBIT,EXT_10367,2026-09-21 09:25:19.000000,BR_009,0,normal
TXN_004892,ACC_10004,694.44,PAYMENT,EXT_10494,2026-09-21 09:25:30.000000,BR_009,0,normal
TXN_004893,ACC_10027,31256.75,DEBIT,EXT_10312,2026-09-21 09:28:30.000000,BR_009,0,normal
TXN_004894,ACC_10045,4017.71,PAYMENT,EXT_10009,2026-09-21 09:31:51.000000,BR_009,0,normal
TXN_004895,ACC_10045,16847.25,DEBIT,EXT_10364,2026-09-21 09:35:35.000000,BR_009,0,normal
TXN_004896,ACC_10028,6781.68,DEBIT,EXT_10121,2026-09-21 09:37:05.000000,BR_006,0,normal
TXN_004897,ACC_10038,6446.52,CREDIT,EXT_10366,2026-09-21 09:38:21.000000,BR_009,0,normal
TXN_004898,ACC_10007,1362.94,TRANSFER,EXT_10468,2026-09-21 09:38:26.000000,BR_009,0,normal
TXN_004899,ACC_10002,1580.8,DEBIT,EXT_10495,2026-09-21 09:42:24.000000,BR_009,0,normal
TXN_004900,ACC_10035,1620.22,DEBIT,EXT_10328,2026-09-21 09:45:13.000000,BR_009,0,normal
TXN_004901,ACC_10006,2221.13,TRANSFER,EXT_10424,2026-09-21 09:45:24.000000,BR_009,0,normal
TXN_004902,ACC_10022,7915.22,DEBIT,EXT_10484,2026-09-21 09:46:11.000000,BR_009,0,normal
TXN_004903,ACC_10014,1501.32,TRANSFER,EXT_10485,2026-09-21 09:48:03.000000,BR_006,0,normal
TXN_004904,ACC_10000,17254.66,DEBIT,EXT_10459,2026-09-21 09:49:48.000000,BR_009,0,normal
TXN_004905,ACC_10045,1565.92,CREDIT,EXT_10497,2026-09-21 09:52:26.000000,BR_009,0,normal
TXN_004906,ACC_10036,3957.98,TRANSFER,EXT_10412,2026-09-21 09:53:24.000000,BR_009,0,normal
TXN_004907,ACC_10028,3479.79,DEBIT,EXT_10364,2026-09-21 09:54:41.000000,BR_006,0,normal
TXN_004908,ACC_10031,6786.48,PAYMENT,EXT_10174,2026-09-21 09:59:30.000000,BR_009,0,normal
TXN_004909,ACC_10043,2431.8,PAYMENT,EXT_10195,2026-09-21 10:00:22.000000,BR_009,0,normal
TXN_004910,ACC_10042,1018.23,CREDIT,EXT_10471,2026-09-21 10:00:37.000000,BR_009,0,normal
TXN_004911,ACC_10035,5515.57,TRANSFER,EXT_10466,2026-09-21 10:05:32.000000,BR_009,0,normal
TXN_004912,ACC_10002,1587.23,PAYMENT,EXT_10424,2026-09-21 10:17:57.000000,BR_009,0,normal
TXN_004913,ACC_10046,11862.64,TRANSFER,EXT_10158,2026-09-21 10:19:25.000000,BR_009,0,normal
TXN_004914,ACC_10047,646.83,TRANSFER,EXT_10083,2026-09-21 10:21:57.000000,BR_009,0,normal
TXN_004915,ACC_10048,35921.45,DEBIT,EXT_10107,2026-09-21 10:29:26.000000,BR_009,0,normal
TXN_004916,ACC_10024,9301.97,DEBIT,EXT_10250,2026-09-21 10:31:42.000000,BR_009,0,normal
TXN_004917,ACC_10003,5579.53,TRANSFER,EXT_10296,2026-09-21 10:33:53.000000,BR_009,0,normal
TXN_004918,ACC_10029,3119.04,DEBIT,EXT_10234,2026-09-21 10:38:02.000000,BR_009,0,normal
TXN_004919,ACC_10013,4361.68,PAYMENT,EXT_10385,2026-09-21 10:38:04.000000,BR_006,0,normal
TXN_004920,ACC_10043,770.79,TRANSFER,EXT_10047,2026-09-21 10:38:42.000000,BR_009,0,normal
TXN_004921,ACC_10002,1350.32,PAYMENT,EXT_10417,2026-09-21 10:40:15.000000,BR_009,0,normal
TXN_004922,ACC_10027,6741.56,TRANSFER,EXT_10297,2026-09-21 10:40:20.000000,BR_009,0,normal
TXN_004923,ACC_10044,7444.46,TRANSFER,EXT_10470,2026-09-21 10:41:36.000000,BR_009,0,normal
TXN_004924,ACC_10036,12805.14,DEBIT,EXT_10033,2026-09-21 10:42:16.000000,BR_009,0,normal
TXN_004925,ACC_10014,3885.03,DEBIT,EXT_10300,2026-09-21 10:44:25.000000,BR_006,0,normal
TXN_004926,ACC_10022,500.0,CREDIT,EXT_10407,2026-09-21 10:44:39.000000,BR_009,0,normal
TXN_004927,ACC_10000,1460.92,CREDIT,EXT_10008,2026-09-21 10:46:08.000000,BR_009,0,normal
TXN_004928,ACC_10034,5275.82,CREDIT,EXT_10212,2026-09-21 10:46:11.000000,BR_009,0,normal
TXN_004929,ACC_10026,3409.98,DEBIT,EXT_10053,2026-09-21 10:46:12.000000,BR_009,0,normal
TXN_004930,ACC_10009,11725.51,DEBIT,EXT_10265,2026-09-21 10:46:18.000000,BR_006,0,normal
TXN_004931,ACC_10045,1673.46,CREDIT,EXT_10473,2026-09-21 10:47:04.000000,BR_009,0,normal
TXN_004932,ACC_10002,34235.22,TRANSFER,EXT_10166,2026-09-21 10:47:24.000000,BR_009,0,normal
TXN_004933,ACC_10000,3093.69,TRANSFER,EXT_10016,2026-09-21 10:48:32.000000,BR_009,0,normal
TXN_004934,ACC_10029,44483.43,TRANSFER,EXT_10016,2026-09-21 10:52:30.000000,BR_009,1,structuring
TXN_004935,ACC_10037,16213.67,DEBIT,EXT_10348,2026-09-21 10:54:37.000000,BR_009,0,normal
TXN_004936,ACC_10027,3824.21,DEBIT,EXT_10051,2026-09-21 10:55:29.000000,BR_009,0,normal
TXN_004937,ACC_10029,48524.14,TRANSFER,EXT_10409,2026-09-21 10:56:30.000000,BR_009,1,structuring
TXN_004938,ACC_10029,42903.59,TRANSFER,EXT_10004,2026-09-21 10:56:30.000000,BR_009,1,structuring
TXN_004939,ACC_10030,1416.91,TRANSFER,EXT_10392,2026-09-21 10:58:21.000000,BR_009,0,normal
TXN_004940,ACC_10019,6600.8,PAYMENT,EXT_10320,2026-09-21 11:00:28.000000,BR_009,0,normal
TXN_004941,ACC_10018,4029.93,DEBIT,EXT_10298,2026-09-21 11:04:01.000000,BR_009,0,normal
TXN_004942,ACC_10008,20628.42,DEBIT,EXT_10387,2026-09-21 11:05:02.000000,BR_009,0,normal
TXN_004943,ACC_10045,3367.66,DEBIT,EXT_10440,2026-09-21 11:05:03.000000,BR_009,0,normal
TXN_004944,ACC_10042,6314.48,PAYMENT,EXT_10282,2026-09-21 11:08:33.000000,BR_009,0,normal
TXN_004945,ACC_10029,4579.66,PAYMENT,EXT_10024,2026-09-21 11:09:38.000000,BR_009,0,normal
TXN_004946,ACC_10001,11233.9,PAYMENT,EXT_10420,2026-09-21 11:11:00.000000,BR_009,0,normal
TXN_004947,ACC_10025,1822.02,CREDIT,EXT_10372,2026-09-21 11:12:58.000000,BR_009,0,normal
TXN_004948,ACC_10032,31067.33,TRANSFER,EXT_10148,2026-09-21 11:13:39.000000,BR_009,0,normal
TXN_004949,ACC_10004,1070.44,DEBIT,EXT_10113,2026-09-21 11:13:41.000000,BR_009,0,normal
TXN_004950,ACC_10027,3017.22,DEBIT,EXT_10404,2026-09-21 11:15:50.000000,BR_009,0,normal
TXN_004951,ACC_10049,10775.23,TRANSFER,EXT_10103,2026-09-21 11:17:55.000000,BR_006,0,normal
TXN_004952,ACC_10034,500.0,DEBIT,EXT_10242,2026-09-21 11:20:24.000000,BR_009,0,normal
TXN_004953,ACC_10036,4880.31,DEBIT,EXT_10427,2026-09-21 11:21:27.000000,BR_009,0,normal
TXN_004954,ACC_10022,11915.04,CREDIT,EXT_10186,2026-09-21 11:22:43.000000,BR_009,0,normal
TXN_004955,ACC_10012,6722.49,CREDIT,EXT_10144,2026-09-21 11:34:00.000000,BR_009,0,normal
TXN_004956,ACC_10047,17046.6,TRANSFER,EXT_10293,2026-09-21 11:37:33.000000,BR_009,0,normal
TXN_004957,ACC_10039,500.0,TRANSFER,EXT_10068,2026-09-21 11:38:46.000000,BR_009,0,normal
TXN_004958,ACC_10046,1556.99,PAYMENT,EXT_10447,2026-09-21 11:39:45.000000,BR_009,0,normal
TXN_004959,ACC_10037,8807.46,CREDIT,EXT_10017,2026-09-21 11:40:05.000000,BR_009,0,normal
TXN_004960,ACC_10048,6786.38,PAYMENT,EXT_10060,2026-09-21 11:42:56.000000,BR_009,0,normal
TXN_004961,ACC_10045,1452.13,CREDIT,EXT_10418,2026-09-21 11:47:07.000000,BR_009,0,normal
TXN_004962,ACC_10013,3522.3,CREDIT,EXT_10350,2026-09-21 11:50:06.000000,BR_006,0,normal
TXN_004963,ACC_10028,6299.88,TRANSFER,EXT_10231,2026-09-21 11:53:12.000000,BR_006,0,normal
TXN_004964,ACC_10000,6460.27,DEBIT,EXT_10197,2026-09-21 11:54:25.000000,BR_009,0,normal
TXN_004965,ACC_10041,1432.22,TRANSFER,EXT_10379,2026-09-21 11:55:21.000000,BR_009,0,normal
TXN_004966,ACC_10006,3579.14,DEBIT,EXT_10175,2026-09-21 11:55:57.000000,BR_009,0,normal
TXN_004967,ACC_10019,7338.48,TRANSFER,EXT_10453,2026-09-21 11:56:54.000000,BR_009,0,normal
TXN_004968,ACC_10049,5216.05,TRANSFER,EXT_10054,2026-09-21 11:58:36.000000,BR_006,0,normal
TXN_004969,ACC_10016,1747.09,DEBIT,EXT_10409,2026-09-21 12:00:41.000000,BR_009,0,normal
TXN_004970,ACC_10029,43600.34,TRANSFER,EXT_10373,2026-09-21 12:01:30.000000,BR_009,1,structuring
TXN_004971,ACC_10000,3233.85,PAYMENT,EXT_10317,2026-09-21 12:02:51.000000,BR_009,0,normal
TXN_004972,ACC_10045,12686.87,CREDIT,EXT_10246,2026-09-21 12:03:18.000000,BR_009,0,normal
TXN_004973,ACC_10035,75917.25,DEBIT,EXT_10330,2026-09-21 12:03:20.000000,BR_009,0,normal
TXN_004974,ACC_10014,67098.11,TRANSFER,EXT_10016,2026-09-21 12:09:28.000000,BR_006,0,normal
TXN_004975,ACC_10037,7031.68,TRANSFER,EXT_10411,2026-09-21 12:09:40.000000,BR_009,0,normal
TXN_004976,ACC_10002,3555.05,TRANSFER,EXT_10077,2026-09-21 12:12:58.000000,BR_009,0,normal
TXN_004977,ACC_10023,1793.22,CREDIT,EXT_10172,2026-09-21 12:13:23.000000,BR_009,0,normal
TXN_004978,ACC_10029,30735.28,TRANSFER,EXT_10399,2026-09-21 12:13:30.000000,BR_009,1,structuring
TXN_004979,ACC_10046,11205.44,DEBIT,EXT_10093,2026-09-21 12:15:33.000000,BR_009,0,normal
TXN_004980,ACC_10023,2748.07,DEBIT,EXT_10046,2026-09-21 12:15:57.000000,BR_009,0,normal
TXN_004981,ACC_10004,1790.74,TRANSFER,EXT_10218,2026-09-21 12:19:22.000000,BR_009,0,normal
TXN_004982,ACC_10025,1173.41,TRANSFER,EXT_10123,2026-09-21 12:23:30.000000,BR_009,0,normal
TXN_004983,ACC_10040,5229.29,DEBIT,EXT_10151,2026-09-21 12:25:29.000000,BR_009,0,normal
TXN_004984,ACC_10024,3537.62,CREDIT,EXT_10033,2026-09-21 12:25:57.000000,BR_009,0,normal
TXN_004985,ACC_10034,1387.73,TRANSFER,EXT_10358,2026-09-21 12:27:33.000000,BR_009,0,normal
TXN_004986,ACC_10018,2594.1,TRANSFER,EXT_10140,2026-09-21 12:33:33.000000,BR_009,0,normal
TXN_004987,ACC_10005,500.0,DEBIT,EXT_10049,2026-09-21 12:34:04.000000,BR_009,0,normal
TXN_004988,ACC_10028,1792.03,DEBIT,EXT_10231,2026-09-21 12:34:19.000000,BR_006,0,normal
TXN_004989,ACC_10000,540.16,TRANSFER,EXT_10087,2026-09-21 12:36:27.000000,BR_009,0,normal
TXN_004990,ACC_10006,2257.55,DEBIT,EXT_10398,2026-09-21 12:36:34.000000,BR_009,0,normal
TXN_004991,ACC_10029,35267.4,TRANSFER,EXT_10393,2026-09-21 12:37:30.000000,BR_009,1,structuring
TXN_004992,ACC_10045,4895.37,TRANSFER,EXT_10169,2026-09-21 12:39:01.000000,BR_009,0,normal
TXN_004993,ACC_10039,1656.43,CREDIT,EXT_10081,2026-09-21 12:44:41.000000,BR_009,0,normal
TXN_004994,ACC_10029,699.31,PAYMENT,EXT_10021,2026-09-21 12:47:54.000000,BR_009,0,normal
TXN_004995,ACC_10008,3301.09,CREDIT,EXT_10489,2026-09-21 12:48:04.000000,BR_009,0,normal
TXN_004996,ACC_10018,1126.43,DEBIT,EXT_10469,2026-09-21 12:49:59.000000,BR_009,0,normal
TXN_004997,ACC_10036,20704.82,CREDIT,EXT_10197,2026-09-21 12:51:24.000000,BR_009,0,normal
TXN_004998,ACC_10014,946.07,DEBIT,EXT_10312,2026-09-21 12:55:19.000000,BR_006,0,normal
TXN_004999,ACC_10032,500.0,DEBIT,EXT_10473,2026-09-21 12:59:51.000000,BR_009,0,normal
TXN_005000,ACC_10001,5652.79,PAYMENT,EXT_10315,2026-09-21 13:03:18.000000,BR_009,0,normal
TXN_005001,ACC_10021,14660.33,DEBIT,EXT_10250,2026-09-21 13:03:28.000000,BR_009,0,normal
TXN_005002,ACC_10033,1156.37,PAYMENT,EXT_10234,2026-09-21 13:05:56.000000,BR_009,0,normal
TXN_005003,ACC_10042,3199.4,CREDIT,EXT_10209,2026-09-21 13:07:26.000000,BR_009,0,normal
TXN_005004,ACC_10043,3275.56,TRANSFER,EXT_10408,2026-09-21 13:08:50.000000,BR_009,0,normal
TXN_005005,ACC_10033,2362.55,TRANSFER,EXT_10103,2026-09-21 13:08:55.000000,BR_009,0,normal
TXN_005006,ACC_10023,24115.16,TRANSFER,EXT_10039,2026-09-21 13:16:32.000000,BR_009,0,normal
TXN_005007,ACC_10026,4327.02,DEBIT,EXT_10039,2026-09-21 13:19:51.000000,BR_009,0,normal
TXN_005008,ACC_10007,1022.7,TRANSFER,EXT_10172,2026-09-21 13:20:53.000000,BR_009,0,normal
TXN_005009,ACC_10036,11166.49,CREDIT,EXT_10439,2026-09-21 13:21:23.000000,BR_009,0,normal
TXN_005010,ACC_10043,1589.83,CREDIT,EXT_10413,2026-09-21 13:21:27.000000,BR_009,0,normal
TXN_005011,ACC_10000,8149.19,TRANSFER,EXT_10065,2026-09-21 13:29:48.000000,BR_009,0,normal
TXN_005012,ACC_10047,972.66,TRANSFER,EXT_10064,2026-09-21 13:30:37.000000,BR_009,0,normal
TXN_005013,ACC_10048,7518.48,CREDIT,EXT_10227,2026-09-21 13:31:06.000000,BR_009,0,normal
TXN_005014,ACC_10049,33100.05,CREDIT,EXT_10254,2026-09-21 13:31:11.000000,BR_006,0,normal
TXN_005015,ACC_10025,2758.16,TRANSFER,EXT_10467,2026-09-21 13:32:07.000000,BR_009,0,normal
TXN_005016,ACC_10007,4486.64,CREDIT,EXT_10405,2026-09-21 13:33:41.000000,BR_009,0,normal
TXN_005017,ACC_10017,1262.42,PAYMENT,EXT_10185,2026-09-21 13:33:51.000000,BR_009,0,normal
TXN_005018,ACC_10019,8320.74,DEBIT,EXT_10442,2026-09-21 13:38:51.000000,BR_009,0,normal
TXN_005019,ACC_10027,3328.53,DEBIT,EXT_10230,2026-09-21 13:40:45.000000,BR_009,0,normal
TXN_005020,ACC_10017,2766.21,TRANSFER,EXT_10034,2026-09-21 13:41:07.000000,BR_009,0,normal
TXN_005021,ACC_10023,5077.06,DEBIT,EXT_10194,2026-09-21 13:41:49.000000,BR_009,0,normal
TXN_005022,ACC_10004,52818.12,CREDIT,EXT_10331,2026-09-21 13:42:02.000000,BR_009,0,normal
TXN_005023,ACC_10010,25276.25,CREDIT,EXT_10338,2026-09-21 13:47:00.000000,BR_006,0,normal
TXN_005024,ACC_10006,20796.16,DEBIT,EXT_10125,2026-09-21 13:48:16.000000,BR_009,0,normal
TXN_005025,ACC_10038,3573.89,CREDIT,EXT_10022,2026-09-21 13:49:17.000000,BR_009,0,normal
TXN_005026,ACC_10022,2956.18,PAYMENT,EXT_10218,2026-09-21 13:50:47.000000,BR_009,0,normal
TXN_005027,ACC_10030,7488.15,DEBIT,EXT_10358,2026-09-21 13:53:07.000000,BR_009,0,normal
TXN_005028,ACC_10020,1640.51,TRANSFER,EXT_10152,2026-09-21 13:55:08.000000,BR_009,0,normal
TXN_005029,ACC_10045,6397.52,DEBIT,EXT_10497,2026-09-21 13:55:19.000000,BR_009,0,normal
TXN_005030,ACC_10006,500.0,DEBIT,EXT_10279,2026-09-21 13:57:27.000000,BR_009,0,normal
TXN_005031,ACC_10022,15091.04,TRANSFER,EXT_10358,2026-09-21 14:01:00.000000,BR_009,0,normal
TXN_005032,ACC_10045,1710.16,CREDIT,EXT_10076,2026-09-21 14:01:36.000000,BR_009,0,normal
TXN_005033,ACC_10022,19878.91,CREDIT,EXT_10085,2026-09-21 14:08:31.000000,BR_009,0,normal
TXN_005034,ACC_10049,756.36,DEBIT,EXT_10212,2026-09-21 14:15:29.000000,BR_006,0,normal
TXN_005035,ACC_10003,1125.75,DEBIT,EXT_10351,2026-09-21 14:22:41.000000,BR_009,0,normal
TXN_005036,ACC_10024,2602.12,CREDIT,EXT_10003,2026-09-21 14:23:48.000000,BR_009,0,normal
TXN_005037,ACC_10022,23989.21,CREDIT,EXT_10208,2026-09-21 14:24:26.000000,BR_009,0,normal
TXN_005038,ACC_10024,29445.38,DEBIT,EXT_10442,2026-09-21 14:25:19.000000,BR_009,0,normal
TXN_005039,ACC_10026,3747.63,DEBIT,EXT_10125,2026-09-21 14:26:16.000000,BR_009,0,normal
TXN_005040,ACC_10015,500.0,CREDIT,EXT_10146,2026-09-21 14:27:27.000000,BR_009,0,normal
TXN_005041,ACC_10033,5928.73,PAYMENT,EXT_10472,2026-09-21 14:27:36.000000,BR_009,0,normal
TXN_005042,ACC_10032,15969.18,DEBIT,EXT_10101,2026-09-21 14:32:04.000000,BR_009,0,normal
TXN_005043,ACC_10036,4416.35,DEBIT,EXT_10050,2026-09-21 14:32:59.000000,BR_009,0,normal
TXN_005044,ACC_10017,12947.84,CREDIT,EXT_10084,2026-09-21 14:34:56.000000,BR_009,0,normal
TXN_005045,ACC_10026,925.56,TRANSFER,EXT_10440,2026-09-21 14:35:03.000000,BR_009,0,normal
TXN_005046,ACC_10002,3483.46,DEBIT,EXT_10195,2026-09-21 14:35:20.000000,BR_009,0,normal
TXN_005047,ACC_10029,567.59,CREDIT,EXT_10096,2026-09-21 14:36:42.000000,BR_009,0,normal
TXN_005048,ACC_10015,39316.22,DEBIT,EXT_10206,2026-09-21 14:40:22.000000,BR_009,0,normal
TXN_005049,ACC_10029,644.3,PAYMENT,EXT_10451,2026-09-21 14:43:34.000000,BR_009,0,normal
TXN_005050,ACC_10026,2706.36,DEBIT,EXT_10227,2026-09-21 14:50:20.000000,BR_009,0,normal
TXN_005051,ACC_10042,25702.27,PAYMENT,EXT_10055,2026-09-21 14:51:56.000000,BR_009,0,normal
TXN_005052,ACC_10042,4885.01,TRANSFER,EXT_10196,2026-09-21 14:52:37.000000,BR_009,0,normal
TXN_005053,ACC_10048,4129.91,DEBIT,EXT_10397,2026-09-21 14:53:18.000000,BR_009,0,normal
TXN_005054,ACC_10005,5084.35,DEBIT,EXT_10036,2026-09-21 15:02:50.000000,BR_009,0,normal
TXN_005055,ACC_10041,924.66,DEBIT,EXT_10371,2026-09-21 15:03:59.000000,BR_009,0,normal
TXN_005056,ACC_10032,7451.18,CREDIT,EXT_10200,2026-09-21 15:06:58.000000,BR_009,0,normal
TXN_005057,ACC_10039,8557.97,CREDIT,EXT_10323,2026-09-21 15:07:09.000000,BR_009,0,normal
TXN_005058,ACC_10022,4648.41,CREDIT,EXT_10460,2026-09-21 15:10:40.000000,BR_009,0,normal
TXN_005059,ACC_10007,1535.05,DEBIT,EXT_10303,2026-09-21 15:10:44.000000,BR_009,0,normal
TXN_005060,ACC_10031,4516.82,TRANSFER,EXT_10252,2026-09-21 15:12:39.000000,BR_009,0,normal
TXN_005061,ACC_10029,5883.35,PAYMENT,EXT_10057,2026-09-21 15:15:21.000000,BR_009,0,normal
TXN_005062,ACC_10049,8201.59,TRANSFER,EXT_10496,2026-09-21 15:19:56.000000,BR_006,0,normal
TXN_005063,ACC_10003,21704.97,TRANSFER,EXT_10387,2026-09-21 15:21:28.000000,BR_009,0,normal
TXN_005064,ACC_10049,5358.33,CREDIT,EXT_10188,2026-09-21 15:22:36.000000,BR_006,0,normal
TXN_005065,ACC_10035,200000.0,PAYMENT,EXT_10108,2026-09-21 15:23:31.000000,BR_009,0,normal
TXN_005066,ACC_10030,2842.28,TRANSFER,EXT_10362,2026-09-21 15:26:24.000000,BR_009,0,normal
TXN_005067,ACC_10007,634.96,TRANSFER,EXT_10350,2026-09-21 15:28:43.000000,BR_009,0,normal
TXN_005068,ACC_10026,23483.98,DEBIT,EXT_10110,2026-09-21 15:28:45.000000,BR_009,0,normal
TXN_005069,ACC_10003,617.93,PAYMENT,EXT_10003,2026-09-21 15:29:33.000000,BR_009,0,normal
TXN_005070,ACC_10011,1407.85,TRANSFER,EXT_10112,2026-09-21 15:32:29.000000,BR_009,0,normal
TXN_005071,ACC_10017,11878.5,DEBIT,EXT_10315,2026-09-21 15:33:47.000000,BR_009,0,normal
TXN_005072,ACC_10027,27106.06,DEBIT,EXT_10145,2026-09-21 15:33:53.000000,BR_009,0,normal
TXN_005073,ACC_10032,2463.15,DEBIT,EXT_10256,2026-09-21 15:36:38.000000,BR_009,0,normal
TXN_005074,ACC_10048,500.0,DEBIT,EXT_10115,2026-09-21 15:36:55.000000,BR_009,0,normal
TXN_005075,ACC_10035,878.34,DEBIT,EXT_10283,2026-09-21 15:38:12.000000,BR_009,0,normal
TXN_005076,ACC_10000,698.07,DEBIT,EXT_10112,2026-09-21 15:39:08.000000,BR_009,0,normal
TXN_005077,ACC_10008,8434.04,TRANSFER,EXT_10337,2026-09-21 15:39:35.000000,BR_009,0,normal
TXN_005078,ACC_10024,500.0,DEBIT,EXT_10487,2026-09-21 15:42:49.000000,BR_009,0,normal
TXN_005079,ACC_10035,12561.27,CREDIT,EXT_10394,2026-09-21 15:42:53.000000,BR_009,0,normal
TXN_005080,ACC_10004,5283.81,TRANSFER,EXT_10136,2026-09-21 15:46:15.000000,BR_009,0,normal
TXN_005081,ACC_10006,1753.77,TRANSFER,EXT_10387,2026-09-21 15:49:52.000000,BR_009,0,normal
TXN_005082,ACC_10030,30236.15,DEBIT,EXT_10168,2026-09-21 15:52:15.000000,BR_009,0,normal
TXN_005083,ACC_10032,732.19,CREDIT,EXT_10461,2026-09-21 15:57:04.000000,BR_009,0,normal
TXN_005084,ACC_10008,3120.31,DEBIT,EXT_10136,2026-09-21 15:58:40.000000,BR_009,0,normal
TXN_005085,ACC_10002,2662.16,PAYMENT,EXT_10430,2026-09-21 15:59:13.000000,BR_009,0,normal
TXN_005086,ACC_10023,3385.64,DEBIT,EXT_10052,2026-09-21 16:01:04.000000,BR_009,0,normal
TXN_005087,ACC_10030,500.0,CREDIT,EXT_10484,2026-09-21 16:01:26.000000,BR_009,0,normal
TXN_005088,ACC_10034,500.0,TRANSFER,EXT_10393,2026-09-21 16:02:23.000000,BR_009,0,normal
TXN_005089,ACC_10043,5291.11,DEBIT,EXT_10044,2026-09-21 16:07:46.000000,BR_009,0,normal
TXN_005090,ACC_10008,12105.02,CREDIT,EXT_10331,2026-09-21 16:10:32.000000,BR_009,0,normal
TXN_005091,ACC_10007,4154.19,CREDIT,EXT_10374,2026-09-21 16:11:42.000000,BR_009,0,normal
TXN_005092,ACC_10003,31937.06,CREDIT,EXT_10358,2026-09-21 16:16:01.000000,BR_009,0,normal
TXN_005093,ACC_10026,27056.96,CREDIT,EXT_10401,2026-09-21 16:17:19.000000,BR_009,0,normal
TXN_005094,ACC_10019,2408.13,DEBIT,EXT_10015,2026-09-21 16:19:47.000000,BR_009,0,normal
TXN_005095,ACC_10026,692.16,TRANSFER,EXT_10432,2026-09-21 16:20:31.000000,BR_009,0,normal
TXN_005096,ACC_10004,7742.36,PAYMENT,EXT_10382,2026-09-21 16:21:25.000000,BR_009,0,normal
TXN_005097,ACC_10029,1276.52,DEBIT,EXT_10242,2026-09-21 16:22:29.000000,BR_009,0,normal
TXN_005098,ACC_10038,4066.7,CREDIT,EXT_10495,2026-09-21 16:23:25.000000,BR_009,0,normal
TXN_005099,ACC_10039,11830.5,TRANSFER,EXT_10287,2026-09-21 16:28:12.000000,BR_009,0,normal
TXN_005100,ACC_10043,1051.35,PAYMENT,EXT_10008,2026-09-21 16:29:38.000000,BR_009,0,normal
TXN_005101,ACC_10030,8696.56,DEBIT,EXT_10268,2026-09-21 16:30:47.000000,BR_009,0,normal
TXN_005102,ACC_10041,4849.0,DEBIT,EXT_10306,2026-09-21 16:44:45.000000,BR_009,0,normal
TXN_005103,ACC_10038,500.0,DEBIT,EXT_10198,2026-09-21 16:47:29.000000,BR_009,0,normal
TXN_005104,ACC_10020,1678.53,PAYMENT,EXT_10477,2026-09-21 16:52:17.000000,BR_009,0,normal
TXN_005105,ACC_10008,500.0,DEBIT,EXT_10322,2026-09-21 16:53:14.000000,BR_009,0,normal
TXN_005106,ACC_10026,26362.75,CREDIT,EXT_10386,2026-09-21 16:53:23.000000,BR_009,0,normal
TXN_005107,ACC_10003,473768.8,TRANSFER,ACC_10045,2026-09-21 16:53:37.000000,BR_009,1,circular_transfer
TXN_005108,ACC_10012,36804.44,TRANSFER,EXT_10143,2026-09-21 16:55:09.000000,BR_009,1,structuring
TXN_005109,ACC_10039,30843.48,PAYMENT,EXT_10228,2026-09-21 16:56:00.000000,BR_009,0,normal
TXN_005110,ACC_10000,13960.08,TRANSFER,EXT_10421,2026-09-21 16:56:09.000000,BR_009,0,normal
TXN_005111,ACC_10030,12857.8,TRANSFER,EXT_10189,2026-09-21 16:56:42.000000,BR_009,0,normal
TXN_005112,ACC_10035,34617.94,CREDIT,EXT_10114,2026-09-21 16:57:25.000000,BR_009,0,normal
TXN_005113,ACC_10004,651.23,PAYMENT,EXT_10361,2026-09-21 17:05:32.000000,BR_009,0,normal
TXN_005114,ACC_10012,36853.53,TRANSFER,EXT_10403,2026-09-21 17:06:09.000000,BR_009,1,structuring
TXN_005115,ACC_10022,1068.35,TRANSFER,EXT_10000,2026-09-21 17:06:21.000000,BR_009,0,normal
TXN_005116,ACC_10038,7244.29,TRANSFER,EXT_10131,2026-09-21 17:07:21.000000,BR_009,0,normal
TXN_005117,ACC_10045,2740.46,TRANSFER,EXT_10008,2026-09-21 17:10:16.000000,BR_009,0,normal
TXN_005118,ACC_10008,1022.63,CREDIT,EXT_10429,2026-09-21 17:12:24.000000,BR_009,0,normal
TXN_005119,ACC_10044,50667.24,DEBIT,EXT_10174,2026-09-21 17:12:28.000000,BR_009,0,normal
TXN_005120,ACC_10006,32461.68,DEBIT,EXT_10027,2026-09-21 17:12:43.000000,BR_009,0,normal
TXN_005121,ACC_10010,37383.05,CREDIT,EXT_10201,2026-09-21 17:17:34.000000,BR_006,0,normal
TXN_005122,ACC_10043,9846.13,PAYMENT,EXT_10141,2026-09-21 17:19:00.000000,BR_009,0,normal
TXN_005123,ACC_10049,655.3,DEBIT,EXT_10281,2026-09-21 17:19:47.000000,BR_006,0,normal
TXN_005124,ACC_10032,500.0,DEBIT,EXT_10253,2026-09-21 17:20:35.000000,BR_009,0,normal
TXN_005125,ACC_10045,473768.8,TRANSFER,ACC_10032,2026-09-21 17:20:37.000000,BR_009,1,circular_transfer
TXN_005126,ACC_10010,2123.44,CREDIT,EXT_10275,2026-09-21 17:21:32.000000,BR_006,0,normal
TXN_005127,ACC_10031,7570.21,PAYMENT,EXT_10446,2026-09-21 17:22:11.000000,BR_009,0,normal
TXN_005128,ACC_10009,4145.54,TRANSFER,EXT_10040,2026-09-21 17:24:16.000000,BR_006,0,normal
TXN_005129,ACC_10016,3983.42,CREDIT,EXT_10460,2026-09-21 17:24:53.000000,BR_009,0,normal
TXN_005130,ACC_10038,990.04,TRANSFER,EXT_10191,2026-09-21 17:25:34.000000,BR_009,0,normal
TXN_005131,ACC_10044,1571.95,DEBIT,EXT_10083,2026-09-21 17:27:04.000000,BR_009,0,normal
TXN_005132,ACC_10008,22357.73,PAYMENT,EXT_10125,2026-09-21 17:28:12.000000,BR_009,0,normal
TXN_005133,ACC_10040,18636.08,CREDIT,EXT_10331,2026-09-21 17:31:33.000000,BR_009,0,normal
TXN_005134,ACC_10027,500.0,DEBIT,EXT_10196,2026-09-21 17:33:57.000000,BR_009,0,normal
TXN_005135,ACC_10031,602.14,CREDIT,EXT_10241,2026-09-21 17:36:35.000000,BR_009,0,normal
TXN_005136,ACC_10032,473768.8,TRANSFER,ACC_10003,2026-09-21 17:39:37.000000,BR_009,1,circular_transfer
TXN_005137,ACC_10026,1097.42,TRANSFER,EXT_10042,2026-09-21 17:40:38.000000,BR_009,0,normal
TXN_005138,ACC_10036,500.0,DEBIT,EXT_10200,2026-09-21 17:41:36.000000,BR_009,0,normal
TXN_005139,ACC_10021,1497.94,TRANSFER,EXT_10204,2026-09-21 17:42:51.000000,BR_009,0,normal
TXN_005140,ACC_10022,2566.12,DEBIT,EXT_10498,2026-09-21 17:45:12.000000,BR_009,0,normal
TXN_005141,ACC_10044,2589.05,PAYMENT,EXT_10085,2026-09-21 17:50:03.000000,BR_009,0,normal
TXN_005142,ACC_10015,25430.09,DEBIT,EXT_10096,2026-09-21 17:51:01.000000,BR_009,0,normal
TXN_005143,ACC_10017,24502.06,TRANSFER,EXT_10455,2026-09-21 17:52:45.000000,BR_009,0,normal
TXN_005144,ACC_10012,43036.39,TRANSFER,EXT_10456,2026-09-21 17:53:09.000000,BR_009,1,structuring
TXN_005145,ACC_10012,45604.31,TRANSFER,EXT_10413,2026-09-21 17:59:09.000000,BR_009,1,structuring
TXN_005146,ACC_10012,45626.44,TRANSFER,EXT_10466,2026-09-21 18:20:09.000000,BR_009,1,structuring
TXN_005147,ACC_10013,556.85,CREDIT,EXT_10060,2026-09-22 09:01:03.000000,BR_006,0,normal
TXN_005148,ACC_10004,516.34,CREDIT,EXT_10194,2026-09-22 09:03:17.000000,BR_009,0,normal
TXN_005149,ACC_10015,2020.34,DEBIT,EXT_10214,2026-09-22 09:03:57.000000,BR_009,0,normal
TXN_005150,ACC_10007,3874.25,TRANSFER,EXT_10051,2026-09-22 09:08:28.000000,BR_009,0,normal
TXN_005151,ACC_10037,3051.44,DEBIT,EXT_10337,2026-09-22 09:09:33.000000,BR_009,0,normal
TXN_005152,ACC_10022,9556.79,DEBIT,EXT_10369,2026-09-22 09:10:51.000000,BR_009,0,normal
TXN_005153,ACC_10036,3466.26,CREDIT,EXT_10392,2026-09-22 09:10:55.000000,BR_009,0,normal
TXN_005154,ACC_10022,512.74,PAYMENT,EXT_10484,2026-09-22 09:14:53.000000,BR_009,0,normal
TXN_005155,ACC_10030,630.29,DEBIT,EXT_10019,2026-09-22 09:16:45.000000,BR_009,0,normal
TXN_005156,ACC_10012,798.94,CREDIT,EXT_10083,2026-09-22 09:17:49.000000,BR_009,0,normal
TXN_005157,ACC_10030,4683.2,CREDIT,EXT_10052,2026-09-22 09:21:56.000000,BR_009,0,normal
TXN_005158,ACC_10038,29451.0,TRANSFER,EXT_10328,2026-09-22 09:24:23.000000,BR_009,0,normal
TXN_005159,ACC_10046,500.0,CREDIT,EXT_10126,2026-09-22 09:29:35.000000,BR_009,0,normal
TXN_005160,ACC_10005,1045.41,TRANSFER,EXT_10062,2026-09-22 09:31:12.000000,BR_009,0,normal
TXN_005161,ACC_10018,1094.15,CREDIT,EXT_10448,2026-09-22 09:31:25.000000,BR_009,0,normal
TXN_005162,ACC_10022,1326.21,DEBIT,EXT_10329,2026-09-22 09:32:47.000000,BR_009,0,normal
TXN_005163,ACC_10029,1920.69,PAYMENT,EXT_10058,2026-09-22 09:33:21.000000,BR_009,0,normal
TXN_005164,ACC_10042,2291.14,TRANSFER,EXT_10230,2026-09-22 09:36:09.000000,BR_009,0,normal
TXN_005165,ACC_10045,6714.11,DEBIT,EXT_10413,2026-09-22 09:37:29.000000,BR_009,0,normal
TXN_005166,ACC_10031,2298.51,TRANSFER,EXT_10200,2026-09-22 09:38:13.000000,BR_009,0,normal
TXN_005167,ACC_10000,5411.0,DEBIT,EXT_10373,2026-09-22 09:38:45.000000,BR_009,0,normal
TXN_005168,ACC_10011,1748.49,TRANSFER,EXT_10230,2026-09-22 09:39:14.000000,BR_009,0,normal
TXN_005169,ACC_10011,26619.66,CREDIT,EXT_10234,2026-09-22 09:41:31.000000,BR_009,0,normal
TXN_005170,ACC_10039,9328.66,CREDIT,EXT_10498,2026-09-22 09:43:22.000000,BR_009,0,normal
TXN_005171,ACC_10048,11581.51,PAYMENT,EXT_10494,2026-09-22 09:46:10.000000,BR_009,0,normal
TXN_005172,ACC_10023,1054.37,DEBIT,EXT_10337,2026-09-22 09:47:11.000000,BR_009,0,normal
TXN_005173,ACC_10026,500.0,CREDIT,EXT_10350,2026-09-22 09:50:43.000000,BR_009,0,normal
TXN_005174,ACC_10008,5843.96,CREDIT,EXT_10485,2026-09-22 09:51:09.000000,BR_009,0,normal
TXN_005175,ACC_10009,1401.6,CREDIT,EXT_10360,2026-09-22 09:54:56.000000,BR_006,0,normal
TXN_005176,ACC_10036,621.57,DEBIT,EXT_10201,2026-09-22 09:55:13.000000,BR_009,0,normal
TXN_005177,ACC_10013,4769.28,DEBIT,EXT_10417,2026-09-22 09:55:16.000000,BR_006,0,normal
TXN_005178,ACC_10023,8281.47,DEBIT,EXT_10455,2026-09-22 09:58:06.000000,BR_009,0,normal
TXN_005179,ACC_10008,632.33,TRANSFER,EXT_10185,2026-09-22 09:58:15.000000,BR_009,0,normal
TXN_005180,ACC_10031,4630.33,PAYMENT,EXT_10451,2026-09-22 10:00:31.000000,BR_009,0,normal
TXN_005181,ACC_10026,2580.11,TRANSFER,EXT_10370,2026-09-22 10:01:31.000000,BR_009,0,normal
TXN_005182,ACC_10035,3415.43,CREDIT,EXT_10499,2026-09-22 10:07:02.000000,BR_009,0,normal
TXN_005183,ACC_10034,14670.56,TRANSFER,EXT_10259,2026-09-22 10:07:37.000000,BR_009,0,normal
TXN_005184,ACC_10020,67600.17,TRANSFER,EXT_10462,2026-09-22 10:09:15.000000,BR_009,0,normal
TXN_005185,ACC_10024,4436.51,TRANSFER,EXT_10432,2026-09-22 10:11:47.000000,BR_009,0,normal
TXN_005186,ACC_10042,7646.45,CREDIT,EXT_10291,2026-09-22 10:12:13.000000,BR_009,0,normal
TXN_005187,ACC_10023,3247.73,DEBIT,EXT_10158,2026-09-22 10:17:03.000000,BR_009,0,normal
TXN_005188,ACC_10034,28264.04,DEBIT,EXT_10185,2026-09-22 10:17:10.000000,BR_009,0,clean_busy
TXN_005189,ACC_10034,4758.88,TRANSFER,EXT_10007,2026-09-22 10:20:36.000000,BR_009,0,clean_busy
TXN_005190,ACC_10034,500.0,TRANSFER,EXT_10175,2026-09-22 10:25:16.000000,BR_009,0,normal
TXN_005191,ACC_10025,5498.58,PAYMENT,EXT_10410,2026-09-22 10:26:37.000000,BR_009,0,normal
TXN_005192,ACC_10044,5495.09,DEBIT,EXT_10071,2026-09-22 10:28:35.000000,BR_009,0,normal
TXN_005193,ACC_10023,5946.64,TRANSFER,EXT_10465,2026-09-22 10:29:28.000000,BR_009,0,normal
TXN_005194,ACC_10015,29816.95,TRANSFER,EXT_10032,2026-09-22 10:32:52.000000,BR_009,0,normal
TXN_005195,ACC_10018,798.68,CREDIT,EXT_10473,2026-09-22 10:33:57.000000,BR_009,0,normal
TXN_005196,ACC_10001,623.26,TRANSFER,EXT_10236,2026-09-22 10:34:52.000000,BR_009,0,normal
TXN_005197,ACC_10044,8149.3,CREDIT,EXT_10375,2026-09-22 10:37:39.000000,BR_009,0,normal
TXN_005198,ACC_10017,3086.5,DEBIT,EXT_10175,2026-09-22 10:38:33.000000,BR_009,0,normal
TXN_005199,ACC_10049,24107.72,PAYMENT,EXT_10345,2026-09-22 10:41:46.000000,BR_006,0,normal
TXN_005200,ACC_10013,9044.76,PAYMENT,EXT_10391,2026-09-22 10:41:52.000000,BR_006,0,normal
TXN_005201,ACC_10025,1195.94,DEBIT,EXT_10207,2026-09-22 10:43:38.000000,BR_009,0,normal
TXN_005202,ACC_10044,4995.79,TRANSFER,EXT_10437,2026-09-22 10:44:07.000000,BR_009,0,normal
TXN_005203,ACC_10035,9064.02,CREDIT,EXT_10267,2026-09-22 10:47:51.000000,BR_009,0,normal
TXN_005204,ACC_10042,200000.0,CREDIT,EXT_10101,2026-09-22 10:49:02.000000,BR_009,0,normal
TXN_005205,ACC_10039,1014.26,DEBIT,EXT_10172,2026-09-22 10:51:17.000000,BR_009,0,normal
TXN_005206,ACC_10046,3582.6,TRANSFER,EXT_10459,2026-09-22 10:51:20.000000,BR_009,0,normal
TXN_005207,ACC_10045,698.66,DEBIT,EXT_10192,2026-09-22 10:55:42.000000,BR_009,0,normal
TXN_005208,ACC_10034,5345.73,DEBIT,EXT_10312,2026-09-22 10:58:19.000000,BR_009,0,normal
TXN_005209,ACC_10023,7427.58,DEBIT,EXT_10126,2026-09-22 11:00:23.000000,BR_009,0,normal
TXN_005210,ACC_10034,2662.56,TRANSFER,EXT_10475,2026-09-22 11:00:32.000000,BR_009,0,clean_busy
TXN_005211,ACC_10018,2091.1,CREDIT,EXT_10148,2026-09-22 11:02:47.000000,BR_009,0,normal
TXN_005212,ACC_10015,5883.95,CREDIT,EXT_10450,2026-09-22 11:03:04.000000,BR_009,0,normal
TXN_005213,ACC_10045,17370.64,PAYMENT,EXT_10143,2026-09-22 11:05:49.000000,BR_009,0,normal
TXN_005214,ACC_10034,9728.22,TRANSFER,EXT_10295,2026-09-22 11:08:13.000000,BR_009,0,clean_busy
TXN_005215,ACC_10038,1649.81,PAYMENT,EXT_10035,2026-09-22 11:10:43.000000,BR_009,0,normal
TXN_005216,ACC_10043,3256.47,CREDIT,EXT_10402,2026-09-22 11:13:20.000000,BR_009,0,normal
TXN_005217,ACC_10034,17929.04,PAYMENT,EXT_10322,2026-09-22 11:13:34.000000,BR_009,0,normal
TXN_005218,ACC_10029,500.0,CREDIT,EXT_10256,2026-09-22 11:14:10.000000,BR_009,0,normal
TXN_005219,ACC_10018,1471.37,PAYMENT,EXT_10456,2026-09-22 11:16:12.000000,BR_009,0,normal
TXN_005220,ACC_10049,8080.35,CREDIT,EXT_10425,2026-09-22 11:17:28.000000,BR_006,0,normal
TXN_005221,ACC_10040,500.0,CREDIT,EXT_10163,2026-09-22 11:18:24.000000,BR_009,0,normal
TXN_005222,ACC_10041,7744.55,CREDIT,EXT_10317,2026-09-22 11:19:26.000000,BR_009,0,normal
TXN_005223,ACC_10049,33990.43,DEBIT,EXT_10049,2026-09-22 11:19:45.000000,BR_006,0,normal
TXN_005224,ACC_10032,9689.94,TRANSFER,EXT_10241,2026-09-22 11:19:45.000000,BR_009,0,normal
TXN_005225,ACC_10034,2179.26,CREDIT,EXT_10486,2026-09-22 11:23:13.000000,BR_009,0,normal
TXN_005226,ACC_10026,19360.49,TRANSFER,EXT_10249,2026-09-22 11:24:15.000000,BR_009,0,normal
TXN_005227,ACC_10025,1819.35,CREDIT,EXT_10435,2026-09-22 11:24:56.000000,BR_009,0,normal
TXN_005228,ACC_10023,2935.47,TRANSFER,EXT_10107,2026-09-22 11:28:14.000000,BR_009,0,normal
TXN_005229,ACC_10000,2029.33,DEBIT,EXT_10042,2026-09-22 11:30:27.000000,BR_009,0,normal
TXN_005230,ACC_10012,12270.27,TRANSFER,EXT_10213,2026-09-22 11:30:33.000000,BR_009,0,normal
TXN_005231,ACC_10025,21650.12,DEBIT,EXT_10443,2026-09-22 11:31:01.000000,BR_009,0,normal
TXN_005232,ACC_10022,23017.8,CREDIT,EXT_10326,2026-09-22 11:32:54.000000,BR_009,0,normal
TXN_005233,ACC_10009,532.02,TRANSFER,EXT_10236,2026-09-22 11:34:33.000000,BR_006,0,normal
TXN_005234,ACC_10003,3313.53,CREDIT,EXT_10103,2026-09-22 11:36:28.000000,BR_009,0,normal
TXN_005235,ACC_10049,2816.69,TRANSFER,EXT_10315,2026-09-22 11:38:25.000000,BR_006,0,normal
TXN_005236,ACC_10019,1518.24,CREDIT,EXT_10071,2026-09-22 11:40:08.000000,BR_009,0,normal
TXN_005237,ACC_10039,922.41,DEBIT,EXT_10392,2026-09-22 11:40:14.000000,BR_009,0,normal
TXN_005238,ACC_10022,1147.8,DEBIT,EXT_10039,2026-09-22 11:41:11.000000,BR_009,0,normal
TXN_005239,ACC_10034,2556.83,CREDIT,EXT_10367,2026-09-22 11:42:44.000000,BR_009,0,clean_busy
TXN_005240,ACC_10034,648.84,CREDIT,EXT_10021,2026-09-22 11:43:18.000000,BR_009,0,normal
TXN_005241,ACC_10043,11057.41,TRANSFER,EXT_10382,2026-09-22 11:46:01.000000,BR_009,0,normal
TXN_005242,ACC_10001,2115.38,TRANSFER,EXT_10213,2026-09-22 11:48:52.000000,BR_009,0,normal
TXN_005243,ACC_10018,2736.38,CREDIT,EXT_10308,2026-09-22 11:49:47.000000,BR_009,0,normal
TXN_005244,ACC_10014,78201.05,TRANSFER,EXT_10213,2026-09-22 11:50:19.000000,BR_006,0,normal
TXN_005245,ACC_10027,8426.45,CREDIT,EXT_10156,2026-09-22 11:50:57.000000,BR_009,0,normal
TXN_005246,ACC_10046,2565.29,TRANSFER,EXT_10024,2026-09-22 11:56:08.000000,BR_009,0,normal
TXN_005247,ACC_10017,7503.59,TRANSFER,EXT_10238,2026-09-22 11:56:31.000000,BR_009,0,normal
TXN_005248,ACC_10048,23636.71,DEBIT,EXT_10199,2026-09-22 11:56:52.000000,BR_009,0,normal
TXN_005249,ACC_10027,715.66,TRANSFER,EXT_10132,2026-09-22 11:58:05.000000,BR_009,0,normal
TXN_005250,ACC_10023,46427.39,DEBIT,EXT_10328,2026-09-22 12:09:05.000000,BR_009,0,normal
TXN_005251,ACC_10046,16515.66,TRANSFER,EXT_10246,2026-09-22 12:09:32.000000,BR_009,0,normal
TXN_005252,ACC_10017,1232.38,TRANSFER,EXT_10477,2026-09-22 12:10:43.000000,BR_009,0,normal
TXN_005253,ACC_10037,500.0,DEBIT,EXT_10128,2026-09-22 12:11:09.000000,BR_009,0,normal
TXN_005254,ACC_10029,500.0,TRANSFER,EXT_10230,2026-09-22 12:11:20.000000,BR_009,0,normal
TXN_005255,ACC_10048,3269.58,PAYMENT,EXT_10257,2026-09-22 12:11:47.000000,BR_009,0,normal
TXN_005256,ACC_10037,1922.84,PAYMENT,EXT_10171,2026-09-22 12:14:01.000000,BR_009,0,normal
TXN_005257,ACC_10034,17227.32,TRANSFER,EXT_10111,2026-09-22 12:18:10.000000,BR_009,0,normal
TXN_005258,ACC_10044,3411.21,DEBIT,EXT_10198,2026-09-22 12:18:11.000000,BR_009,0,normal
TXN_005259,ACC_10006,16254.02,TRANSFER,EXT_10481,2026-09-22 12:23:24.000000,BR_009,0,normal
TXN_005260,ACC_10038,3032.19,DEBIT,EXT_10355,2026-09-22 12:26:13.000000,BR_009,0,normal
TXN_005261,ACC_10033,14651.55,CREDIT,EXT_10228,2026-09-22 12:28:23.000000,BR_009,0,normal
TXN_005262,ACC_10031,12979.7,PAYMENT,EXT_10137,2026-09-22 12:29:15.000000,BR_009,0,normal
TXN_005263,ACC_10005,8075.65,CREDIT,EXT_10436,2026-09-22 12:31:49.000000,BR_009,0,normal
TXN_005264,ACC_10046,3614.58,DEBIT,EXT_10307,2026-09-22 12:33:09.000000,BR_009,0,normal
TXN_005265,ACC_10032,2814.88,PAYMENT,EXT_10219,2026-09-22 12:33:40.000000,BR_009,0,normal
TXN_005266,ACC_10034,500.0,TRANSFER,EXT_10205,2026-09-22 12:36:05.000000,BR_009,0,clean_busy
TXN_005267,ACC_10025,3504.21,CREDIT,EXT_10486,2026-09-22 12:37:53.000000,BR_009,0,normal
TXN_005268,ACC_10037,6802.97,DEBIT,EXT_10433,2026-09-22 12:38:36.000000,BR_009,0,normal
TXN_005269,ACC_10034,5054.46,DEBIT,EXT_10371,2026-09-22 12:40:04.000000,BR_009,0,clean_busy
TXN_005270,ACC_10032,5112.21,DEBIT,EXT_10060,2026-09-22 12:43:14.000000,BR_009,0,normal
TXN_005271,ACC_10015,500.0,CREDIT,EXT_10127,2026-09-22 12:49:53.000000,BR_009,0,normal
TXN_005272,ACC_10005,1705.1,CREDIT,EXT_10313,2026-09-22 12:50:19.000000,BR_009,0,normal
TXN_005273,ACC_10018,7127.84,TRANSFER,EXT_10094,2026-09-22 12:50:25.000000,BR_009,0,normal
TXN_005274,ACC_10041,13051.45,DEBIT,EXT_10388,2026-09-22 12:50:36.000000,BR_009,0,normal
TXN_005275,ACC_10038,3634.73,TRANSFER,EXT_10168,2026-09-22 12:52:51.000000,BR_009,0,normal
TXN_005276,ACC_10018,4730.09,DEBIT,EXT_10327,2026-09-22 13:00:11.000000,BR_009,0,normal
TXN_005277,ACC_10042,68807.68,DEBIT,EXT_10099,2026-09-22 13:03:03.000000,BR_009,0,normal
TXN_005278,ACC_10000,2707.21,DEBIT,EXT_10392,2026-09-22 13:03:57.000000,BR_009,0,normal
TXN_005279,ACC_10035,500.0,DEBIT,EXT_10278,2026-09-22 13:07:02.000000,BR_009,0,normal
TXN_005280,ACC_10025,5593.54,TRANSFER,EXT_10282,2026-09-22 13:12:09.000000,BR_009,0,normal
TXN_005281,ACC_10008,500.0,CREDIT,EXT_10220,2026-09-22 13:16:19.000000,BR_009,0,normal
TXN_005282,ACC_10034,1603.14,DEBIT,EXT_10428,2026-09-22 13:20:26.000000,BR_009,0,clean_busy
TXN_005283,ACC_10000,1376.84,DEBIT,EXT_10206,2026-09-22 13:20:44.000000,BR_009,0,normal
TXN_005284,ACC_10029,16053.89,TRANSFER,EXT_10372,2026-09-22 13:21:42.000000,BR_009,0,normal
TXN_005285,ACC_10034,3185.59,TRANSFER,EXT_10251,2026-09-22 13:23:28.000000,BR_009,0,clean_busy
TXN_005286,ACC_10032,1599.67,DEBIT,EXT_10420,2026-09-22 13:25:29.000000,BR_009,0,normal
TXN_005287,ACC_10022,10096.29,TRANSFER,EXT_10072,2026-09-22 13:27:43.000000,BR_009,0,normal
TXN_005288,ACC_10034,2284.84,TRANSFER,EXT_10347,2026-09-22 13:29:54.000000,BR_009,0,normal
TXN_005289,ACC_10035,1463.21,TRANSFER,EXT_10047,2026-09-22 13:30:22.000000,BR_009,0,normal
TXN_005290,ACC_10034,25260.94,CREDIT,EXT_10180,2026-09-22 13:30:25.000000,BR_009,0,clean_busy
TXN_005291,ACC_10023,6016.25,DEBIT,EXT_10439,2026-09-22 13:31:24.000000,BR_009,0,normal
TXN_005292,ACC_10034,3894.41,PAYMENT,EXT_10179,2026-09-22 13:32:16.000000,BR_009,0,clean_busy
TXN_005293,ACC_10045,2719.03,DEBIT,EXT_10325,2026-09-22 13:33:22.000000,BR_009,0,normal
TXN_005294,ACC_10001,44630.4,TRANSFER,EXT_10228,2026-09-22 13:36:03.000000,BR_009,0,normal
TXN_005295,ACC_10035,685.7,DEBIT,EXT_10019,2026-09-22 13:40:02.000000,BR_009,0,normal
TXN_005296,ACC_10026,36088.91,TRANSFER,EXT_10052,2026-09-22 13:41:42.000000,BR_009,0,normal
TXN_005297,ACC_10045,3199.99,DEBIT,EXT_10197,2026-09-22 13:42:15.000000,BR_009,0,normal
TXN_005298,ACC_10008,1547.41,DEBIT,EXT_10167,2026-09-22 13:43:14.000000,BR_009,0,normal
TXN_005299,ACC_10034,500.0,CREDIT,EXT_10324,2026-09-22 13:43:36.000000,BR_009,0,clean_busy
TXN_005300,ACC_10022,500.0,TRANSFER,EXT_10006,2026-09-22 13:46:41.000000,BR_009,0,normal
TXN_005301,ACC_10034,17546.27,TRANSFER,EXT_10157,2026-09-22 13:48:34.000000,BR_009,0,clean_busy
TXN_005302,ACC_10037,1946.85,DEBIT,EXT_10424,2026-09-22 13:50:35.000000,BR_009,0,normal
TXN_005303,ACC_10013,500.0,CREDIT,EXT_10429,2026-09-22 13:54:46.000000,BR_006,0,normal
TXN_005304,ACC_10045,8452.78,DEBIT,EXT_10328,2026-09-22 13:55:35.000000,BR_009,0,normal
TXN_005305,ACC_10049,4887.0,CREDIT,EXT_10285,2026-09-22 13:57:37.000000,BR_006,0,normal
TXN_005306,ACC_10023,27423.94,DEBIT,EXT_10022,2026-09-22 13:58:44.000000,BR_009,0,normal
TXN_005307,ACC_10045,8092.75,CREDIT,EXT_10195,2026-09-22 13:59:30.000000,BR_009,0,normal
TXN_005308,ACC_10026,53945.44,TRANSFER,EXT_10457,2026-09-22 14:01:53.000000,BR_009,0,normal
TXN_005309,ACC_10007,9225.82,TRANSFER,EXT_10049,2026-09-22 14:02:01.000000,BR_009,0,normal
TXN_005310,ACC_10045,1078.9,TRANSFER,EXT_10168,2026-09-22 14:04:38.000000,BR_009,0,normal
TXN_005311,ACC_10048,8830.42,PAYMENT,EXT_10089,2026-09-22 14:06:16.000000,BR_009,0,normal
TXN_005312,ACC_10045,500.0,CREDIT,EXT_10204,2026-09-22 14:11:38.000000,BR_009,0,normal
TXN_005313,ACC_10024,9301.66,DEBIT,EXT_10304,2026-09-22 14:25:56.000000,BR_009,0,normal
TXN_005314,ACC_10002,1838.08,DEBIT,EXT_10227,2026-09-22 14:27:25.000000,BR_009,0,normal
TXN_005315,ACC_10045,901.87,DEBIT,EXT_10397,2026-09-22 14:28:44.000000,BR_009,0,normal
TXN_005316,ACC_10048,1013.91,TRANSFER,EXT_10111,2026-09-22 14:31:07.000000,BR_009,0,normal
TXN_005317,ACC_10034,9779.97,DEBIT,EXT_10095,2026-09-22 14:31:28.000000,BR_009,0,normal
TXN_005318,ACC_10030,29992.54,TRANSFER,EXT_10288,2026-09-22 14:36:22.000000,BR_009,0,normal
TXN_005319,ACC_10023,46846.34,TRANSFER,EXT_10441,2026-09-22 14:39:58.000000,BR_009,0,normal
TXN_005320,ACC_10029,24863.05,TRANSFER,EXT_10418,2026-09-22 14:43:42.000000,BR_009,0,normal
TXN_005321,ACC_10027,888.99,TRANSFER,EXT_10357,2026-09-22 14:44:14.000000,BR_009,0,normal
TXN_005322,ACC_10035,6567.2,DEBIT,EXT_10214,2026-09-22 14:44:55.000000,BR_009,0,normal
TXN_005323,ACC_10048,6555.65,TRANSFER,EXT_10020,2026-09-22 14:48:41.000000,BR_009,0,normal
TXN_005324,ACC_10034,773.36,TRANSFER,EXT_10056,2026-09-22 14:53:52.000000,BR_009,0,clean_busy
TXN_005325,ACC_10048,5533.42,CREDIT,EXT_10123,2026-09-22 14:53:57.000000,BR_009,0,normal
TXN_005326,ACC_10034,3138.43,CREDIT,EXT_10223,2026-09-22 14:54:41.000000,BR_009,0,clean_busy
TXN_005327,ACC_10025,7700.63,TRANSFER,EXT_10200,2026-09-22 14:57:45.000000,BR_009,0,normal
TXN_005328,ACC_10008,2876.86,TRANSFER,EXT_10296,2026-09-22 15:01:59.000000,BR_009,0,normal
TXN_005329,ACC_10003,17946.58,PAYMENT,EXT_10217,2026-09-22 15:02:08.000000,BR_009,0,normal
TXN_005330,ACC_10015,9754.11,TRANSFER,EXT_10494,2026-09-22 15:02:46.000000,BR_009,0,normal
TXN_005331,ACC_10025,2722.86,TRANSFER,EXT_10171,2026-09-22 15:04:19.000000,BR_009,0,normal
TXN_005332,ACC_10026,14205.16,DEBIT,EXT_10408,2026-09-22 15:05:39.000000,BR_009,0,normal
TXN_005333,ACC_10035,1371.7,TRANSFER,EXT_10216,2026-09-22 15:06:43.000000,BR_009,0,normal
TXN_005334,ACC_10031,9883.33,DEBIT,EXT_10210,2026-09-22 15:07:35.000000,BR_009,0,normal
TXN_005335,ACC_10000,2788.63,DEBIT,EXT_10312,2026-09-22 15:08:07.000000,BR_009,0,normal
TXN_005336,ACC_10049,8958.9,DEBIT,EXT_10229,2026-09-22 15:09:24.000000,BR_006,0,normal
TXN_005337,ACC_10049,8794.46,CREDIT,EXT_10028,2026-09-22 15:09:34.000000,BR_006,0,normal
TXN_005338,ACC_10006,1293.87,PAYMENT,EXT_10240,2026-09-22 15:12:43.000000,BR_009,0,normal
TXN_005339,ACC_10006,10627.5,TRANSFER,EXT_10401,2026-09-22 15:13:21.000000,BR_009,0,normal
TXN_005340,ACC_10008,1182.68,CREDIT,EXT_10381,2026-09-22 15:14:19.000000,BR_009,0,normal
TXN_005341,ACC_10036,7509.46,DEBIT,EXT_10217,2026-09-22 15:15:10.000000,BR_009,0,normal
TXN_005342,ACC_10000,2379.16,DEBIT,EXT_10162,2026-09-22 15:15:49.000000,BR_009,0,normal
TXN_005343,ACC_10002,7980.66,TRANSFER,EXT_10119,2026-09-22 15:19:30.000000,BR_009,0,normal
TXN_005344,ACC_10009,9796.94,DEBIT,EXT_10146,2026-09-22 15:21:42.000000,BR_006,0,normal
TXN_005345,ACC_10001,15394.74,CREDIT,EXT_10116,2026-09-22 15:23:36.000000,BR_009,0,normal
TXN_005346,ACC_10036,16846.89,CREDIT,EXT_10206,2026-09-22 15:28:05.000000,BR_009,0,normal
TXN_005347,ACC_10034,5420.16,TRANSFER,EXT_10036,2026-09-22 15:29:59.000000,BR_009,0,clean_busy
TXN_005348,ACC_10020,62528.41,DEBIT,EXT_10350,2026-09-22 15:30:28.000000,BR_009,0,normal
TXN_005349,ACC_10019,500.0,DEBIT,EXT_10346,2026-09-22 15:31:14.000000,BR_009,0,normal
TXN_005350,ACC_10048,579.37,CREDIT,EXT_10254,2026-09-22 15:33:29.000000,BR_009,0,normal
TXN_005351,ACC_10036,3991.41,CREDIT,EXT_10264,2026-09-22 15:39:07.000000,BR_009,0,normal
TXN_005352,ACC_10001,3489.11,CREDIT,EXT_10401,2026-09-22 15:45:06.000000,BR_009,0,normal
TXN_005353,ACC_10018,6502.32,TRANSFER,EXT_10220,2026-09-22 15:45:08.000000,BR_009,0,normal
TXN_005354,ACC_10018,776.48,CREDIT,EXT_10001,2026-09-22 15:45:36.000000,BR_009,0,normal
TXN_005355,ACC_10007,8100.37,PAYMENT,EXT_10244,2026-09-22 15:47:30.000000,BR_009,0,normal
TXN_005356,ACC_10046,4207.5,TRANSFER,EXT_10030,2026-09-22 15:50:28.000000,BR_009,0,normal
TXN_005357,ACC_10048,40359.86,DEBIT,EXT_10414,2026-09-22 15:59:42.000000,BR_009,0,normal
TXN_005358,ACC_10032,500.0,CREDIT,EXT_10098,2026-09-22 15:59:43.000000,BR_009,0,normal
TXN_005359,ACC_10030,675.29,CREDIT,EXT_10147,2026-09-22 16:01:36.000000,BR_009,0,normal
TXN_005360,ACC_10018,4902.62,CREDIT,EXT_10063,2026-09-22 16:02:56.000000,BR_009,0,normal
TXN_005361,ACC_10008,40823.86,TRANSFER,EXT_10084,2026-09-22 16:11:04.000000,BR_009,0,normal
TXN_005362,ACC_10018,3112.76,DEBIT,EXT_10302,2026-09-22 16:14:04.000000,BR_009,0,normal
TXN_005363,ACC_10001,10046.44,CREDIT,EXT_10136,2026-09-22 16:14:45.000000,BR_009,0,normal
TXN_005364,ACC_10041,500.0,CREDIT,EXT_10361,2026-09-22 16:16:10.000000,BR_009,0,normal
TXN_005365,ACC_10031,34841.1,CREDIT,EXT_10276,2026-09-22 16:19:45.000000,BR_009,0,normal
TXN_005366,ACC_10033,5148.42,TRANSFER,EXT_10065,2026-09-22 16:21:35.000000,BR_009,0,normal
TXN_005367,ACC_10027,17192.56,TRANSFER,EXT_10309,2026-09-22 16:22:57.000000,BR_009,0,normal
TXN_005368,ACC_10017,1641.6,DEBIT,EXT_10409,2026-09-22 16:25:07.000000,BR_009,0,normal
TXN_005369,ACC_10008,1628.08,PAYMENT,EXT_10208,2026-09-22 16:28:22.000000,BR_009,0,normal
TXN_005370,ACC_10021,13774.83,PAYMENT,EXT_10004,2026-09-22 16:28:27.000000,BR_009,0,normal
TXN_005371,ACC_10023,20291.91,TRANSFER,EXT_10044,2026-09-22 16:28:51.000000,BR_009,0,normal
TXN_005372,ACC_10003,5560.64,CREDIT,EXT_10118,2026-09-22 16:28:53.000000,BR_009,0,normal
TXN_005373,ACC_10043,7002.73,CREDIT,EXT_10255,2026-09-22 16:32:44.000000,BR_009,0,normal
TXN_005374,ACC_10024,2974.45,CREDIT,EXT_10160,2026-09-22 16:32:44.000000,BR_009,0,normal
TXN_005375,ACC_10041,7673.87,DEBIT,EXT_10082,2026-09-22 16:33:43.000000,BR_009,0,normal
TXN_005376,ACC_10023,15869.28,PAYMENT,EXT_10020,2026-09-22 16:34:03.000000,BR_009,0,normal
TXN_005377,ACC_10034,58587.25,DEBIT,EXT_10048,2026-09-22 16:34:29.000000,BR_009,0,normal
TXN_005378,ACC_10045,3682.91,CREDIT,EXT_10099,2026-09-22 16:38:03.000000,BR_009,0,normal
TXN_005379,ACC_10005,1077.36,DEBIT,EXT_10190,2026-09-22 16:38:37.000000,BR_009,0,normal
TXN_005380,ACC_10031,1564.74,TRANSFER,EXT_10477,2026-09-22 16:38:38.000000,BR_009,0,normal
TXN_005381,ACC_10021,4084.21,PAYMENT,EXT_10128,2026-09-22 16:40:35.000000,BR_009,0,normal
TXN_005382,ACC_10031,3062.61,TRANSFER,EXT_10153,2026-09-22 16:41:02.000000,BR_009,0,normal
TXN_005383,ACC_10030,4850.55,CREDIT,EXT_10006,2026-09-22 16:41:03.000000,BR_009,0,normal
TXN_005384,ACC_10034,20019.63,DEBIT,EXT_10003,2026-09-22 16:41:44.000000,BR_009,0,clean_busy
TXN_005385,ACC_10000,4133.24,DEBIT,EXT_10060,2026-09-22 16:42:27.000000,BR_009,0,normal
TXN_005386,ACC_10019,3315.61,TRANSFER,EXT_10389,2026-09-22 16:43:26.000000,BR_009,0,normal
TXN_005387,ACC_10034,639.54,CREDIT,EXT_10440,2026-09-22 16:44:52.000000,BR_009,0,clean_busy
TXN_005388,ACC_10025,3117.88,PAYMENT,EXT_10236,2026-09-22 16:45:28.000000,BR_009,0,normal
TXN_005389,ACC_10034,4655.79,DEBIT,EXT_10440,2026-09-22 16:46:27.000000,BR_009,0,clean_busy
TXN_005390,ACC_10013,191432.71,TRANSFER,ACC_10031,2026-09-22 16:47:26.000000,BR_006,1,circular_transfer
TXN_005391,ACC_10034,3898.01,DEBIT,EXT_10190,2026-09-22 16:48:52.000000,BR_009,0,clean_busy
TXN_005392,ACC_10029,100557.71,CREDIT,EXT_10427,2026-09-22 16:50:29.000000,BR_009,0,normal
TXN_005393,ACC_10018,5756.01,TRANSFER,EXT_10378,2026-09-22 16:52:50.000000,BR_009,0,normal
TXN_005394,ACC_10026,4232.37,DEBIT,EXT_10470,2026-09-22 16:54:14.000000,BR_009,0,normal
TXN_005395,ACC_10025,17032.72,DEBIT,EXT_10185,2026-09-22 16:54:55.000000,BR_009,0,normal
TXN_005396,ACC_10045,11005.25,TRANSFER,EXT_10306,2026-09-22 16:59:44.000000,BR_009,0,normal
TXN_005397,ACC_10022,21201.2,DEBIT,EXT_10108,2026-09-22 17:00:02.000000,BR_009,0,normal
TXN_005398,ACC_10024,2094.68,CREDIT,EXT_10410,2026-09-22 17:01:04.000000,BR_009,0,normal
TXN_005399,ACC_10023,1707.18,PAYMENT,EXT_10156,2026-09-22 17:01:37.000000,BR_009,0,normal
TXN_005400,ACC_10007,12841.07,CREDIT,EXT_10460,2026-09-22 17:04:45.000000,BR_009,0,normal
TXN_005401,ACC_10048,9074.27,DEBIT,EXT_10311,2026-09-22 17:11:56.000000,BR_009,0,normal
TXN_005402,ACC_10042,2952.26,CREDIT,EXT_10189,2026-09-22 17:13:57.000000,BR_009,0,normal
TXN_005403,ACC_10018,12432.79,TRANSFER,EXT_10033,2026-09-22 17:14:00.000000,BR_009,0,normal
TXN_005404,ACC_10025,2071.98,CREDIT,EXT_10330,2026-09-22 17:14:05.000000,BR_009,0,normal
TXN_005405,ACC_10025,500.0,TRANSFER,EXT_10068,2026-09-22 17:14:59.000000,BR_009,0,normal
TXN_005406,ACC_10037,12289.62,TRANSFER,EXT_10327,2026-09-22 17:15:24.000000,BR_009,0,normal
TXN_005407,ACC_10012,12954.49,TRANSFER,EXT_10144,2026-09-22 17:17:06.000000,BR_009,0,normal
TXN_005408,ACC_10000,140186.69,TRANSFER,EXT_10215,2026-09-22 17:18:03.000000,BR_009,0,normal
TXN_005409,ACC_10001,1082.59,TRANSFER,EXT_10144,2026-09-22 17:23:17.000000,BR_009,0,normal
TXN_005410,ACC_10013,2226.22,TRANSFER,EXT_10219,2026-09-22 17:29:40.000000,BR_006,0,normal
TXN_005411,ACC_10031,12024.91,CREDIT,EXT_10111,2026-09-22 17:32:05.000000,BR_009,0,normal
TXN_005412,ACC_10034,1135.69,CREDIT,EXT_10106,2026-09-22 17:32:30.000000,BR_009,0,clean_busy
TXN_005413,ACC_10018,8091.18,TRANSFER,EXT_10244,2026-09-22 17:34:42.000000,BR_009,0,normal
TXN_005414,ACC_10018,148531.88,DEBIT,EXT_10471,2026-09-22 17:36:51.000000,BR_009,0,normal
TXN_005415,ACC_10031,191432.71,TRANSFER,ACC_10025,2026-09-22 17:40:26.000000,BR_009,1,circular_transfer
TXN_005416,ACC_10033,5849.2,TRANSFER,EXT_10068,2026-09-22 17:41:55.000000,BR_009,0,normal
TXN_005417,ACC_10018,1990.74,DEBIT,EXT_10076,2026-09-22 17:44:57.000000,BR_009,0,normal
TXN_005418,ACC_10036,19954.4,DEBIT,EXT_10008,2026-09-22 17:47:50.000000,BR_009,0,normal
TXN_005419,ACC_10020,9579.01,CREDIT,EXT_10250,2026-09-22 17:48:37.000000,BR_009,0,normal
TXN_005420,ACC_10036,500.0,CREDIT,EXT_10084,2026-09-22 17:50:07.000000,BR_009,0,normal
TXN_005421,ACC_10037,9301.88,TRANSFER,EXT_10431,2026-09-22 17:54:07.000000,BR_009,0,normal
TXN_005422,ACC_10009,7524.74,TRANSFER,EXT_10163,2026-09-22 17:56:05.000000,BR_006,0,normal
TXN_005423,ACC_10011,68921.88,CREDIT,EXT_10048,2026-09-22 17:56:24.000000,BR_009,0,normal
TXN_005424,ACC_10034,1179.78,TRANSFER,EXT_10081,2026-09-22 17:57:53.000000,BR_009,0,clean_busy
TXN_005425,ACC_10025,191432.71,TRANSFER,ACC_10013,2026-09-22 18:07:26.000000,BR_009,1,circular_transfer
TXN_005426,ACC_10016,85464.94,TRANSFER,EXT_10265,2026-09-23 02:16:31.407802,BR_005,1,temporal_link
TXN_005427,ACC_10001,130718.8,TRANSFER,EXT_10217,2026-09-23 02:20:34.244633,BR_005,1,temporal_link
TXN_005428,ACC_10048,136469.85,TRANSFER,EXT_10228,2026-09-23 02:25:48.386647,BR_005,1,temporal_link
TXN_005429,ACC_10032,155880.3,TRANSFER,EXT_10094,2026-09-23 02:28:50.950614,BR_005,1,temporal_link
TXN_005430,ACC_10038,4720.63,TRANSFER,EXT_10467,2026-09-23 09:00:03.000000,BR_009,0,normal
TXN_005431,ACC_10044,500.0,DEBIT,EXT_10104,2026-09-23 09:00:50.000000,BR_009,0,normal
TXN_005432,ACC_10033,3825.34,DEBIT,EXT_10194,2026-09-23 09:04:36.000000,BR_009,0,normal
TXN_005433,ACC_10048,41253.64,TRANSFER,EXT_10460,2026-09-23 09:10:06.000000,BR_009,0,normal
TXN_005434,ACC_10003,2045.52,DEBIT,EXT_10282,2026-09-23 09:12:05.000000,BR_009,0,normal
TXN_005435,ACC_10033,1174.04,CREDIT,EXT_10268,2026-09-23 09:12:16.000000,BR_009,0,normal
TXN_005436,ACC_10046,2838.33,TRANSFER,EXT_10064,2026-09-23 09:13:33.000000,BR_009,0,normal
TXN_005437,ACC_10004,5610.15,DEBIT,EXT_10193,2026-09-23 09:21:19.000000,BR_009,0,normal
TXN_005438,ACC_10024,22269.15,TRANSFER,EXT_10121,2026-09-23 09:23:38.000000,BR_009,0,normal
TXN_005439,ACC_10039,5877.38,DEBIT,EXT_10457,2026-09-23 09:24:04.000000,BR_009,0,normal
TXN_005440,ACC_10016,500.0,PAYMENT,EXT_10054,2026-09-23 09:25:08.000000,BR_009,0,normal
TXN_005441,ACC_10023,2239.8,DEBIT,EXT_10413,2026-09-23 09:26:18.000000,BR_009,0,normal
TXN_005442,ACC_10049,12910.36,DEBIT,EXT_10348,2026-09-23 09:27:02.000000,BR_006,0,normal
TXN_005443,ACC_10040,12452.65,CREDIT,EXT_10195,2026-09-23 09:29:22.000000,BR_009,0,normal
TXN_005444,ACC_10008,23260.26,CREDIT,EXT_10240,2026-09-23 09:30:41.000000,BR_009,0,normal
TXN_005445,ACC_10003,16245.29,TRANSFER,EXT_10221,2026-09-23 09:31:00.000000,BR_009,0,normal
TXN_005446,ACC_10027,1199.17,CREDIT,EXT_10063,2026-09-23 09:34:06.000000,BR_009,0,normal
TXN_005447,ACC_10033,1295.12,PAYMENT,EXT_10018,2026-09-23 09:36:22.000000,BR_009,0,normal
TXN_005448,ACC_10015,7979.32,TRANSFER,EXT_10406,2026-09-23 09:37:10.000000,BR_009,0,normal
TXN_005449,ACC_10048,142144.59,TRANSFER,EXT_10471,2026-09-23 09:38:16.000000,BR_009,0,normal
TXN_005450,ACC_10031,1151.4,DEBIT,EXT_10298,2026-09-23 09:40:17.000000,BR_009,0,normal
TXN_005451,ACC_10037,2273.6,PAYMENT,EXT_10165,2026-09-23 09:41:03.000000,BR_009,0,normal
TXN_005452,ACC_10028,2841.48,CREDIT,EXT_10212,2026-09-23 09:47:45.000000,BR_006,0,normal
TXN_005453,ACC_10049,2317.26,DEBIT,EXT_10205,2026-09-23 09:58:59.000000,BR_006,0,normal
TXN_005454,ACC_10022,2946.99,DEBIT,EXT_10283,2026-09-23 10:00:20.000000,BR_009,0,normal
TXN_005455,ACC_10034,13672.36,TRANSFER,EXT_10077,2026-09-23 10:00:34.000000,BR_009,0,normal
TXN_005456,ACC_10042,58464.53,DEBIT,EXT_10142,2026-09-23 10:07:00.000000,BR_009,0,normal
TXN_005457,ACC_10010,37528.74,TRANSFER,EXT_10020,2026-09-23 10:16:24.000000,BR_006,0,normal
TXN_005458,ACC_10029,15041.51,DEBIT,EXT_10428,2026-09-23 10:16:32.000000,BR_009,0,normal
TXN_005459,ACC_10025,3263.03,TRANSFER,EXT_10114,2026-09-23 10:22:16.000000,BR_009,0,normal
TXN_005460,ACC_10039,500.0,DEBIT,EXT_10291,2026-09-23 10:25:38.000000,BR_009,0,normal
TXN_005461,ACC_10025,4505.98,TRANSFER,EXT_10308,2026-09-23 10:26:33.000000,BR_009,0,normal
TXN_005462,ACC_10031,992.0,DEBIT,EXT_10091,2026-09-23 10:26:37.000000,BR_009,0,normal
TXN_005463,ACC_10001,25848.44,DEBIT,EXT_10258,2026-09-23 10:27:15.000000,BR_009,0,normal
TXN_005464,ACC_10018,1035.03,TRANSFER,EXT_10024,2026-09-23 10:27:35.000000,BR_009,0,normal
TXN_005465,ACC_10034,4485.82,DEBIT,EXT_10409,2026-09-23 10:30:32.000000,BR_009,0,normal
TXN_005466,ACC_10000,890.33,TRANSFER,EXT_10319,2026-09-23 10:30:54.000000,BR_009,0,normal
TXN_005467,ACC_10020,8503.66,DEBIT,EXT_10087,2026-09-23 10:31:01.000000,BR_009,0,normal
TXN_005468,ACC_10033,500.0,TRANSFER,EXT_10217,2026-09-23 10:32:18.000000,BR_009,0,normal
TXN_005469,ACC_10043,7414.59,PAYMENT,EXT_10298,2026-09-23 10:33:27.000000,BR_009,0,normal
TXN_005470,ACC_10004,3352.07,DEBIT,EXT_10461,2026-09-23 10:33:44.000000,BR_009,0,normal
TXN_005471,ACC_10005,837.24,CREDIT,EXT_10433,2026-09-23 10:34:04.000000,BR_009,0,normal
TXN_005472,ACC_10049,2335.89,TRANSFER,EXT_10346,2026-09-23 10:36:09.000000,BR_006,0,normal
TXN_005473,ACC_10004,4090.17,TRANSFER,EXT_10115,2026-09-23 10:40:29.000000,BR_009,0,normal
TXN_005474,ACC_10022,4791.9,DEBIT,EXT_10379,2026-09-23 10:43:44.000000,BR_009,0,normal
TXN_005475,ACC_10022,80331.19,PAYMENT,EXT_10276,2026-09-23 10:46:20.000000,BR_009,0,normal
TXN_005476,ACC_10027,968.28,TRANSFER,EXT_10051,2026-09-23 10:52:27.000000,BR_009,0,normal
TXN_005477,ACC_10032,20294.74,PAYMENT,EXT_10269,2026-09-23 10:53:23.000000,BR_009,0,normal
TXN_005478,ACC_10003,500.0,TRANSFER,EXT_10178,2026-09-23 10:54:53.000000,BR_009,0,normal
TXN_005479,ACC_10010,5227.52,TRANSFER,EXT_10145,2026-09-23 10:54:57.000000,BR_006,0,normal
TXN_005480,ACC_10024,3098.75,PAYMENT,EXT_10072,2026-09-23 10:59:08.000000,BR_009,0,normal
TXN_005481,ACC_10048,10505.99,TRANSFER,EXT_10460,2026-09-23 11:05:14.000000,BR_009,0,normal
TXN_005482,ACC_10021,9241.4,CREDIT,EXT_10214,2026-09-23 11:06:59.000000,BR_009,0,normal
TXN_005483,ACC_10025,8122.8,TRANSFER,EXT_10330,2026-09-23 11:13:34.000000,BR_009,0,normal
TXN_005484,ACC_10008,13810.7,TRANSFER,EXT_10442,2026-09-23 11:15:37.000000,BR_009,0,normal
TXN_005485,ACC_10023,823.63,DEBIT,EXT_10108,2026-09-23 11:19:22.000000,BR_009,0,normal
TXN_005486,ACC_10008,500.0,PAYMENT,EXT_10471,2026-09-23 11:24:59.000000,BR_009,0,normal
TXN_005487,ACC_10024,1577.5,CREDIT,EXT_10118,2026-09-23 11:27:36.000000,BR_009,0,normal
TXN_005488,ACC_10008,1520.96,PAYMENT,EXT_10120,2026-09-23 11:28:59.000000,BR_009,0,normal
TXN_005489,ACC_10021,7472.28,TRANSFER,EXT_10044,2026-09-23 11:36:42.000000,BR_009,0,normal
TXN_005490,ACC_10024,2555.51,CREDIT,EXT_10121,2026-09-23 11:39:59.000000,BR_009,0,normal
TXN_005491,ACC_10044,500.0,DEBIT,EXT_10189,2026-09-23 11:41:18.000000,BR_009,0,normal
TXN_005492,ACC_10043,2776.76,PAYMENT,EXT_10183,2026-09-23 11:42:04.000000,BR_009,0,normal
TXN_005493,ACC_10005,11776.58,CREDIT,EXT_10158,2026-09-23 11:45:28.000000,BR_009,0,normal
TXN_005494,ACC_10040,1982.64,TRANSFER,EXT_10408,2026-09-23 11:45:42.000000,BR_009,0,normal
TXN_005495,ACC_10035,1400.5,TRANSFER,EXT_10148,2026-09-23 11:51:26.000000,BR_009,0,normal
TXN_005496,ACC_10031,500.0,DEBIT,EXT_10374,2026-09-23 11:51:28.000000,BR_009,0,normal
TXN_005497,ACC_10042,500.0,CREDIT,EXT_10413,2026-09-23 11:52:08.000000,BR_009,0,normal
TXN_005498,ACC_10021,689.66,CREDIT,EXT_10018,2026-09-23 11:52:20.000000,BR_009,0,normal
TXN_005499,ACC_10023,26996.67,TRANSFER,EXT_10109,2026-09-23 11:54:51.000000,BR_009,0,normal
TXN_005500,ACC_10033,7661.03,PAYMENT,EXT_10092,2026-09-23 11:55:03.000000,BR_009,0,normal
TXN_005501,ACC_10036,17029.67,DEBIT,EXT_10005,2026-09-23 11:55:50.000000,BR_009,0,normal
TXN_005502,ACC_10047,500.0,CREDIT,EXT_10222,2026-09-23 11:57:54.000000,BR_009,0,normal
TXN_005503,ACC_10049,60875.71,TRANSFER,EXT_10259,2026-09-23 11:59:28.000000,BR_006,0,normal
TXN_005504,ACC_10048,4855.97,DEBIT,EXT_10131,2026-09-23 12:01:03.000000,BR_009,0,normal
TXN_005505,ACC_10039,758.03,TRANSFER,EXT_10151,2026-09-23 12:01:43.000000,BR_009,0,normal
TXN_005506,ACC_10019,4880.69,TRANSFER,EXT_10483,2026-09-23 12:03:20.000000,BR_009,0,normal
TXN_005507,ACC_10036,1748.29,PAYMENT,EXT_10226,2026-09-23 12:05:26.000000,BR_009,0,normal
TXN_005508,ACC_10046,2692.13,PAYMENT,EXT_10225,2026-09-23 12:12:33.000000,BR_009,0,normal
TXN_005509,ACC_10011,9080.02,CREDIT,EXT_10070,2026-09-23 12:12:55.000000,BR_009,0,normal
TXN_005510,ACC_10028,4701.76,CREDIT,EXT_10023,2026-09-23 12:14:06.000000,BR_006,0,normal
TXN_005511,ACC_10002,2478.14,CREDIT,EXT_10216,2026-09-23 12:15:02.000000,BR_009,0,normal
TXN_005512,ACC_10012,500.0,DEBIT,EXT_10381,2026-09-23 12:15:10.000000,BR_009,0,normal
TXN_005513,ACC_10022,3755.33,PAYMENT,EXT_10076,2026-09-23 12:16:12.000000,BR_009,0,normal
TXN_005514,ACC_10034,19658.77,DEBIT,EXT_10496,2026-09-23 12:19:43.000000,BR_009,0,normal
TXN_005515,ACC_10035,2602.83,CREDIT,EXT_10173,2026-09-23 12:21:56.000000,BR_009,0,normal
TXN_005516,ACC_10015,28249.17,CREDIT,EXT_10192,2026-09-23 12:22:39.000000,BR_009,0,normal
TXN_005517,ACC_10022,6796.27,PAYMENT,EXT_10332,2026-09-23 12:23:30.000000,BR_009,0,normal
TXN_005518,ACC_10018,534.25,DEBIT,EXT_10152,2026-09-23 12:25:30.000000,BR_009,0,normal
TXN_005519,ACC_10027,7347.33,CREDIT,EXT_10396,2026-09-23 12:27:00.000000,BR_009,0,normal
TXN_005520,ACC_10003,3423.22,DEBIT,EXT_10395,2026-09-23 12:27:50.000000,BR_009,0,normal
TXN_005521,ACC_10049,4554.02,TRANSFER,EXT_10293,2026-09-23 12:28:52.000000,BR_006,0,normal
TXN_005522,ACC_10004,1382.59,DEBIT,EXT_10409,2026-09-23 12:30:13.000000,BR_009,0,normal
TXN_005523,ACC_10037,5360.07,PAYMENT,EXT_10499,2026-09-23 12:31:09.000000,BR_009,0,normal
TXN_005524,ACC_10023,3308.38,DEBIT,EXT_10295,2026-09-23 12:32:36.000000,BR_009,0,normal
TXN_005525,ACC_10040,4965.6,TRANSFER,EXT_10403,2026-09-23 12:47:28.000000,BR_009,0,normal
TXN_005526,ACC_10030,6126.38,DEBIT,EXT_10329,2026-09-23 12:47:37.000000,BR_009,0,normal
TXN_005527,ACC_10034,3746.84,TRANSFER,EXT_10468,2026-09-23 12:47:41.000000,BR_009,0,normal
TXN_005528,ACC_10023,5088.9,DEBIT,EXT_10069,2026-09-23 12:49:26.000000,BR_009,0,normal
TXN_005529,ACC_10018,1120.47,CREDIT,EXT_10481,2026-09-23 12:59:08.000000,BR_009,0,normal
TXN_005530,ACC_10033,14328.34,PAYMENT,EXT_10250,2026-09-23 12:59:10.000000,BR_009,0,normal
TXN_005531,ACC_10024,9474.26,TRANSFER,EXT_10290,2026-09-23 12:59:43.000000,BR_009,0,normal
TXN_005532,ACC_10015,1082.93,PAYMENT,EXT_10389,2026-09-23 13:00:04.000000,BR_009,0,normal
TXN_005533,ACC_10027,768.16,CREDIT,EXT_10316,2026-09-23 13:01:27.000000,BR_009,0,normal
TXN_005534,ACC_10048,1306.13,DEBIT,EXT_10442,2026-09-23 13:01:35.000000,BR_009,0,normal
TXN_005535,ACC_10026,2009.49,DEBIT,EXT_10365,2026-09-23 13:01:37.000000,BR_009,0,normal
TXN_005536,ACC_10004,1061.95,TRANSFER,EXT_10080,2026-09-23 13:02:47.000000,BR_009,0,normal
TXN_005537,ACC_10025,566.59,PAYMENT,EXT_10439,2026-09-23 13:04:19.000000,BR_009,0,normal
TXN_005538,ACC_10037,12637.74,CREDIT,EXT_10009,2026-09-23 13:04:19.000000,BR_009,0,normal
TXN_005539,ACC_10002,200000.0,DEBIT,EXT_10322,2026-09-23 13:04:24.000000,BR_009,0,normal
TXN_005540,ACC_10038,2310.91,PAYMENT,EXT_10329,2026-09-23 13:06:33.000000,BR_009,0,normal
TXN_005541,ACC_10048,9642.5,DEBIT,EXT_10102,2026-09-23 13:08:35.000000,BR_009,0,normal
TXN_005542,ACC_10048,15196.08,DEBIT,EXT_10133,2026-09-23 13:11:15.000000,BR_009,0,normal
TXN_005543,ACC_10049,20999.87,TRANSFER,EXT_10444,2026-09-23 13:11:44.000000,BR_006,0,normal
TXN_005544,ACC_10018,7068.85,DEBIT,EXT_10041,2026-09-23 13:11:45.000000,BR_009,0,normal
TXN_005545,ACC_10008,500.0,TRANSFER,EXT_10075,2026-09-23 13:15:48.000000,BR_009,0,normal
TXN_005546,ACC_10002,2853.15,TRANSFER,EXT_10127,2026-09-23 13:16:47.000000,BR_009,0,normal
TXN_005547,ACC_10031,878.78,TRANSFER,EXT_10000,2026-09-23 13:21:18.000000,BR_009,0,normal
TXN_005548,ACC_10025,42464.65,TRANSFER,EXT_10212,2026-09-23 13:21:25.000000,BR_009,0,normal
TXN_005549,ACC_10025,500.0,CREDIT,EXT_10072,2026-09-23 13:25:39.000000,BR_009,0,normal
TXN_005550,ACC_10029,43490.97,PAYMENT,EXT_10069,2026-09-23 13:27:25.000000,BR_009,0,normal
TXN_005551,ACC_10036,711.68,PAYMENT,EXT_10007,2026-09-23 13:32:58.000000,BR_009,0,normal
TXN_005552,ACC_10032,1606.22,TRANSFER,EXT_10483,2026-09-23 13:33:10.000000,BR_009,0,normal
TXN_005553,ACC_10040,4793.17,DEBIT,EXT_10476,2026-09-23 13:34:32.000000,BR_009,0,normal
TXN_005554,ACC_10026,6248.54,CREDIT,EXT_10214,2026-09-23 13:36:50.000000,BR_009,0,normal
TXN_005555,ACC_10048,2403.39,DEBIT,EXT_10418,2026-09-23 13:36:59.000000,BR_009,0,normal
TXN_005556,ACC_10044,500.0,DEBIT,EXT_10348,2026-09-23 13:37:29.000000,BR_009,0,normal
TXN_005557,ACC_10030,10387.68,DEBIT,EXT_10493,2026-09-23 13:39:30.000000,BR_009,0,normal
TXN_005558,ACC_10022,17885.78,DEBIT,EXT_10449,2026-09-23 13:43:36.000000,BR_009,0,normal
TXN_005559,ACC_10030,2374.78,TRANSFER,EXT_10331,2026-09-23 13:50:18.000000,BR_009,0,normal
TXN_005560,ACC_10001,12544.82,DEBIT,EXT_10163,2026-09-23 13:53:58.000000,BR_009,0,normal
TXN_005561,ACC_10023,11785.82,TRANSFER,EXT_10142,2026-09-23 13:54:46.000000,BR_009,0,normal
TXN_005562,ACC_10006,1450.18,TRANSFER,EXT_10426,2026-09-23 14:00:11.000000,BR_009,0,normal
TXN_005563,ACC_10025,9896.14,DEBIT,EXT_10320,2026-09-23 14:00:36.000000,BR_009,0,normal
TXN_005564,ACC_10043,3811.35,DEBIT,EXT_10192,2026-09-23 14:05:03.000000,BR_009,0,normal
TXN_005565,ACC_10043,10154.16,PAYMENT,EXT_10030,2026-09-23 14:05:42.000000,BR_009,0,normal
TXN_005566,ACC_10003,3881.7,CREDIT,EXT_10477,2026-09-23 14:05:59.000000,BR_009,0,normal
TXN_005567,ACC_10029,4463.92,TRANSFER,EXT_10246,2026-09-23 14:06:15.000000,BR_009,0,normal
TXN_005568,ACC_10039,664.95,TRANSFER,EXT_10484,2026-09-23 14:07:37.000000,BR_009,0,normal
TXN_005569,ACC_10037,14425.8,TRANSFER,EXT_10092,2026-09-23 14:10:12.000000,BR_009,0,normal
TXN_005570,ACC_10034,4292.44,DEBIT,EXT_10024,2026-09-23 14:10:56.000000,BR_009,0,normal
TXN_005571,ACC_10010,3834.11,TRANSFER,EXT_10165,2026-09-23 14:10:57.000000,BR_006,0,normal
TXN_005572,ACC_10031,66793.28,CREDIT,EXT_10217,2026-09-23 14:13:45.000000,BR_009,0,normal
TXN_005573,ACC_10045,2423.29,DEBIT,EXT_10052,2026-09-23 14:14:07.000000,BR_009,0,normal
TXN_005574,ACC_10039,2315.15,TRANSFER,EXT_10267,2026-09-23 14:19:09.000000,BR_009,0,normal
TXN_005575,ACC_10000,115121.53,TRANSFER,EXT_10377,2026-09-23 14:21:45.000000,BR_009,0,normal
TXN_005576,ACC_10025,200000.0,DEBIT,EXT_10363,2026-09-23 14:27:06.000000,BR_009,0,normal
TXN_005577,ACC_10025,2331.53,TRANSFER,EXT_10461,2026-09-23 14:30:42.000000,BR_009,0,normal
TXN_005578,ACC_10024,543.81,CREDIT,EXT_10243,2026-09-23 14:31:06.000000,BR_009,0,normal
TXN_005579,ACC_10004,1190.23,TRANSFER,EXT_10228,2026-09-23 14:31:50.000000,BR_009,0,normal
TXN_005580,ACC_10040,11189.45,DEBIT,EXT_10333,2026-09-23 14:34:54.000000,BR_009,0,normal
TXN_005581,ACC_10030,2838.83,CREDIT,EXT_10425,2026-09-23 14:39:25.000000,BR_009,0,normal
TXN_005582,ACC_10030,2671.68,CREDIT,EXT_10079,2026-09-23 14:39:53.000000,BR_009,0,normal
TXN_005583,ACC_10017,9716.8,TRANSFER,EXT_10373,2026-09-23 14:40:04.000000,BR_009,0,normal
TXN_005584,ACC_10008,2999.81,CREDIT,EXT_10477,2026-09-23 14:40:20.000000,BR_009,0,normal
TXN_005585,ACC_10020,1484.85,PAYMENT,EXT_10201,2026-09-23 14:41:29.000000,BR_009,0,normal
TXN_005586,ACC_10022,2122.36,DEBIT,EXT_10304,2026-09-23 14:42:28.000000,BR_009,0,normal
TXN_005587,ACC_10009,7714.27,DEBIT,EXT_10442,2026-09-23 14:45:02.000000,BR_006,0,normal
TXN_005588,ACC_10025,11364.21,TRANSFER,EXT_10396,2026-09-23 14:48:47.000000,BR_009,0,normal
TXN_005589,ACC_10008,4295.94,PAYMENT,EXT_10126,2026-09-23 14:52:05.000000,BR_009,0,normal
TXN_005590,ACC_10013,8771.18,PAYMENT,EXT_10191,2026-09-23 14:55:37.000000,BR_006,0,normal
TXN_005591,ACC_10026,5156.88,PAYMENT,EXT_10375,2026-09-23 14:57:04.000000,BR_009,0,normal
TXN_005592,ACC_10002,4309.97,TRANSFER,EXT_10103,2026-09-23 14:57:12.000000,BR_009,0,normal
TXN_005593,ACC_10003,1472.33,TRANSFER,EXT_10098,2026-09-23 14:58:08.000000,BR_009,0,normal
TXN_005594,ACC_10003,10428.46,DEBIT,EXT_10114,2026-09-23 14:58:24.000000,BR_009,0,normal
TXN_005595,ACC_10020,3132.57,PAYMENT,EXT_10208,2026-09-23 15:06:34.000000,BR_009,0,normal
TXN_005596,ACC_10038,2911.49,PAYMENT,EXT_10336,2026-09-23 15:10:45.000000,BR_009,0,normal
TXN_005597,ACC_10016,1531.75,PAYMENT,EXT_10479,2026-09-23 15:12:17.000000,BR_009,0,normal
TXN_005598,ACC_10032,1950.28,PAYMENT,EXT_10484,2026-09-23 15:14:21.000000,BR_009,0,normal
TXN_005599,ACC_10036,2443.38,DEBIT,EXT_10495,2026-09-23 15:15:02.000000,BR_009,0,normal
TXN_005600,ACC_10017,19264.41,DEBIT,EXT_10274,2026-09-23 15:15:05.000000,BR_009,0,normal
TXN_005601,ACC_10022,2313.19,PAYMENT,EXT_10023,2026-09-23 15:16:13.000000,BR_009,0,normal
TXN_005602,ACC_10040,7098.67,CREDIT,EXT_10168,2026-09-23 15:17:45.000000,BR_009,0,normal
TXN_005603,ACC_10031,2152.01,CREDIT,EXT_10265,2026-09-23 15:18:48.000000,BR_009,0,normal
TXN_005604,ACC_10013,1334.63,CREDIT,EXT_10227,2026-09-23 15:18:54.000000,BR_006,0,normal
TXN_005605,ACC_10018,17380.41,TRANSFER,EXT_10225,2026-09-23 15:20:30.000000,BR_009,0,normal
TXN_005606,ACC_10018,6708.39,TRANSFER,EXT_10327,2026-09-23 15:28:22.000000,BR_009,0,normal
TXN_005607,ACC_10028,1739.83,CREDIT,EXT_10265,2026-09-23 15:30:48.000000,BR_006,0,normal
TXN_005608,ACC_10020,2720.12,TRANSFER,EXT_10447,2026-09-23 15:32:59.000000,BR_009,0,normal
TXN_005609,ACC_10022,1602.96,DEBIT,EXT_10303,2026-09-23 15:33:52.000000,BR_009,0,normal
TXN_005610,ACC_10040,500.71,TRANSFER,EXT_10233,2026-09-23 15:36:12.000000,BR_009,0,normal
TXN_005611,ACC_10035,22092.48,TRANSFER,EXT_10481,2026-09-23 15:37:00.000000,BR_009,0,normal
TXN_005612,ACC_10039,2648.07,CREDIT,EXT_10236,2026-09-23 15:40:17.000000,BR_009,0,normal
TXN_005613,ACC_10001,53759.31,TRANSFER,EXT_10489,2026-09-23 15:40:57.000000,BR_009,0,normal
TXN_005614,ACC_10023,12680.32,CREDIT,EXT_10495,2026-09-23 15:42:40.000000,BR_009,0,normal
TXN_005615,ACC_10018,9513.96,DEBIT,EXT_10069,2026-09-23 15:44:13.000000,BR_009,0,normal
TXN_005616,ACC_10044,12195.75,DEBIT,EXT_10134,2026-09-23 15:44:44.000000,BR_009,0,normal
TXN_005617,ACC_10018,6830.97,DEBIT,EXT_10478,2026-09-23 15:46:15.000000,BR_009,0,normal
TXN_005618,ACC_10032,1269.79,TRANSFER,EXT_10499,2026-09-23 15:48:48.000000,BR_009,0,normal
TXN_005619,ACC_10043,500.0,TRANSFER,EXT_10228,2026-09-23 15:49:29.000000,BR_009,0,normal
TXN_005620,ACC_10036,2810.86,TRANSFER,EXT_10187,2026-09-23 15:53:33.000000,BR_009,0,normal
TXN_005621,ACC_10039,500.0,CREDIT,EXT_10000,2026-09-23 15:57:36.000000,BR_009,0,normal
TXN_005622,ACC_10004,23379.56,CREDIT,EXT_10067,2026-09-23 16:06:03.000000,BR_009,0,normal
TXN_005623,ACC_10033,4132.07,CREDIT,EXT_10467,2026-09-23 16:07:05.000000,BR_009,0,normal
TXN_005624,ACC_10045,9373.38,TRANSFER,EXT_10295,2026-09-23 16:09:40.000000,BR_009,0,normal
TXN_005625,ACC_10027,1951.76,TRANSFER,EXT_10135,2026-09-23 16:09:55.000000,BR_009,0,normal
TXN_005626,ACC_10012,200000.0,TRANSFER,EXT_10142,2026-09-23 16:13:40.000000,BR_009,0,normal
TXN_005627,ACC_10023,16830.63,CREDIT,EXT_10163,2026-09-23 16:16:15.000000,BR_009,0,normal
TXN_005628,ACC_10045,3720.84,DEBIT,EXT_10267,2026-09-23 16:22:00.000000,BR_009,0,normal
TXN_005629,ACC_10005,4560.11,CREDIT,EXT_10340,2026-09-23 16:22:53.000000,BR_009,0,normal
TXN_005630,ACC_10003,2657.94,DEBIT,EXT_10291,2026-09-23 16:25:06.000000,BR_009,0,normal
TXN_005631,ACC_10002,5564.98,TRANSFER,EXT_10225,2026-09-23 16:29:17.000000,BR_009,0,normal
TXN_005632,ACC_10007,2741.59,TRANSFER,EXT_10010,2026-09-23 16:29:20.000000,BR_009,0,normal
TXN_005633,ACC_10023,3512.79,TRANSFER,EXT_10266,2026-09-23 16:31:14.000000,BR_009,0,normal
TXN_005634,ACC_10034,5613.83,CREDIT,EXT_10436,2026-09-23 16:34:20.000000,BR_009,0,normal
TXN_005635,ACC_10015,4195.27,CREDIT,EXT_10430,2026-09-23 16:37:01.000000,BR_009,0,normal
TXN_005636,ACC_10001,3916.28,DEBIT,EXT_10242,2026-09-23 16:37:15.000000,BR_009,0,normal
TXN_005637,ACC_10015,3434.61,TRANSFER,EXT_10261,2026-09-23 16:41:27.000000,BR_009,0,normal
TXN_005638,ACC_10033,22429.41,DEBIT,EXT_10143,2026-09-23 16:50:36.000000,BR_009,0,normal
TXN_005639,ACC_10001,13918.26,PAYMENT,EXT_10249,2026-09-23 16:50:45.000000,BR_009,0,normal
TXN_005640,ACC_10022,1640.22,DEBIT,EXT_10107,2026-09-23 16:55:34.000000,BR_009,0,normal
TXN_005641,ACC_10005,5627.61,CREDIT,EXT_10126,2026-09-23 16:56:45.000000,BR_009,0,normal
TXN_005642,ACC_10022,2344.95,CREDIT,EXT_10311,2026-09-23 16:57:07.000000,BR_009,0,normal
TXN_005643,ACC_10010,200000.0,PAYMENT,EXT_10177,2026-09-23 16:59:55.000000,BR_006,0,normal
TXN_005644,ACC_10035,4357.32,TRANSFER,EXT_10277,2026-09-23 17:00:24.000000,BR_009,0,normal
TXN_005645,ACC_10016,8345.1,TRANSFER,EXT_10034,2026-09-23 17:02:46.000000,BR_009,0,normal
TXN_005646,ACC_10036,2696.4,DEBIT,EXT_10166,2026-09-23 17:03:31.000000,BR_009,0,normal
TXN_005647,ACC_10036,776.9,TRANSFER,EXT_10198,2026-09-23 17:04:03.000000,BR_009,0,normal
TXN_005648,ACC_10033,10111.45,TRANSFER,EXT_10013,2026-09-23 17:07:32.000000,BR_009,0,normal
TXN_005649,ACC_10003,500.0,TRANSFER,EXT_10238,2026-09-23 17:08:27.000000,BR_009,0,normal
TXN_005650,ACC_10015,5434.39,PAYMENT,EXT_10127,2026-09-23 17:09:03.000000,BR_009,0,normal
TXN_005651,ACC_10012,39208.75,DEBIT,EXT_10013,2026-09-23 17:09:29.000000,BR_009,0,normal
TXN_005652,ACC_10039,3031.02,TRANSFER,EXT_10183,2026-09-23 17:11:48.000000,BR_009,0,normal
TXN_005653,ACC_10005,12108.35,CREDIT,EXT_10378,2026-09-23 17:12:42.000000,BR_009,0,normal
TXN_005654,ACC_10018,113028.57,CREDIT,EXT_10386,2026-09-23 17:15:10.000000,BR_009,0,normal
TXN_005655,ACC_10023,94418.66,DEBIT,EXT_10474,2026-09-23 17:17:17.000000,BR_009,0,normal
TXN_005656,ACC_10008,500.0,TRANSFER,EXT_10089,2026-09-23 17:19:19.000000,BR_009,0,normal
TXN_005657,ACC_10049,1392.91,TRANSFER,EXT_10377,2026-09-23 17:20:45.000000,BR_006,0,normal
TXN_005658,ACC_10032,4436.22,TRANSFER,EXT_10469,2026-09-23 17:21:21.000000,BR_009,0,normal
TXN_005659,ACC_10034,845.79,DEBIT,EXT_10215,2026-09-23 17:21:21.000000,BR_009,0,normal
TXN_005660,ACC_10048,7655.31,TRANSFER,EXT_10043,2026-09-23 17:21:52.000000,BR_009,0,normal
TXN_005661,ACC_10017,5201.99,DEBIT,EXT_10277,2026-09-23 17:22:40.000000,BR_009,0,normal
TXN_005662,ACC_10021,572.75,TRANSFER,EXT_10050,2026-09-23 17:23:20.000000,BR_009,0,normal
TXN_005663,ACC_10002,1763.96,TRANSFER,EXT_10328,2026-09-23 17:23:46.000000,BR_009,0,normal
TXN_005664,ACC_10004,3536.82,CREDIT,EXT_10169,2026-09-23 17:27:45.000000,BR_009,0,normal
TXN_005665,ACC_10025,1801.79,TRANSFER,EXT_10484,2026-09-23 17:29:14.000000,BR_009,0,normal
TXN_005666,ACC_10016,17781.73,DEBIT,EXT_10340,2026-09-23 17:31:57.000000,BR_009,0,normal
TXN_005667,ACC_10046,110807.41,CREDIT,EXT_10364,2026-09-23 17:33:05.000000,BR_009,0,normal
TXN_005668,ACC_10023,25983.1,CREDIT,EXT_10033,2026-09-23 17:33:32.000000,BR_009,0,normal
TXN_005669,ACC_10045,964.95,DEBIT,EXT_10260,2026-09-23 17:34:04.000000,BR_009,0,normal
TXN_005670,ACC_10008,3040.48,DEBIT,EXT_10225,2026-09-23 17:34:05.000000,BR_009,0,normal
TXN_005671,ACC_10022,1570.78,DEBIT,EXT_10262,2026-09-23 17:35:08.000000,BR_009,0,normal
TXN_005672,ACC_10039,31973.16,TRANSFER,EXT_10329,2026-09-23 17:35:14.000000,BR_009,0,normal
TXN_005673,ACC_10027,500.0,CREDIT,EXT_10364,2026-09-23 17:35:15.000000,BR_009,0,normal
TXN_005674,ACC_10038,2750.18,TRANSFER,EXT_10043,2026-09-23 17:39:11.000000,BR_009,0,normal
TXN_005675,ACC_10040,46700.5,TRANSFER,EXT_10018,2026-09-23 17:42:44.000000,BR_009,0,normal
TXN_005676,ACC_10033,28632.45,TRANSFER,EXT_10335,2026-09-23 17:45:31.000000,BR_009,0,normal
TXN_005677,ACC_10017,6436.48,DEBIT,EXT_10298,2026-09-23 17:45:38.000000,BR_009,0,normal
TXN_005678,ACC_10017,8070.99,PAYMENT,EXT_10201,2026-09-23 17:48:22.000000,BR_009,0,normal
TXN_005679,ACC_10015,4271.19,CREDIT,EXT_10245,2026-09-23 17:48:44.000000,BR_009,0,normal
TXN_005680,ACC_10040,5643.19,DEBIT,EXT_10114,2026-09-23 17:49:48.000000,BR_009,0,normal
TXN_005681,ACC_10041,6759.1,PAYMENT,EXT_10189,2026-09-23 17:51:38.000000,BR_009,0,normal
TXN_005682,ACC_10043,2324.7,CREDIT,EXT_10003,2026-09-23 17:51:41.000000,BR_009,0,normal
TXN_005683,ACC_10025,500.0,TRANSFER,EXT_10116,2026-09-23 17:56:43.000000,BR_009,0,normal
TXN_005684,ACC_10006,65205.04,TRANSFER,EXT_10287,2026-09-23 17:58:20.000000,BR_009,0,normal
TXN_005685,ACC_10035,2770.86,CREDIT,EXT_10140,2026-09-23 17:59:25.000000,BR_009,0,normal
TXN_005686,ACC_10000,5979.37,CREDIT,EXT_10077,2026-09-24 09:00:38.000000,BR_009,0,clean_busy
TXN_005687,ACC_10035,814.79,PAYMENT,EXT_10389,2026-09-24 09:00:46.000000,BR_009,0,normal
TXN_005688,ACC_10042,3454.75,DEBIT,EXT_10193,2026-09-24 09:03:09.000000,BR_009,0,normal
TXN_005689,ACC_10026,6974.34,DEBIT,EXT_10332,2026-09-24 09:06:01.000000,BR_009,0,normal
TXN_005690,ACC_10048,5820.09,CREDIT,EXT_10463,2026-09-24 09:09:13.000000,BR_009,0,normal
TXN_005691,ACC_10029,200000.0,CREDIT,EXT_10377,2026-09-24 09:09:37.000000,BR_009,0,normal
TXN_005692,ACC_10011,2898.46,PAYMENT,EXT_10352,2026-09-24 09:14:28.000000,BR_009,0,clean_busy
TXN_005693,ACC_10013,2621.4,CREDIT,EXT_10222,2026-09-24 09:18:11.000000,BR_006,0,normal
TXN_005694,ACC_10000,1789.74,TRANSFER,EXT_10224,2026-09-24 09:18:39.000000,BR_009,0,clean_busy
TXN_005695,ACC_10008,3807.13,TRANSFER,EXT_10036,2026-09-24 09:20:52.000000,BR_009,0,normal
TXN_005696,ACC_10011,500.0,DEBIT,EXT_10437,2026-09-24 09:27:10.000000,BR_009,0,clean_busy
TXN_005697,ACC_10011,1147.96,CREDIT,EXT_10285,2026-09-24 09:29:30.000000,BR_009,0,clean_busy
TXN_005698,ACC_10000,4268.8,DEBIT,EXT_10366,2026-09-24 09:33:09.000000,BR_009,0,clean_busy
TXN_005699,ACC_10003,670.17,PAYMENT,EXT_10227,2026-09-24 09:35:36.000000,BR_009,0,normal
TXN_005700,ACC_10015,5973.03,CREDIT,EXT_10031,2026-09-24 09:36:30.000000,BR_009,0,normal
TXN_005701,ACC_10029,7291.98,DEBIT,EXT_10018,2026-09-24 09:40:09.000000,BR_009,0,normal
TXN_005702,ACC_10043,2493.21,CREDIT,EXT_10241,2026-09-24 09:41:28.000000,BR_009,0,normal
TXN_005703,ACC_10003,5737.72,TRANSFER,EXT_10492,2026-09-24 09:41:59.000000,BR_009,0,normal
TXN_005704,ACC_10011,3915.42,PAYMENT,EXT_10177,2026-09-24 09:53:08.000000,BR_009,0,clean_busy
TXN_005705,ACC_10035,1357.04,DEBIT,EXT_10329,2026-09-24 09:53:39.000000,BR_009,0,normal
TXN_005706,ACC_10011,3287.26,TRANSFER,EXT_10438,2026-09-24 09:53:59.000000,BR_009,0,clean_busy
TXN_005707,ACC_10031,34804.68,DEBIT,EXT_10442,2026-09-24 09:55:58.000000,BR_009,0,normal
TXN_005708,ACC_10000,654.76,DEBIT,EXT_10034,2026-09-24 09:56:38.000000,BR_009,0,clean_busy
TXN_005709,ACC_10000,27098.67,CREDIT,EXT_10353,2026-09-24 09:57:49.000000,BR_009,0,clean_busy
TXN_005710,ACC_10031,616.13,DEBIT,EXT_10056,2026-09-24 09:58:04.000000,BR_009,0,normal
TXN_005711,ACC_10007,10247.85,CREDIT,EXT_10392,2026-09-24 09:58:05.000000,BR_009,0,normal
TXN_005712,ACC_10047,500.0,DEBIT,EXT_10093,2026-09-24 09:59:11.000000,BR_009,0,normal
TXN_005713,ACC_10004,500.0,DEBIT,EXT_10105,2026-09-24 09:59:40.000000,BR_009,0,normal
TXN_005714,ACC_10011,17266.69,CREDIT,EXT_10452,2026-09-24 09:59:41.000000,BR_009,0,clean_busy
TXN_005715,ACC_10046,9542.66,CREDIT,EXT_10004,2026-09-24 09:59:46.000000,BR_009,0,normal
TXN_005716,ACC_10013,2866.61,DEBIT,EXT_10187,2026-09-24 10:06:07.000000,BR_006,0,normal
TXN_005717,ACC_10011,500.0,DEBIT,EXT_10124,2026-09-24 10:09:28.000000,BR_009,0,clean_busy
TXN_005718,ACC_10023,9383.69,CREDIT,EXT_10469,2026-09-24 10:18:17.000000,BR_009,0,normal
TXN_005719,ACC_10011,7006.27,PAYMENT,EXT_10092,2026-09-24 10:18:29.000000,BR_009,0,clean_busy
TXN_005720,ACC_10005,4759.15,DEBIT,EXT_10263,2026-09-24 10:20:47.000000,BR_009,0,normal
TXN_005721,ACC_10042,1435.89,DEBIT,EXT_10220,2026-09-24 10:21:39.000000,BR_009,0,normal
TXN_005722,ACC_10023,32929.98,DEBIT,EXT_10076,2026-09-24 10:23:05.000000,BR_009,0,normal
TXN_005723,ACC_10011,7567.76,CREDIT,EXT_10090,2026-09-24 10:26:43.000000,BR_009,0,clean_busy
TXN_005724,ACC_10024,7462.72,CREDIT,EXT_10457,2026-09-24 10:29:14.000000,BR_009,0,normal
TXN_005725,ACC_10039,3111.3,TRANSFER,EXT_10114,2026-09-24 10:30:02.000000,BR_009,0,normal
TXN_005726,ACC_10031,2102.03,TRANSFER,EXT_10110,2026-09-24 10:31:00.000000,BR_009,0,normal
TXN_005727,ACC_10042,4263.09,CREDIT,EXT_10161,2026-09-24 10:31:58.000000,BR_009,0,normal
TXN_005728,ACC_10036,555.76,TRANSFER,EXT_10491,2026-09-24 10:32:18.000000,BR_009,0,normal
TXN_005729,ACC_10041,500.0,DEBIT,EXT_10218,2026-09-24 10:32:24.000000,BR_009,0,normal
TXN_005730,ACC_10016,3889.36,DEBIT,EXT_10198,2026-09-24 10:32:40.000000,BR_009,0,normal
TXN_005731,ACC_10024,2415.59,TRANSFER,EXT_10230,2026-09-24 10:36:18.000000,BR_009,0,normal
TXN_005732,ACC_10000,13540.25,TRANSFER,EXT_10089,2026-09-24 10:38:58.000000,BR_009,0,normal
TXN_005733,ACC_10021,16444.04,DEBIT,EXT_10267,2026-09-24 10:45:02.000000,BR_009,0,normal
TXN_005734,ACC_10037,1711.79,DEBIT,EXT_10373,2026-09-24 10:45:21.000000,BR_009,0,normal
TXN_005735,ACC_10024,3462.11,TRANSFER,EXT_10404,2026-09-24 10:48:21.000000,BR_009,0,normal
TXN_005736,ACC_10026,35238.85,TRANSFER,EXT_10306,2026-09-24 10:51:00.000000,BR_009,0,normal
TXN_005737,ACC_10012,2364.94,DEBIT,EXT_10496,2026-09-24 10:52:05.000000,BR_009,0,normal
TXN_005738,ACC_10031,3712.27,DEBIT,EXT_10098,2026-09-24 10:52:28.000000,BR_009,0,normal
TXN_005739,ACC_10011,2151.21,TRANSFER,EXT_10309,2026-09-24 10:53:08.000000,BR_009,0,clean_busy
TXN_005740,ACC_10009,523.58,CREDIT,EXT_10242,2026-09-24 10:53:22.000000,BR_006,0,normal
TXN_005741,ACC_10001,6433.49,DEBIT,EXT_10412,2026-09-24 10:53:23.000000,BR_009,0,normal
TXN_005742,ACC_10000,3822.18,PAYMENT,EXT_10062,2026-09-24 10:55:10.000000,BR_009,0,clean_busy
TXN_005743,ACC_10005,14060.61,CREDIT,EXT_10198,2026-09-24 10:55:30.000000,BR_009,0,normal
TXN_005744,ACC_10001,500.0,CREDIT,EXT_10381,2026-09-24 10:56:58.000000,BR_009,0,normal
TXN_005745,ACC_10015,36757.01,CREDIT,EXT_10015,2026-09-24 10:56:59.000000,BR_009,0,normal
TXN_005746,ACC_10026,10063.17,PAYMENT,EXT_10257,2026-09-24 10:57:18.000000,BR_009,0,normal
TXN_005747,ACC_10049,8914.11,TRANSFER,EXT_10358,2026-09-24 10:58:38.000000,BR_006,0,normal
TXN_005748,ACC_10041,1833.76,TRANSFER,EXT_10332,2026-09-24 10:59:25.000000,BR_009,0,normal
TXN_005749,ACC_10048,2928.44,CREDIT,EXT_10246,2026-09-24 11:00:10.000000,BR_009,0,normal
TXN_005750,ACC_10000,918.56,TRANSFER,EXT_10244,2026-09-24 11:01:35.000000,BR_009,0,clean_busy
TXN_005751,ACC_10040,23512.38,TRANSFER,EXT_10343,2026-09-24 11:02:19.000000,BR_009,0,normal
TXN_005752,ACC_10023,16146.78,DEBIT,EXT_10446,2026-09-24 11:03:32.000000,BR_009,0,normal
TXN_005753,ACC_10024,5598.25,TRANSFER,EXT_10221,2026-09-24 11:03:52.000000,BR_009,0,normal
TXN_005754,ACC_10006,37344.11,TRANSFER,EXT_10272,2026-09-24 11:05:41.000000,BR_009,1,structuring
TXN_005755,ACC_10043,1763.08,CREDIT,EXT_10048,2026-09-24 11:07:09.000000,BR_009,0,normal
TXN_005756,ACC_10015,1648.92,CREDIT,EXT_10053,2026-09-24 11:07:38.000000,BR_009,0,normal
TXN_005757,ACC_10006,35816.26,TRANSFER,EXT_10144,2026-09-24 11:08:41.000000,BR_009,1,structuring
TXN_005758,ACC_10008,5515.7,DEBIT,EXT_10312,2026-09-24 11:09:46.000000,BR_009,0,normal
TXN_005759,ACC_10000,6287.49,TRANSFER,EXT_10365,2026-09-24 11:10:55.000000,BR_009,0,normal
TXN_005760,ACC_10030,3211.56,TRANSFER,EXT_10192,2026-09-24 11:12:31.000000,BR_009,0,normal
TXN_005761,ACC_10015,500.0,CREDIT,EXT_10380,2026-09-24 11:14:38.000000,BR_009,0,normal
TXN_005762,ACC_10015,8291.17,TRANSFER,EXT_10257,2026-09-24 11:14:41.000000,BR_009,0,normal
TXN_005763,ACC_10011,500.0,DEBIT,EXT_10353,2026-09-24 11:15:43.000000,BR_009,0,clean_busy
TXN_005764,ACC_10000,3231.35,DEBIT,EXT_10344,2026-09-24 11:18:36.000000,BR_009,0,normal
TXN_005765,ACC_10046,4902.78,PAYMENT,EXT_10223,2026-09-24 11:19:07.000000,BR_009,0,normal
TXN_005766,ACC_10045,21925.45,TRANSFER,EXT_10489,2026-09-24 11:19:49.000000,BR_009,0,normal
TXN_005767,ACC_10006,48245.36,TRANSFER,EXT_10343,2026-09-24 11:20:41.000000,BR_009,1,structuring
TXN_005768,ACC_10002,4920.03,DEBIT,EXT_10060,2026-09-24 11:21:47.000000,BR_009,0,normal
TXN_005769,ACC_10039,1378.14,CREDIT,EXT_10337,2026-09-24 11:25:58.000000,BR_009,0,normal
TXN_005770,ACC_10034,9348.72,DEBIT,EXT_10443,2026-09-24 11:28:33.000000,BR_009,0,normal
TXN_005771,ACC_10024,6377.92,TRANSFER,EXT_10268,2026-09-24 11:29:19.000000,BR_009,0,normal
TXN_005772,ACC_10047,3898.37,DEBIT,EXT_10182,2026-09-24 11:31:24.000000,BR_009,0,normal
TXN_005773,ACC_10004,53612.57,DEBIT,EXT_10349,2026-09-24 11:34:03.000000,BR_009,0,normal
TXN_005774,ACC_10004,6558.61,TRANSFER,EXT_10400,2026-09-24 11:34:22.000000,BR_009,0,normal
TXN_005775,ACC_10025,7944.89,DEBIT,EXT_10388,2026-09-24 11:37:39.000000,BR_009,0,normal
TXN_005776,ACC_10006,45092.15,TRANSFER,EXT_10125,2026-09-24 11:37:41.000000,BR_009,1,structuring
TXN_005777,ACC_10011,17018.39,CREDIT,EXT_10362,2026-09-24 11:38:17.000000,BR_009,0,clean_busy
TXN_005778,ACC_10024,1094.2,TRANSFER,EXT_10498,2026-09-24 11:38:59.000000,BR_009,0,normal
TXN_005779,ACC_10017,32352.57,DEBIT,EXT_10097,2026-09-24 11:40:07.000000,BR_009,0,normal
TXN_005780,ACC_10034,697.91,DEBIT,EXT_10448,2026-09-24 11:41:49.000000,BR_009,0,normal
TXN_005781,ACC_10011,6759.22,DEBIT,EXT_10411,2026-09-24 11:43:53.000000,BR_009,0,normal
TXN_005782,ACC_10043,2208.76,DEBIT,EXT_10078,2026-09-24 11:44:13.000000,BR_009,0,normal
TXN_005783,ACC_10038,8143.27,DEBIT,EXT_10493,2026-09-24 11:45:51.000000,BR_009,0,normal
TXN_005784,ACC_10037,19811.07,TRANSFER,EXT_10372,2026-09-24 11:47:13.000000,BR_009,0,normal
TXN_005785,ACC_10015,1216.69,DEBIT,EXT_10436,2026-09-24 11:49:01.000000,BR_009,0,normal
TXN_005786,ACC_10042,500.0,DEBIT,EXT_10476,2026-09-24 11:52:18.000000,BR_009,0,normal
TXN_005787,ACC_10006,35655.38,TRANSFER,EXT_10222,2026-09-24 11:53:41.000000,BR_009,1,structuring
TXN_005788,ACC_10000,12341.27,DEBIT,EXT_10318,2026-09-24 11:57:15.000000,BR_009,0,clean_busy
TXN_005789,ACC_10011,16514.13,TRANSFER,EXT_10242,2026-09-24 11:57:18.000000,BR_009,0,clean_busy
TXN_005790,ACC_10049,9659.72,PAYMENT,EXT_10312,2026-09-24 11:57:48.000000,BR_006,0,normal
TXN_005791,ACC_10025,500.0,TRANSFER,EXT_10154,2026-09-24 11:58:33.000000,BR_009,0,normal
TXN_005792,ACC_10035,18363.61,DEBIT,EXT_10336,2026-09-24 12:01:31.000000,BR_009,0,normal
TXN_005793,ACC_10006,36918.93,TRANSFER,EXT_10186,2026-09-24 12:02:41.000000,BR_009,1,structuring
TXN_005794,ACC_10000,15669.46,DEBIT,EXT_10015,2026-09-24 12:04:35.000000,BR_009,0,clean_busy
TXN_005795,ACC_10000,2500.29,TRANSFER,EXT_10098,2026-09-24 12:06:08.000000,BR_009,0,clean_busy
TXN_005796,ACC_10040,12498.98,DEBIT,EXT_10072,2026-09-24 12:06:20.000000,BR_009,0,normal
TXN_005797,ACC_10041,2145.29,DEBIT,EXT_10488,2026-09-24 12:06:40.000000,BR_009,0,normal
TXN_005798,ACC_10037,5838.0,DEBIT,EXT_10410,2026-09-24 12:09:01.000000,BR_009,0,normal
TXN_005799,ACC_10040,3177.57,DEBIT,EXT_10326,2026-09-24 12:09:45.000000,BR_009,0,normal
TXN_005800,ACC_10000,939.71,CREDIT,EXT_10479,2026-09-24 12:10:12.000000,BR_009,0,clean_busy
TXN_005801,ACC_10000,2163.63,TRANSFER,EXT_10415,2026-09-24 12:13:04.000000,BR_009,0,clean_busy
TXN_005802,ACC_10011,1055.65,TRANSFER,EXT_10289,2026-09-24 12:13:45.000000,BR_009,0,clean_busy
TXN_005803,ACC_10017,500.0,CREDIT,EXT_10030,2026-09-24 12:18:44.000000,BR_009,0,normal
TXN_005804,ACC_10018,21411.9,DEBIT,EXT_10444,2026-09-24 12:18:50.000000,BR_009,0,normal
TXN_005805,ACC_10015,20141.24,CREDIT,EXT_10301,2026-09-24 12:20:36.000000,BR_009,0,normal
TXN_005806,ACC_10011,500.0,DEBIT,EXT_10474,2026-09-24 12:21:20.000000,BR_009,0,clean_busy
TXN_005807,ACC_10008,1143.55,TRANSFER,EXT_10417,2026-09-24 12:24:32.000000,BR_009,0,normal
TXN_005808,ACC_10041,500.0,TRANSFER,EXT_10221,2026-09-24 12:26:58.000000,BR_009,0,normal
TXN_005809,ACC_10000,1655.45,TRANSFER,EXT_10463,2026-09-24 12:29:28.000000,BR_009,0,clean_busy
TXN_005810,ACC_10030,3311.31,DEBIT,EXT_10176,2026-09-24 12:33:49.000000,BR_009,0,normal
TXN_005811,ACC_10033,6008.04,DEBIT,EXT_10243,2026-09-24 12:33:54.000000,BR_009,0,normal
TXN_005812,ACC_10011,500.0,TRANSFER,EXT_10295,2026-09-24 12:37:13.000000,BR_009,0,clean_busy
TXN_005813,ACC_10016,1892.94,DEBIT,EXT_10455,2026-09-24 12:38:15.000000,BR_009,0,normal
TXN_005814,ACC_10034,3610.32,TRANSFER,EXT_10196,2026-09-24 12:39:20.000000,BR_009,0,normal
TXN_005815,ACC_10019,1870.78,DEBIT,EXT_10465,2026-09-24 12:40:13.000000,BR_009,0,normal
TXN_005816,ACC_10015,4141.17,DEBIT,EXT_10085,2026-09-24 12:41:01.000000,BR_009,0,normal
TXN_005817,ACC_10030,2094.24,DEBIT,EXT_10061,2026-09-24 12:45:49.000000,BR_009,0,normal
TXN_005818,ACC_10006,31004.52,TRANSFER,EXT_10222,2026-09-24 12:47:41.000000,BR_009,1,structuring
TXN_005819,ACC_10043,8766.62,DEBIT,EXT_10174,2026-09-24 12:54:44.000000,BR_009,0,normal
TXN_005820,ACC_10014,13708.3,CREDIT,EXT_10416,2026-09-24 12:55:25.000000,BR_006,0,normal
TXN_005821,ACC_10006,39709.65,TRANSFER,EXT_10069,2026-09-24 12:55:41.000000,BR_009,1,structuring
TXN_005822,ACC_10032,500.0,PAYMENT,EXT_10023,2026-09-24 12:59:05.000000,BR_009,0,normal
TXN_005823,ACC_10011,2266.8,TRANSFER,EXT_10250,2026-09-24 12:59:08.000000,BR_009,0,clean_busy
TXN_005824,ACC_10018,2435.85,CREDIT,EXT_10490,2026-09-24 12:59:53.000000,BR_009,0,normal
TXN_005825,ACC_10022,1774.7,CREDIT,EXT_10135,2026-09-24 13:00:42.000000,BR_009,0,normal
TXN_005826,ACC_10021,1683.16,CREDIT,EXT_10448,2026-09-24 13:01:34.000000,BR_009,0,normal
TXN_005827,ACC_10023,6899.14,TRANSFER,EXT_10403,2026-09-24 13:03:45.000000,BR_009,0,normal
TXN_005828,ACC_10044,1848.08,TRANSFER,EXT_10237,2026-09-24 13:05:36.000000,BR_009,0,normal
TXN_005829,ACC_10000,8393.89,DEBIT,EXT_10174,2026-09-24 13:05:47.000000,BR_009,0,clean_busy
TXN_005830,ACC_10031,605.81,DEBIT,EXT_10066,2026-09-24 13:06:43.000000,BR_009,0,normal
TXN_005831,ACC_10000,550.78,PAYMENT,EXT_10024,2026-09-24 13:07:14.000000,BR_009,0,clean_busy
TXN_005832,ACC_10048,1748.26,DEBIT,EXT_10348,2026-09-24 13:07:38.000000,BR_009,0,normal
TXN_005833,ACC_10039,10131.16,CREDIT,EXT_10436,2026-09-24 13:09:26.000000,BR_009,0,normal
TXN_005834,ACC_10018,1585.53,PAYMENT,EXT_10110,2026-09-24 13:09:30.000000,BR_009,0,normal
TXN_005835,ACC_10021,1594.72,CREDIT,EXT_10484,2026-09-24 13:13:56.000000,BR_009,0,normal
TXN_005836,ACC_10044,8297.95,CREDIT,EXT_10357,2026-09-24 13:15:58.000000,BR_009,0,normal
TXN_005837,ACC_10017,574.13,TRANSFER,EXT_10215,2026-09-24 13:20:42.000000,BR_009,0,normal
TXN_005838,ACC_10002,21993.06,DEBIT,EXT_10289,2026-09-24 13:21:42.000000,BR_009,0,normal
TXN_005839,ACC_10048,2216.18,TRANSFER,EXT_10407,2026-09-24 13:21:47.000000,BR_009,0,normal
TXN_005840,ACC_10044,6482.87,CREDIT,EXT_10214,2026-09-24 13:22:43.000000,BR_009,0,normal
TXN_005841,ACC_10015,15308.71,CREDIT,EXT_10016,2026-09-24 13:22:44.000000,BR_009,0,normal
TXN_005842,ACC_10047,1913.6,TRANSFER,EXT_10267,2026-09-24 13:23:01.000000,BR_009,0,normal
TXN_005843,ACC_10043,10819.66,TRANSFER,EXT_10041,2026-09-24 13:23:10.000000,BR_009,0,normal
TXN_005844,ACC_10029,619.95,DEBIT,EXT_10055,2026-09-24 13:27:13.000000,BR_009,0,normal
TXN_005845,ACC_10043,8443.62,DEBIT,EXT_10213,2026-09-24 13:27:38.000000,BR_009,0,normal
TXN_005846,ACC_10038,13833.89,DEBIT,EXT_10402,2026-09-24 13:29:21.000000,BR_009,0,normal
TXN_005847,ACC_10035,2382.97,DEBIT,EXT_10305,2026-09-24 13:30:28.000000,BR_009,0,normal
TXN_005848,ACC_10034,1484.18,TRANSFER,EXT_10289,2026-09-24 13:31:53.000000,BR_009,0,normal
TXN_005849,ACC_10015,1040.06,DEBIT,EXT_10288,2026-09-24 13:34:31.000000,BR_009,0,normal
TXN_005850,ACC_10029,21668.17,TRANSFER,EXT_10164,2026-09-24 13:35:51.000000,BR_009,0,normal
TXN_005851,ACC_10040,8307.61,CREDIT,EXT_10308,2026-09-24 13:36:58.000000,BR_009,0,normal
TXN_005852,ACC_10003,3790.53,DEBIT,EXT_10379,2026-09-24 13:37:20.000000,BR_009,0,normal
TXN_005853,ACC_10045,1738.5,DEBIT,EXT_10321,2026-09-24 13:39:42.000000,BR_009,0,normal
TXN_005854,ACC_10024,9846.77,TRANSFER,EXT_10211,2026-09-24 13:43:15.000000,BR_009,0,normal
TXN_005855,ACC_10033,901.35,DEBIT,EXT_10345,2026-09-24 13:43:36.000000,BR_009,0,normal
TXN_005856,ACC_10031,500.0,DEBIT,EXT_10376,2026-09-24 13:44:47.000000,BR_009,0,normal
TXN_005857,ACC_10008,11780.45,TRANSFER,EXT_10021,2026-09-24 13:46:18.000000,BR_009,0,normal
TXN_005858,ACC_10013,136367.51,DEBIT,EXT_10024,2026-09-24 13:47:19.000000,BR_006,0,normal
TXN_005859,ACC_10049,1306.11,CREDIT,EXT_10203,2026-09-24 13:49:35.000000,BR_006,0,normal
TXN_005860,ACC_10003,706.64,DEBIT,EXT_10213,2026-09-24 13:49:40.000000,BR_009,0,normal
TXN_005861,ACC_10011,1044.37,CREDIT,EXT_10378,2026-09-24 13:51:11.000000,BR_009,0,clean_busy
TXN_005862,ACC_10037,3476.56,DEBIT,EXT_10386,2026-09-24 13:53:02.000000,BR_009,0,normal
TXN_005863,ACC_10011,6577.14,CREDIT,EXT_10128,2026-09-24 13:53:16.000000,BR_009,0,clean_busy
TXN_005864,ACC_10029,22910.57,CREDIT,EXT_10444,2026-09-24 13:53:39.000000,BR_009,0,normal
TXN_005865,ACC_10011,3364.4,CREDIT,EXT_10127,2026-09-24 13:53:54.000000,BR_009,0,clean_busy
TXN_005866,ACC_10034,3911.24,CREDIT,EXT_10107,2026-09-24 13:55:49.000000,BR_009,0,normal
TXN_005867,ACC_10033,8582.77,TRANSFER,EXT_10308,2026-09-24 13:56:13.000000,BR_009,0,normal
TXN_005868,ACC_10042,16419.4,PAYMENT,EXT_10384,2026-09-24 13:58:04.000000,BR_009,0,normal
TXN_005869,ACC_10011,1315.53,CREDIT,EXT_10012,2026-09-24 13:59:50.000000,BR_009,0,clean_busy
TXN_005870,ACC_10029,1412.17,DEBIT,EXT_10433,2026-09-24 14:00:53.000000,BR_009,0,normal
TXN_005871,ACC_10003,1998.56,DEBIT,EXT_10055,2026-09-24 14:02:02.000000,BR_009,0,normal
TXN_005872,ACC_10048,2370.31,CREDIT,EXT_10023,2026-09-24 14:02:17.000000,BR_009,0,normal
TXN_005873,ACC_10000,2840.66,TRANSFER,EXT_10430,2026-09-24 14:03:30.000000,BR_009,0,clean_busy
TXN_005874,ACC_10030,6763.31,CREDIT,EXT_10288,2026-09-24 14:04:23.000000,BR_009,0,normal
TXN_005875,ACC_10030,2367.67,CREDIT,EXT_10098,2026-09-24 14:04:53.000000,BR_009,0,normal
TXN_005876,ACC_10016,8850.8,DEBIT,EXT_10492,2026-09-24 14:06:38.000000,BR_009,0,normal
TXN_005877,ACC_10031,634.77,CREDIT,EXT_10046,2026-09-24 14:07:51.000000,BR_009,0,normal
TXN_005878,ACC_10029,4858.82,DEBIT,EXT_10289,2026-09-24 14:08:36.000000,BR_009,0,normal
TXN_005879,ACC_10000,500.0,DEBIT,EXT_10329,2026-09-24 14:11:15.000000,BR_009,0,clean_busy
TXN_005880,ACC_10017,15555.64,DEBIT,EXT_10235,2026-09-24 14:12:08.000000,BR_009,0,normal
TXN_005881,ACC_10038,2706.7,PAYMENT,EXT_10322,2026-09-24 14:12:14.000000,BR_009,0,normal
TXN_005882,ACC_10028,646.39,DEBIT,EXT_10394,2026-09-24 14:13:10.000000,BR_006,0,normal
TXN_005883,ACC_10025,2574.63,DEBIT,EXT_10295,2026-09-24 14:15:45.000000,BR_009,0,normal
TXN_005884,ACC_10000,4481.87,CREDIT,EXT_10208,2026-09-24 14:16:03.000000,BR_009,0,normal
TXN_005885,ACC_10026,7599.67,TRANSFER,EXT_10393,2026-09-24 14:20:04.000000,BR_009,0,normal
TXN_005886,ACC_10011,39035.58,TRANSFER,EXT_10044,2026-09-24 14:20:29.000000,BR_009,0,clean_busy
TXN_005887,ACC_10011,10166.79,DEBIT,EXT_10033,2026-09-24 14:21:16.000000,BR_009,0,clean_busy
TXN_005888,ACC_10007,1078.81,DEBIT,EXT_10395,2026-09-24 14:23:29.000000,BR_009,0,normal
TXN_005889,ACC_10015,17954.92,TRANSFER,EXT_10215,2026-09-24 14:25:29.000000,BR_009,0,normal
TXN_005890,ACC_10008,1274.84,PAYMENT,EXT_10481,2026-09-24 14:25:48.000000,BR_009,0,normal
TXN_005891,ACC_10022,1765.65,CREDIT,EXT_10239,2026-09-24 14:28:30.000000,BR_009,0,normal
TXN_005892,ACC_10019,1352.06,DEBIT,EXT_10466,2026-09-24 14:31:13.000000,BR_009,0,normal
TXN_005893,ACC_10003,2858.79,DEBIT,EXT_10004,2026-09-24 14:31:57.000000,BR_009,0,normal
TXN_005894,ACC_10000,3932.27,CREDIT,EXT_10416,2026-09-24 14:32:19.000000,BR_009,0,normal
TXN_005895,ACC_10000,856.51,TRANSFER,EXT_10166,2026-09-24 14:33:44.000000,BR_009,0,clean_busy
TXN_005896,ACC_10012,3684.77,TRANSFER,EXT_10020,2026-09-24 14:35:55.000000,BR_009,0,normal
TXN_005897,ACC_10000,7978.62,CREDIT,EXT_10024,2026-09-24 14:36:20.000000,BR_009,0,normal
TXN_005898,ACC_10000,6223.13,TRANSFER,EXT_10067,2026-09-24 14:36:26.000000,BR_009,0,clean_busy
TXN_005899,ACC_10000,2329.38,CREDIT,EXT_10171,2026-09-24 14:36:48.000000,BR_009,0,clean_busy
TXN_005900,ACC_10011,21805.42,CREDIT,EXT_10367,2026-09-24 14:38:05.000000,BR_009,0,clean_busy
TXN_005901,ACC_10001,2291.09,DEBIT,EXT_10215,2026-09-24 14:40:38.000000,BR_009,0,normal
TXN_005902,ACC_10004,81053.39,TRANSFER,EXT_10317,2026-09-24 14:42:53.000000,BR_009,0,normal
TXN_005903,ACC_10036,2126.33,TRANSFER,EXT_10406,2026-09-24 14:43:33.000000,BR_009,0,normal
TXN_005904,ACC_10000,8289.1,DEBIT,EXT_10002,2026-09-24 14:43:34.000000,BR_009,0,clean_busy
TXN_005905,ACC_10011,75738.62,DEBIT,EXT_10030,2026-09-24 14:45:26.000000,BR_009,0,normal
TXN_005906,ACC_10042,2207.51,CREDIT,EXT_10107,2026-09-24 14:48:37.000000,BR_009,0,normal
TXN_005907,ACC_10027,2462.96,PAYMENT,EXT_10249,2026-09-24 14:50:09.000000,BR_009,0,normal
TXN_005908,ACC_10020,1709.67,DEBIT,EXT_10201,2026-09-24 14:57:45.000000,BR_009,0,normal
TXN_005909,ACC_10037,109381.86,TRANSFER,EXT_10345,2026-09-24 14:58:40.000000,BR_009,0,normal
TXN_005910,ACC_10023,10616.63,DEBIT,EXT_10315,2026-09-24 15:03:18.000000,BR_009,0,normal
TXN_005911,ACC_10001,41277.77,PAYMENT,EXT_10478,2026-09-24 15:04:09.000000,BR_009,0,normal
TXN_005912,ACC_10018,51698.64,PAYMENT,EXT_10358,2026-09-24 15:09:51.000000,BR_009,0,normal
TXN_005913,ACC_10041,1251.8,TRANSFER,EXT_10440,2026-09-24 15:14:27.000000,BR_009,0,normal
TXN_005914,ACC_10024,9486.27,CREDIT,EXT_10016,2026-09-24 15:17:44.000000,BR_009,0,normal
TXN_005915,ACC_10000,568.06,PAYMENT,EXT_10066,2026-09-24 15:19:52.000000,BR_009,0,normal
TXN_005916,ACC_10008,1401.8,DEBIT,EXT_10298,2026-09-24 15:22:29.000000,BR_009,0,normal
TXN_005917,ACC_10012,26703.83,TRANSFER,EXT_10134,2026-09-24 15:22:51.000000,BR_009,0,normal
TXN_005918,ACC_10014,1583.37,DEBIT,EXT_10087,2026-09-24 15:23:08.000000,BR_006,0,normal
TXN_005919,ACC_10004,7233.02,CREDIT,EXT_10471,2026-09-24 15:23:16.000000,BR_009,0,normal
TXN_005920,ACC_10011,15318.13,CREDIT,EXT_10456,2026-09-24 15:26:27.000000,BR_009,0,clean_busy
TXN_005921,ACC_10017,5695.65,CREDIT,EXT_10099,2026-09-24 15:29:24.000000,BR_009,0,normal
TXN_005922,ACC_10041,14655.53,DEBIT,EXT_10356,2026-09-24 15:30:27.000000,BR_009,0,normal
TXN_005923,ACC_10026,3544.2,PAYMENT,EXT_10423,2026-09-24 15:32:43.000000,BR_009,0,normal
TXN_005924,ACC_10002,10412.98,CREDIT,EXT_10232,2026-09-24 15:33:14.000000,BR_009,0,normal
TXN_005925,ACC_10041,689.1,CREDIT,EXT_10475,2026-09-24 15:35:44.000000,BR_009,0,normal
TXN_005926,ACC_10039,1811.66,DEBIT,EXT_10457,2026-09-24 15:37:00.000000,BR_009,0,normal
TXN_005927,ACC_10000,1146.08,CREDIT,EXT_10424,2026-09-24 15:38:53.000000,BR_009,0,normal
TXN_005928,ACC_10031,703.72,TRANSFER,EXT_10026,2026-09-24 15:42:30.000000,BR_009,0,normal
TXN_005929,ACC_10024,523.01,TRANSFER,EXT_10480,2026-09-24 15:45:00.000000,BR_009,0,normal
TXN_005930,ACC_10045,23529.79,PAYMENT,EXT_10148,2026-09-24 15:46:23.000000,BR_009,0,normal
TXN_005931,ACC_10043,5771.23,DEBIT,EXT_10477,2026-09-24 15:49:01.000000,BR_009,0,normal
TXN_005932,ACC_10031,15761.14,TRANSFER,EXT_10088,2026-09-24 15:55:28.000000,BR_009,0,normal
TXN_005933,ACC_10021,1942.05,CREDIT,EXT_10126,2026-09-24 15:56:00.000000,BR_009,0,normal
TXN_005934,ACC_10029,500.0,CREDIT,EXT_10190,2026-09-24 15:57:14.000000,BR_009,0,normal
TXN_005935,ACC_10008,5010.38,PAYMENT,EXT_10293,2026-09-24 15:59:56.000000,BR_009,0,normal
TXN_005936,ACC_10011,39086.07,DEBIT,EXT_10002,2026-09-24 16:01:08.000000,BR_009,0,clean_busy
TXN_005937,ACC_10044,3665.67,DEBIT,EXT_10385,2026-09-24 16:04:33.000000,BR_009,0,normal
TXN_005938,ACC_10011,518.36,DEBIT,EXT_10484,2026-09-24 16:08:28.000000,BR_009,0,clean_busy
TXN_005939,ACC_10008,7735.16,CREDIT,EXT_10231,2026-09-24 16:10:03.000000,BR_009,0,normal
TXN_005940,ACC_10041,785.6,TRANSFER,EXT_10390,2026-09-24 16:12:53.000000,BR_009,0,normal
TXN_005941,ACC_10034,1836.87,DEBIT,EXT_10085,2026-09-24 16:13:07.000000,BR_009,0,normal
TXN_005942,ACC_10008,4774.49,CREDIT,EXT_10231,2026-09-24 16:15:35.000000,BR_009,0,normal
TXN_005943,ACC_10023,12990.55,CREDIT,EXT_10320,2026-09-24 16:20:38.000000,BR_009,0,normal
TXN_005944,ACC_10000,26307.42,CREDIT,EXT_10407,2026-09-24 16:21:00.000000,BR_009,0,clean_busy
TXN_005945,ACC_10000,3621.53,TRANSFER,EXT_10015,2026-09-24 16:23:28.000000,BR_009,0,clean_busy
TXN_005946,ACC_10031,265655.79,TRANSFER,ACC_10044,2026-09-24 16:25:19.000000,BR_009,1,circular_transfer
TXN_005947,ACC_10030,27389.18,TRANSFER,EXT_10133,2026-09-24 16:26:16.000000,BR_009,0,normal
TXN_005948,ACC_10027,500.0,PAYMENT,EXT_10289,2026-09-24 16:27:17.000000,BR_009,0,normal
TXN_005949,ACC_10000,2819.39,DEBIT,EXT_10252,2026-09-24 16:32:40.000000,BR_009,0,clean_busy
TXN_005950,ACC_10016,1771.28,CREDIT,EXT_10376,2026-09-24 16:33:10.000000,BR_009,0,normal
TXN_005951,ACC_10037,10415.15,DEBIT,EXT_10034,2026-09-24 16:35:09.000000,BR_009,0,normal
TXN_005952,ACC_10011,2695.47,CREDIT,EXT_10223,2026-09-24 16:40:41.000000,BR_009,0,clean_busy
TXN_005953,ACC_10027,1978.79,CREDIT,EXT_10199,2026-09-24 16:40:51.000000,BR_009,0,normal
TXN_005954,ACC_10000,1534.16,PAYMENT,EXT_10310,2026-09-24 16:42:58.000000,BR_009,0,clean_busy
TXN_005955,ACC_10048,1569.93,CREDIT,EXT_10423,2026-09-24 16:44:34.000000,BR_009,0,normal
TXN_005956,ACC_10034,1570.23,DEBIT,EXT_10317,2026-09-24 16:45:00.000000,BR_009,0,normal
TXN_005957,ACC_10000,10807.73,CREDIT,EXT_10114,2026-09-24 16:46:00.000000,BR_009,0,normal
TXN_005958,ACC_10035,1480.73,PAYMENT,EXT_10225,2026-09-24 16:48:01.000000,BR_009,0,normal
TXN_005959,ACC_10016,1487.64,CREDIT,EXT_10095,2026-09-24 16:48:06.000000,BR_009,0,normal
TXN_005960,ACC_10003,4136.75,PAYMENT,EXT_10237,2026-09-24 16:49:28.000000,BR_009,0,normal
TXN_005961,ACC_10032,7439.18,TRANSFER,EXT_10206,2026-09-24 16:50:30.000000,BR_009,0,normal
TXN_005962,ACC_10023,1019.28,DEBIT,EXT_10204,2026-09-24 16:52:45.000000,BR_009,0,normal
TXN_005963,ACC_10019,2238.74,CREDIT,EXT_10460,2026-09-24 16:54:47.000000,BR_009,0,normal
TXN_005964,ACC_10044,265655.79,TRANSFER,ACC_10026,2026-09-24 16:56:19.000000,BR_009,1,circular_transfer
TXN_005965,ACC_10030,2623.21,PAYMENT,EXT_10363,2026-09-24 16:56:26.000000,BR_009,0,normal
TXN_005966,ACC_10045,1078.58,CREDIT,EXT_10377,2026-09-24 17:02:02.000000,BR_009,0,normal
TXN_005967,ACC_10028,2522.64,DEBIT,EXT_10330,2026-09-24 17:04:01.000000,BR_006,0,normal
TXN_005968,ACC_10009,1360.33,PAYMENT,EXT_10473,2026-09-24 17:04:08.000000,BR_006,0,normal
TXN_005969,ACC_10035,1007.48,TRANSFER,EXT_10213,2026-09-24 17:05:06.000000,BR_009,0,normal
TXN_005970,ACC_10006,7085.92,CREDIT,EXT_10221,2026-09-24 17:05:06.000000,BR_009,0,normal
TXN_005971,ACC_10023,1779.21,DEBIT,EXT_10474,2026-09-24 17:05:24.000000,BR_009,0,normal
TXN_005972,ACC_10034,4663.06,TRANSFER,EXT_10390,2026-09-24 17:09:04.000000,BR_009,0,normal
TXN_005973,ACC_10022,3393.62,TRANSFER,EXT_10347,2026-09-24 17:09:56.000000,BR_009,0,normal
TXN_005974,ACC_10024,10770.67,DEBIT,EXT_10115,2026-09-24 17:21:55.000000,BR_009,0,normal
TXN_005975,ACC_10018,8116.98,CREDIT,EXT_10181,2026-09-24 17:24:21.000000,BR_009,0,normal
TXN_005976,ACC_10026,265655.79,TRANSFER,ACC_10031,2026-09-24 17:25:19.000000,BR_009,1,circular_transfer
TXN_005977,ACC_10031,817.59,DEBIT,EXT_10145,2026-09-24 17:27:06.000000,BR_009,0,normal
TXN_005978,ACC_10041,92154.35,PAYMENT,EXT_10228,2026-09-24 17:29:05.000000,BR_009,0,normal
TXN_005979,ACC_10046,1899.92,TRANSFER,EXT_10344,2026-09-24 17:29:11.000000,BR_009,0,normal
TXN_005980,ACC_10023,2854.98,CREDIT,EXT_10328,2026-09-24 17:29:27.000000,BR_009,0,normal
TXN_005981,ACC_10031,20974.06,TRANSFER,EXT_10178,2026-09-24 17:29:38.000000,BR_009,0,normal
TXN_005982,ACC_10019,20621.58,DEBIT,EXT_10136,2026-09-24 17:29:51.000000,BR_009,0,normal
TXN_005983,ACC_10028,19918.45,TRANSFER,EXT_10321,2026-09-24 17:29:59.000000,BR_006,0,normal
TXN_005984,ACC_10021,11820.09,PAYMENT,EXT_10295,2026-09-24 17:31:37.000000,BR_009,0,normal
TXN_005985,ACC_10019,8581.23,PAYMENT,EXT_10170,2026-09-24 17:31:39.000000,BR_009,0,normal
TXN_005986,ACC_10000,3484.73,CREDIT,EXT_10222,2026-09-24 17:33:34.000000,BR_009,0,clean_busy
TXN_005987,ACC_10031,798.42,TRANSFER,EXT_10235,2026-09-24 17:33:55.000000,BR_009,0,normal
TXN_005988,ACC_10002,7883.95,DEBIT,EXT_10225,2026-09-24 17:34:44.000000,BR_009,0,normal
TXN_005989,ACC_10000,500.0,TRANSFER,EXT_10142,2026-09-24 17:37:54.000000,BR_009,0,clean_busy
TXN_005990,ACC_10030,1916.52,DEBIT,EXT_10327,2026-09-24 17:38:46.000000,BR_009,0,normal
TXN_005991,ACC_10024,3816.61,CREDIT,EXT_10229,2026-09-24 17:39:15.000000,BR_009,0,normal
TXN_005992,ACC_10011,2998.74,TRANSFER,EXT_10258,2026-09-24 17:39:41.000000,BR_009,0,clean_busy
TXN_005993,ACC_10026,5575.68,TRANSFER,EXT_10218,2026-09-24 17:40:09.000000,BR_009,0,normal
TXN_005994,ACC_10043,5091.97,CREDIT,EXT_10219,2026-09-24 17:42:05.000000,BR_009,0,normal
TXN_005995,ACC_10040,16371.61,CREDIT,EXT_10014,2026-09-24 17:43:56.000000,BR_009,0,normal
TXN_005996,ACC_10046,9121.27,DEBIT,EXT_10100,2026-09-24 17:45:21.000000,BR_009,0,normal
TXN_005997,ACC_10003,871.66,PAYMENT,EXT_10100,2026-09-24 17:46:05.000000,BR_009,0,normal
TXN_005998,ACC_10000,4937.16,PAYMENT,EXT_10058,2026-09-24 17:46:29.000000,BR_009,0,clean_busy
TXN_005999,ACC_10031,4558.09,CREDIT,EXT_10377,2026-09-24 17:48:13.000000,BR_009,0,normal
TXN_006000,ACC_10044,6704.72,CREDIT,EXT_10240,2026-09-24 17:48:37.000000,BR_009,0,normal
TXN_006001,ACC_10042,1073.43,CREDIT,EXT_10495,2026-09-24 17:50:30.000000,BR_009,0,normal
TXN_006002,ACC_10023,4694.36,DEBIT,EXT_10100,2026-09-24 17:51:43.000000,BR_009,0,normal
TXN_006003,ACC_10025,2391.71,PAYMENT,EXT_10337,2026-09-24 17:54:15.000000,BR_009,0,normal
TXN_006004,ACC_10016,43956.61,TRANSFER,EXT_10211,2026-09-24 17:54:54.000000,BR_009,1,structuring
TXN_006005,ACC_10024,14247.87,TRANSFER,EXT_10376,2026-09-24 17:55:38.000000,BR_009,0,normal
TXN_006006,ACC_10016,46169.35,TRANSFER,EXT_10168,2026-09-24 17:55:54.000000,BR_009,1,structuring
TXN_006007,ACC_10023,9601.12,CREDIT,EXT_10381,2026-09-24 17:59:24.000000,BR_009,0,normal
TXN_006008,ACC_10045,5637.89,CREDIT,EXT_10306,2026-09-24 17:59:56.000000,BR_009,0,normal
TXN_006009,ACC_10016,33983.43,TRANSFER,EXT_10390,2026-09-24 18:00:54.000000,BR_009,1,structuring
TXN_006010,ACC_10016,32417.8,TRANSFER,EXT_10328,2026-09-24 18:27:54.000000,BR_009,1,structuring
TXN_006011,ACC_10016,48453.3,TRANSFER,EXT_10205,2026-09-24 18:28:54.000000,BR_009,1,structuring
TXN_006012,ACC_10016,48938.44,TRANSFER,EXT_10162,2026-09-24 18:59:54.000000,BR_009,1,structuring
TXN_006013,ACC_10016,43333.75,TRANSFER,EXT_10273,2026-09-24 19:01:54.000000,BR_009,1,structuring
TXN_006014,ACC_10037,1127.5,DEBIT,EXT_10377,2026-09-25 09:00:10.000000,BR_009,0,normal
TXN_006015,ACC_10015,2070.05,DEBIT,EXT_10052,2026-09-25 09:11:25.000000,BR_009,0,normal
TXN_006016,ACC_10048,1133.41,DEBIT,EXT_10316,2026-09-25 09:11:51.000000,BR_009,0,normal
TXN_006017,ACC_10008,7074.08,DEBIT,EXT_10398,2026-09-25 09:12:24.000000,BR_009,0,normal
TXN_006018,ACC_10036,21258.88,DEBIT,EXT_10438,2026-09-25 09:13:18.000000,BR_009,0,normal
TXN_006019,ACC_10010,500.0,CREDIT,EXT_10400,2026-09-25 09:16:16.000000,BR_006,0,normal
TXN_006020,ACC_10043,5745.41,CREDIT,EXT_10049,2026-09-25 09:16:40.000000,BR_009,0,normal
TXN_006021,ACC_10021,892.74,TRANSFER,EXT_10219,2026-09-25 09:18:20.000000,BR_009,0,normal
TXN_006022,ACC_10032,1686.78,TRANSFER,EXT_10118,2026-09-25 09:19:20.000000,BR_009,0,normal
TXN_006023,ACC_10048,4098.75,TRANSFER,EXT_10345,2026-09-25 09:20:32.000000,BR_009,0,normal
TXN_006024,ACC_10015,1613.33,CREDIT,EXT_10055,2026-09-25 09:26:52.000000,BR_009,0,normal
TXN_006025,ACC_10019,787.12,PAYMENT,EXT_10229,2026-09-25 09:27:12.000000,BR_009,0,normal
TXN_006026,ACC_10020,3056.32,CREDIT,EXT_10275,2026-09-25 09:27:48.000000,BR_009,0,normal
TXN_006027,ACC_10026,2770.88,TRANSFER,EXT_10340,2026-09-25 09:30:10.000000,BR_009,0,normal
TXN_006028,ACC_10007,113785.86,TRANSFER,EXT_10310,2026-09-25 09:35:44.415783,BR_005,1,temporal_link
TXN_006029,ACC_10045,10560.08,CREDIT,EXT_10385,2026-09-25 09:41:17.000000,BR_009,0,normal
TXN_006030,ACC_10041,25561.5,TRANSFER,EXT_10400,2026-09-25 09:42:36.000000,BR_009,0,normal
TXN_006031,ACC_10000,183425.48,TRANSFER,EXT_10437,2026-09-25 09:47:44.619239,BR_005,1,temporal_link
TXN_006032,ACC_10034,15642.61,CREDIT,EXT_10309,2026-09-25 09:49:06.000000,BR_009,0,normal
TXN_006033,ACC_10014,33444.29,TRANSFER,EXT_10229,2026-09-25 09:49:51.000000,BR_006,0,normal
TXN_006034,ACC_10044,4181.0,CREDIT,EXT_10024,2026-09-25 09:49:59.000000,BR_009,0,normal
TXN_006035,ACC_10040,5814.74,TRANSFER,EXT_10440,2026-09-25 09:52:49.000000,BR_009,0,normal
TXN_006036,ACC_10036,845.68,TRANSFER,EXT_10019,2026-09-25 09:52:53.000000,BR_009,0,normal
TXN_006037,ACC_10040,1377.39,DEBIT,EXT_10017,2026-09-25 09:54:21.000000,BR_009,0,normal
TXN_006038,ACC_10039,2627.95,PAYMENT,EXT_10247,2026-09-25 09:55:43.000000,BR_009,0,normal
TXN_006039,ACC_10010,500.0,TRANSFER,EXT_10196,2026-09-25 09:57:14.000000,BR_006,0,normal
TXN_006040,ACC_10019,5038.92,TRANSFER,EXT_10032,2026-09-25 09:57:34.000000,BR_009,0,normal
TXN_006041,ACC_10000,14276.63,TRANSFER,EXT_10430,2026-09-25 09:58:24.000000,BR_009,0,normal
TXN_006042,ACC_10019,1256.5,DEBIT,EXT_10038,2026-09-25 09:59:38.000000,BR_009,0,normal
TXN_006043,ACC_10006,159768.79,TRANSFER,EXT_10492,2026-09-25 09:59:46.868210,BR_005,1,temporal_link
TXN_006044,ACC_10036,127364.28,PAYMENT,EXT_10403,2026-09-25 10:01:48.000000,BR_009,0,normal
TXN_006045,ACC_10042,8907.87,TRANSFER,EXT_10197,2026-09-25 10:02:52.000000,BR_009,0,normal
TXN_006046,ACC_10000,5500.08,TRANSFER,EXT_10124,2026-09-25 10:03:05.000000,BR_009,0,normal
TXN_006047,ACC_10005,102524.95,TRANSFER,EXT_10159,2026-09-25 10:08:25.415949,BR_005,1,temporal_link
TXN_006048,ACC_10004,2360.3,DEBIT,EXT_10223,2026-09-25 10:10:19.000000,BR_009,0,normal
TXN_006049,ACC_10027,110697.54,TRANSFER,EXT_10370,2026-09-25 10:12:25.144966,BR_005,1,temporal_link
TXN_006050,ACC_10004,8177.43,TRANSFER,EXT_10280,2026-09-25 10:12:46.000000,BR_009,0,normal
TXN_006051,ACC_10024,3904.55,DEBIT,EXT_10217,2026-09-25 10:13:38.000000,BR_009,0,normal
TXN_006052,ACC_10025,10685.88,TRANSFER,EXT_10099,2026-09-25 10:20:37.000000,BR_009,0,normal
TXN_006053,ACC_10006,116652.24,TRANSFER,EXT_10053,2026-09-25 10:20:58.775082,BR_005,1,temporal_link
TXN_006054,ACC_10024,10390.53,TRANSFER,EXT_10174,2026-09-25 10:21:34.000000,BR_009,0,normal
TXN_006055,ACC_10021,123346.79,TRANSFER,EXT_10445,2026-09-25 10:23:21.619572,BR_005,1,temporal_link
TXN_006056,ACC_10025,22846.59,TRANSFER,EXT_10030,2026-09-25 10:26:08.000000,BR_009,0,normal
TXN_006057,ACC_10019,1738.95,DEBIT,EXT_10120,2026-09-25 10:26:44.000000,BR_009,0,normal
TXN_006058,ACC_10008,2204.49,DEBIT,EXT_10046,2026-09-25 10:26:54.000000,BR_009,0,normal
TXN_006059,ACC_10016,4094.67,DEBIT,EXT_10271,2026-09-25 10:27:19.000000,BR_009,0,normal
TXN_006060,ACC_10024,862.81,DEBIT,EXT_10250,2026-09-25 10:27:53.000000,BR_009,0,normal
TXN_006061,ACC_10008,2872.33,TRANSFER,EXT_10200,2026-09-25 10:29:22.000000,BR_009,0,normal
TXN_006062,ACC_10041,1557.01,CREDIT,EXT_10067,2026-09-25 10:29:34.000000,BR_009,0,normal
TXN_006063,ACC_10039,778.0,DEBIT,EXT_10023,2026-09-25 10:29:47.000000,BR_009,0,normal
TXN_006064,ACC_10018,1542.39,PAYMENT,EXT_10168,2026-09-25 10:30:39.000000,BR_009,0,normal
TXN_006065,ACC_10017,3917.61,DEBIT,EXT_10063,2026-09-25 10:30:42.000000,BR_009,0,normal
TXN_006066,ACC_10014,31924.51,DEBIT,EXT_10120,2026-09-25 10:32:28.000000,BR_006,0,normal
TXN_006067,ACC_10029,16572.65,CREDIT,EXT_10298,2026-09-25 10:33:52.000000,BR_009,0,normal
TXN_006068,ACC_10000,931.7,DEBIT,EXT_10108,2026-09-25 10:34:38.000000,BR_009,0,normal
TXN_006069,ACC_10046,1776.14,DEBIT,EXT_10389,2026-09-25 10:34:38.000000,BR_009,0,normal
TXN_006070,ACC_10029,82497.28,TRANSFER,EXT_10431,2026-09-25 10:36:13.194410,BR_005,1,temporal_link
TXN_006071,ACC_10034,87876.29,TRANSFER,EXT_10322,2026-09-25 10:39:55.235382,BR_005,1,temporal_link
TXN_006072,ACC_10044,1878.77,CREDIT,EXT_10079,2026-09-25 10:41:22.000000,BR_009,0,normal
TXN_006073,ACC_10031,10032.97,PAYMENT,EXT_10404,2026-09-25 10:45:48.000000,BR_009,0,normal
TXN_006074,ACC_10018,11275.88,TRANSFER,EXT_10041,2026-09-25 10:46:02.000000,BR_009,0,normal
TXN_006075,ACC_10046,8542.48,TRANSFER,EXT_10483,2026-09-25 10:52:16.000000,BR_009,0,normal
TXN_006076,ACC_10036,13082.6,CREDIT,EXT_10067,2026-09-25 10:54:10.000000,BR_009,0,normal
TXN_006077,ACC_10025,36252.07,DEBIT,EXT_10138,2026-09-25 10:55:43.000000,BR_009,0,normal
TXN_006078,ACC_10009,103913.32,TRANSFER,EXT_10120,2026-09-25 10:56:40.226541,BR_005,1,temporal_link
TXN_006079,ACC_10045,7306.2,DEBIT,EXT_10280,2026-09-25 10:56:56.000000,BR_009,0,normal
TXN_006080,ACC_10015,3970.12,CREDIT,EXT_10051,2026-09-25 10:58:21.000000,BR_009,0,normal
TXN_006081,ACC_10012,120074.97,TRANSFER,EXT_10381,2026-09-25 10:59:11.042134,BR_005,1,temporal_link
TXN_006082,ACC_10000,97173.26,PAYMENT,EXT_10121,2026-09-25 10:59:13.000000,BR_009,0,normal
TXN_006083,ACC_10041,981.15,TRANSFER,EXT_10035,2026-09-25 11:03:43.000000,BR_009,0,normal
TXN_006084,ACC_10015,2653.21,TRANSFER,EXT_10132,2026-09-25 11:05:29.000000,BR_009,0,normal
TXN_006085,ACC_10029,1161.08,DEBIT,EXT_10470,2026-09-25 11:07:36.000000,BR_009,0,normal
TXN_006086,ACC_10000,2403.7,CREDIT,EXT_10345,2026-09-25 11:09:15.000000,BR_009,0,normal
TXN_006087,ACC_10030,5824.0,CREDIT,EXT_10352,2026-09-25 11:09:26.000000,BR_009,0,normal
TXN_006088,ACC_10018,5512.81,TRANSFER,EXT_10102,2026-09-25 11:10:37.000000,BR_009,0,normal
TXN_006089,ACC_10022,500.0,DEBIT,EXT_10106,2026-09-25 11:11:01.000000,BR_009,0,normal
TXN_006090,ACC_10025,116415.38,TRANSFER,EXT_10024,2026-09-25 11:11:26.877399,BR_005,1,temporal_link
TXN_006091,ACC_10034,1880.25,PAYMENT,EXT_10217,2026-09-25 11:13:51.000000,BR_009,0,normal
TXN_006092,ACC_10030,171180.71,TRANSFER,EXT_10075,2026-09-25 11:14:16.470598,BR_005,1,temporal_link
TXN_006093,ACC_10049,1526.76,DEBIT,EXT_10331,2026-09-25 11:20:20.000000,BR_006,0,normal
TXN_006094,ACC_10003,9715.35,DEBIT,EXT_10066,2026-09-25 11:21:33.000000,BR_009,0,normal
TXN_006095,ACC_10044,7792.6,CREDIT,EXT_10080,2026-09-25 11:23:00.000000,BR_009,0,normal
TXN_006096,ACC_10004,1981.04,CREDIT,EXT_10110,2026-09-25 11:23:57.000000,BR_009,0,normal
TXN_006097,ACC_10036,3717.48,DEBIT,EXT_10191,2026-09-25 11:24:02.000000,BR_009,0,normal
TXN_006098,ACC_10042,2813.23,DEBIT,EXT_10013,2026-09-25 11:27:10.000000,BR_009,0,normal
TXN_006099,ACC_10049,2779.7,DEBIT,EXT_10317,2026-09-25 11:27:29.000000,BR_006,0,normal
TXN_006100,ACC_10015,501.72,DEBIT,EXT_10324,2026-09-25 11:27:44.000000,BR_009,0,normal
TXN_006101,ACC_10016,95348.38,TRANSFER,EXT_10118,2026-09-25 11:30:06.467711,BR_005,1,temporal_link
TXN_006102,ACC_10012,7073.75,DEBIT,EXT_10065,2026-09-25 11:30:45.000000,BR_009,0,normal
TXN_006103,ACC_10006,122880.89,TRANSFER,EXT_10386,2026-09-25 11:30:47.846565,BR_005,1,temporal_link
TXN_006104,ACC_10027,32595.35,DEBIT,EXT_10495,2026-09-25 11:36:26.000000,BR_009,0,normal
TXN_006105,ACC_10039,163093.86,TRANSFER,EXT_10066,2026-09-25 11:41:27.825061,BR_005,1,temporal_link
TXN_006106,ACC_10037,138694.56,TRANSFER,EXT_10406,2026-09-25 11:43:16.497177,BR_005,1,temporal_link
TXN_006107,ACC_10036,828.1,TRANSFER,EXT_10360,2026-09-25 11:45:52.000000,BR_009,0,normal
TXN_006108,ACC_10003,500.0,TRANSFER,EXT_10316,2026-09-25 11:46:55.000000,BR_009,0,normal
TXN_006109,ACC_10032,3264.18,TRANSFER,EXT_10058,2026-09-25 11:49:11.000000,BR_009,0,normal
TXN_006110,ACC_10023,165292.74,TRANSFER,EXT_10409,2026-09-25 11:49:37.197356,BR_005,1,temporal_link
TXN_006111,ACC_10006,500.0,TRANSFER,EXT_10415,2026-09-25 11:52:44.000000,BR_009,0,normal
TXN_006112,ACC_10013,7695.84,DEBIT,EXT_10441,2026-09-25 11:54:57.000000,BR_006,0,normal
TXN_006113,ACC_10033,5861.13,TRANSFER,EXT_10122,2026-09-25 11:55:14.000000,BR_009,0,normal
TXN_006114,ACC_10042,658.04,PAYMENT,EXT_10369,2026-09-25 11:56:25.000000,BR_009,0,normal
TXN_006115,ACC_10045,37092.27,PAYMENT,EXT_10408,2026-09-25 11:57:32.000000,BR_009,0,normal
TXN_006116,ACC_10048,8017.3,DEBIT,EXT_10209,2026-09-25 11:57:57.000000,BR_009,0,normal
TXN_006117,ACC_10030,32148.39,DEBIT,EXT_10161,2026-09-25 11:58:10.000000,BR_009,0,normal
TXN_006118,ACC_10019,4810.63,TRANSFER,EXT_10383,2026-09-25 11:58:40.000000,BR_009,0,normal
TXN_006119,ACC_10004,1426.13,DEBIT,EXT_10296,2026-09-25 12:02:44.000000,BR_009,0,normal
TXN_006120,ACC_10038,19843.88,TRANSFER,EXT_10402,2026-09-25 12:07:20.000000,BR_009,0,normal
TXN_006121,ACC_10033,14151.03,PAYMENT,EXT_10073,2026-09-25 12:09:36.000000,BR_009,0,normal
TXN_006122,ACC_10025,3217.26,DEBIT,EXT_10241,2026-09-25 12:10:13.000000,BR_009,0,normal
TXN_006123,ACC_10040,500.0,CREDIT,EXT_10066,2026-09-25 12:14:30.000000,BR_009,0,normal
TXN_006124,ACC_10024,7699.47,DEBIT,EXT_10409,2026-09-25 12:15:38.000000,BR_009,0,normal
TXN_006125,ACC_10004,32903.76,DEBIT,EXT_10486,2026-09-25 12:15:41.000000,BR_009,0,normal
TXN_006126,ACC_10029,1905.39,DEBIT,EXT_10415,2026-09-25 12:18:18.000000,BR_009,0,normal
TXN_006127,ACC_10037,600.4,TRANSFER,EXT_10306,2026-09-25 12:19:40.000000,BR_009,0,normal
TXN_006128,ACC_10003,186946.68,TRANSFER,EXT_10286,2026-09-25 12:21:30.138170,BR_005,1,temporal_link
TXN_006129,ACC_10012,16324.71,CREDIT,EXT_10087,2026-09-25 12:23:06.000000,BR_009,0,normal
TXN_006130,ACC_10047,146517.88,TRANSFER,EXT_10366,2026-09-25 12:23:08.739711,BR_005,1,temporal_link
TXN_006131,ACC_10042,7515.84,CREDIT,EXT_10330,2026-09-25 12:29:15.000000,BR_009,0,normal
TXN_006132,ACC_10038,3363.08,PAYMENT,EXT_10096,2026-09-25 12:29:52.000000,BR_009,0,normal
TXN_006133,ACC_10004,7323.99,DEBIT,EXT_10380,2026-09-25 12:30:52.000000,BR_009,0,normal
TXN_006134,ACC_10003,500.0,TRANSFER,EXT_10145,2026-09-25 12:34:02.000000,BR_009,0,normal
TXN_006135,ACC_10045,7468.98,DEBIT,EXT_10181,2026-09-25 12:37:22.000000,BR_009,0,normal
TXN_006136,ACC_10029,603.89,CREDIT,EXT_10285,2026-09-25 12:38:24.000000,BR_009,0,normal
TXN_006137,ACC_10013,181879.09,TRANSFER,EXT_10232,2026-09-25 12:38:46.341315,BR_005,1,temporal_link
TXN_006138,ACC_10030,3710.2,DEBIT,EXT_10382,2026-09-25 12:39:56.000000,BR_009,0,normal
TXN_006139,ACC_10018,2790.98,DEBIT,EXT_10209,2026-09-25 12:42:01.000000,BR_009,0,normal
TXN_006140,ACC_10004,137134.52,TRANSFER,EXT_10224,2026-09-25 12:42:28.798350,BR_005,1,temporal_link
TXN_006141,ACC_10015,12656.56,TRANSFER,EXT_10267,2026-09-25 12:47:21.000000,BR_009,0,normal
TXN_006142,ACC_10048,1825.08,DEBIT,EXT_10159,2026-09-25 12:47:33.000000,BR_009,0,normal
TXN_006143,ACC_10033,3186.77,TRANSFER,EXT_10370,2026-09-25 12:47:53.000000,BR_009,0,normal
TXN_006144,ACC_10006,7186.2,TRANSFER,EXT_10110,2026-09-25 12:50:41.000000,BR_009,0,normal
TXN_006145,ACC_10001,1678.65,TRANSFER,EXT_10332,2026-09-25 12:51:28.000000,BR_009,0,normal
TXN_006146,ACC_10036,183772.18,TRANSFER,EXT_10111,2026-09-25 12:52:44.416893,BR_005,1,temporal_link
TXN_006147,ACC_10018,806.34,TRANSFER,EXT_10154,2026-09-25 12:53:58.000000,BR_009,0,normal
TXN_006148,ACC_10018,2329.78,CREDIT,EXT_10448,2026-09-25 12:54:50.000000,BR_009,0,normal
TXN_006149,ACC_10031,500.0,DEBIT,EXT_10138,2026-09-25 12:56:56.000000,BR_009,0,normal
TXN_006150,ACC_10041,11122.87,TRANSFER,EXT_10497,2026-09-25 13:00:00.000000,BR_009,0,normal
TXN_006151,ACC_10035,8500.54,DEBIT,EXT_10093,2026-09-25 13:02:02.000000,BR_009,0,normal
TXN_006152,ACC_10045,500.0,TRANSFER,EXT_10085,2026-09-25 13:04:55.000000,BR_009,0,normal
TXN_006153,ACC_10043,135766.31,TRANSFER,EXT_10039,2026-09-25 13:05:55.036383,BR_005,1,temporal_link
TXN_006154,ACC_10003,1412.76,CREDIT,EXT_10309,2026-09-25 13:07:48.000000,BR_009,0,normal
TXN_006155,ACC_10042,10064.44,CREDIT,EXT_10215,2026-09-25 13:10:59.000000,BR_009,0,normal
TXN_006156,ACC_10015,9531.82,TRANSFER,EXT_10352,2026-09-25 13:11:40.000000,BR_009,0,normal
TXN_006157,ACC_10013,105569.98,TRANSFER,EXT_10274,2026-09-25 13:15:49.365367,BR_005,1,temporal_link
TXN_006158,ACC_10033,196515.37,TRANSFER,EXT_10114,2026-09-25 13:20:45.248847,BR_005,1,temporal_link
TXN_006159,ACC_10044,3758.9,DEBIT,EXT_10178,2026-09-25 13:21:21.000000,BR_009,0,normal
TXN_006160,ACC_10036,1637.61,TRANSFER,EXT_10324,2026-09-25 13:22:29.000000,BR_009,0,normal
TXN_006161,ACC_10026,6775.76,DEBIT,EXT_10143,2026-09-25 13:22:38.000000,BR_009,0,normal
TXN_006162,ACC_10012,157186.77,TRANSFER,EXT_10409,2026-09-25 13:24:37.300680,BR_005,1,temporal_link
TXN_006163,ACC_10003,2316.91,TRANSFER,EXT_10376,2026-09-25 13:28:36.000000,BR_009,0,normal
TXN_006164,ACC_10047,1470.51,DEBIT,EXT_10132,2026-09-25 13:31:00.000000,BR_009,0,normal
TXN_006165,ACC_10009,6523.48,DEBIT,EXT_10313,2026-09-25 13:33:07.000000,BR_006,0,normal
TXN_006166,ACC_10031,113328.2,TRANSFER,EXT_10243,2026-09-25 13:33:19.865285,BR_005,1,temporal_link
TXN_006167,ACC_10026,500.0,DEBIT,EXT_10196,2026-09-25 13:33:47.000000,BR_009,0,normal
TXN_006168,ACC_10014,19706.33,DEBIT,EXT_10036,2026-09-25 13:38:35.000000,BR_006,0,normal
TXN_006169,ACC_10049,1197.25,TRANSFER,EXT_10216,2026-09-25 13:39:27.000000,BR_006,0,normal
TXN_006170,ACC_10002,1664.17,DEBIT,EXT_10194,2026-09-25 13:39:48.000000,BR_009,0,normal
TXN_006171,ACC_10021,112989.29,TRANSFER,EXT_10059,2026-09-25 13:40:45.936880,BR_005,1,temporal_link
TXN_006172,ACC_10010,1643.75,DEBIT,EXT_10234,2026-09-25 13:42:10.000000,BR_006,0,normal
TXN_006173,ACC_10039,138939.45,CREDIT,EXT_10279,2026-09-25 13:43:55.000000,BR_009,0,normal
TXN_006174,ACC_10017,3849.02,CREDIT,EXT_10109,2026-09-25 13:46:34.000000,BR_009,0,normal
TXN_006175,ACC_10043,1880.39,CREDIT,EXT_10060,2026-09-25 13:52:02.000000,BR_009,0,normal
TXN_006176,ACC_10045,7394.23,DEBIT,EXT_10183,2026-09-25 13:53:37.000000,BR_009,0,normal
TXN_006177,ACC_10043,5839.94,DEBIT,EXT_10450,2026-09-25 13:54:49.000000,BR_009,0,normal
TXN_006178,ACC_10022,2348.54,CREDIT,EXT_10195,2026-09-25 13:56:35.000000,BR_009,0,normal
TXN_006179,ACC_10029,19591.93,PAYMENT,EXT_10477,2026-09-25 13:56:55.000000,BR_009,0,normal
TXN_006180,ACC_10033,67528.31,DEBIT,EXT_10353,2026-09-25 13:58:14.000000,BR_009,0,normal
TXN_006181,ACC_10049,1613.42,PAYMENT,EXT_10278,2026-09-25 13:59:44.000000,BR_006,0,normal
TXN_006182,ACC_10044,1355.63,DEBIT,EXT_10218,2026-09-25 14:04:34.000000,BR_009,0,normal
TXN_006183,ACC_10002,839.46,CREDIT,EXT_10161,2026-09-25 14:06:02.000000,BR_009,0,normal
TXN_006184,ACC_10045,6479.42,CREDIT,EXT_10174,2026-09-25 14:06:08.000000,BR_009,0,normal
TXN_006185,ACC_10022,500.0,CREDIT,EXT_10313,2026-09-25 14:07:54.000000,BR_009,0,normal
TXN_006186,ACC_10049,118290.22,TRANSFER,EXT_10378,2026-09-25 14:09:05.294328,BR_005,1,temporal_link
TXN_006187,ACC_10048,1479.18,DEBIT,EXT_10252,2026-09-25 14:10:23.000000,BR_009,0,normal
TXN_006188,ACC_10023,191527.13,TRANSFER,EXT_10413,2026-09-25 14:11:08.464898,BR_005,1,temporal_link
TXN_006189,ACC_10039,2577.23,TRANSFER,EXT_10063,2026-09-25 14:13:41.000000,BR_009,0,normal
TXN_006190,ACC_10024,500.0,TRANSFER,EXT_10313,2026-09-25 14:14:28.000000,BR_009,0,normal
TXN_006191,ACC_10020,10265.84,CREDIT,EXT_10420,2026-09-25 14:14:48.000000,BR_009,0,normal
TXN_006192,ACC_10018,157424.05,TRANSFER,EXT_10404,2026-09-25 14:15:25.452871,BR_005,1,temporal_link
TXN_006193,ACC_10002,1032.23,DEBIT,EXT_10181,2026-09-25 14:15:50.000000,BR_009,0,normal
TXN_006194,ACC_10031,543.2,CREDIT,EXT_10477,2026-09-25 14:16:26.000000,BR_009,0,normal
TXN_006195,ACC_10048,2626.77,TRANSFER,EXT_10489,2026-09-25 14:16:33.000000,BR_009,0,normal
TXN_006196,ACC_10004,643.22,TRANSFER,EXT_10165,2026-09-25 14:16:37.000000,BR_009,0,normal
TXN_006197,ACC_10023,8528.55,CREDIT,EXT_10337,2026-09-25 14:17:16.000000,BR_009,0,normal
TXN_006198,ACC_10041,1287.94,CREDIT,EXT_10378,2026-09-25 14:17:20.000000,BR_009,0,normal
TXN_006199,ACC_10035,9756.97,DEBIT,EXT_10205,2026-09-25 14:17:54.000000,BR_009,0,normal
TXN_006200,ACC_10000,798.26,TRANSFER,EXT_10023,2026-09-25 14:19:25.000000,BR_009,0,normal
TXN_006201,ACC_10015,2161.56,PAYMENT,EXT_10417,2026-09-25 14:23:24.000000,BR_009,0,normal
TXN_006202,ACC_10018,166903.0,TRANSFER,EXT_10143,2026-09-25 14:24:57.248193,BR_005,1,temporal_link
TXN_006203,ACC_10049,518.19,DEBIT,EXT_10274,2026-09-25 14:26:25.000000,BR_006,0,normal
TXN_006204,ACC_10045,1620.3,PAYMENT,EXT_10275,2026-09-25 14:29:53.000000,BR_009,0,normal
TXN_006205,ACC_10045,798.45,DEBIT,EXT_10364,2026-09-25 14:35:22.000000,BR_009,0,normal
TXN_006206,ACC_10045,6724.33,DEBIT,EXT_10141,2026-09-25 14:35:24.000000,BR_009,0,normal
TXN_006207,ACC_10049,2446.39,TRANSFER,EXT_10113,2026-09-25 14:35:35.000000,BR_006,0,normal
TXN_006208,ACC_10048,995.48,DEBIT,EXT_10213,2026-09-25 14:37:14.000000,BR_009,0,normal
TXN_006209,ACC_10001,2990.58,DEBIT,EXT_10198,2026-09-25 14:37:22.000000,BR_009,0,normal
TXN_006210,ACC_10032,8538.01,CREDIT,EXT_10318,2026-09-25 14:37:46.000000,BR_009,0,normal
TXN_006211,ACC_10030,146662.47,TRANSFER,EXT_10351,2026-09-25 14:40:57.848918,BR_005,1,temporal_link
TXN_006212,ACC_10021,31681.07,CREDIT,EXT_10142,2026-09-25 14:45:28.000000,BR_009,0,normal
TXN_006213,ACC_10018,4191.16,DEBIT,EXT_10321,2026-09-25 14:49:17.000000,BR_009,0,normal
TXN_006214,ACC_10009,1468.88,DEBIT,EXT_10472,2026-09-25 14:50:06.000000,BR_006,0,normal
TXN_006215,ACC_10046,3714.99,DEBIT,EXT_10110,2026-09-25 14:53:10.000000,BR_009,0,normal
TXN_006216,ACC_10037,500.0,DEBIT,EXT_10094,2026-09-25 14:53:30.000000,BR_009,0,normal
TXN_006217,ACC_10029,195420.85,TRANSFER,EXT_10296,2026-09-25 14:56:00.023585,BR_005,1,temporal_link
TXN_006218,ACC_10003,2371.33,DEBIT,EXT_10290,2026-09-25 14:57:27.000000,BR_009,0,normal
TXN_006219,ACC_10010,1577.78,DEBIT,EXT_10284,2026-09-25 15:00:26.000000,BR_006,0,normal
TXN_006220,ACC_10000,500.0,CREDIT,EXT_10028,2026-09-25 15:00:31.000000,BR_009,0,normal
TXN_006221,ACC_10031,3813.59,TRANSFER,EXT_10263,2026-09-25 15:00:54.000000,BR_009,0,normal
TXN_006222,ACC_10026,22055.09,DEBIT,EXT_10469,2026-09-25 15:05:55.000000,BR_009,0,normal
TXN_006223,ACC_10017,737.81,TRANSFER,EXT_10355,2026-09-25 15:06:07.000000,BR_009,0,normal
TXN_006224,ACC_10008,5406.63,CREDIT,EXT_10285,2026-09-25 15:06:35.000000,BR_009,0,normal
TXN_006225,ACC_10015,2521.75,TRANSFER,EXT_10373,2026-09-25 15:07:01.000000,BR_009,0,normal
TXN_006226,ACC_10004,716.91,DEBIT,EXT_10389,2026-09-25 15:07:55.000000,BR_009,0,normal
TXN_006227,ACC_10039,638.37,PAYMENT,EXT_10375,2026-09-25 15:08:53.000000,BR_009,0,normal
TXN_006228,ACC_10000,507.79,DEBIT,EXT_10215,2026-09-25 15:10:32.000000,BR_009,0,normal
TXN_006229,ACC_10002,1576.97,DEBIT,EXT_10261,2026-09-25 15:11:07.000000,BR_009,0,normal
TXN_006230,ACC_10019,1716.7,DEBIT,EXT_10152,2026-09-25 15:12:02.000000,BR_009,0,normal
TXN_006231,ACC_10032,500.0,TRANSFER,EXT_10100,2026-09-25 15:12:22.000000,BR_009,0,normal
TXN_006232,ACC_10016,7513.95,CREDIT,EXT_10018,2026-09-25 15:13:38.000000,BR_009,0,normal
TXN_006233,ACC_10016,17900.01,DEBIT,EXT_10470,2026-09-25 15:15:11.000000,BR_009,0,normal
TXN_006234,ACC_10039,52124.65,TRANSFER,EXT_10258,2026-09-25 15:15:20.000000,BR_009,0,normal
TXN_006235,ACC_10036,7251.76,TRANSFER,EXT_10421,2026-09-25 15:15:24.000000,BR_009,0,normal
TXN_006236,ACC_10015,1869.72,TRANSFER,EXT_10116,2026-09-25 15:17:40.000000,BR_009,0,normal
TXN_006237,ACC_10017,564.41,DEBIT,EXT_10266,2026-09-25 15:21:23.000000,BR_009,0,normal
TXN_006238,ACC_10043,173463.15,TRANSFER,EXT_10372,2026-09-25 15:21:28.635421,BR_005,1,temporal_link
TXN_006239,ACC_10004,500.0,CREDIT,EXT_10338,2026-09-25 15:22:05.000000,BR_009,0,normal
TXN_006240,ACC_10029,1901.06,CREDIT,EXT_10016,2026-09-25 15:26:35.000000,BR_009,0,normal
TXN_006241,ACC_10047,4035.39,CREDIT,EXT_10345,2026-09-25 15:28:55.000000,BR_009,0,normal
TXN_006242,ACC_10024,9395.67,CREDIT,EXT_10442,2026-09-25 15:34:17.000000,BR_009,0,normal
TXN_006243,ACC_10024,109757.01,TRANSFER,EXT_10324,2026-09-25 15:38:05.840885,BR_005,1,temporal_link
TXN_006244,ACC_10046,121740.32,TRANSFER,EXT_10248,2026-09-25 15:39:55.329299,BR_005,1,temporal_link
TXN_006245,ACC_10025,2031.47,DEBIT,EXT_10018,2026-09-25 15:43:02.000000,BR_009,0,normal
TXN_006246,ACC_10024,1455.74,DEBIT,EXT_10486,2026-09-25 15:43:13.000000,BR_009,0,normal
TXN_006247,ACC_10030,47071.57,TRANSFER,EXT_10265,2026-09-25 15:44:14.000000,BR_009,0,normal
TXN_006248,ACC_10034,141199.85,TRANSFER,EXT_10317,2026-09-25 15:44:53.748816,BR_005,1,temporal_link
TXN_006249,ACC_10024,1220.1,DEBIT,EXT_10373,2026-09-25 15:46:05.000000,BR_009,0,normal
TXN_006250,ACC_10042,532.75,TRANSFER,EXT_10132,2026-09-25 15:47:30.000000,BR_009,0,normal
TXN_006251,ACC_10023,3230.05,TRANSFER,EXT_10201,2026-09-25 15:48:15.000000,BR_009,0,normal
TXN_006252,ACC_10032,5481.59,TRANSFER,EXT_10276,2026-09-25 15:48:53.000000,BR_009,0,normal
TXN_006253,ACC_10032,500.0,TRANSFER,EXT_10490,2026-09-25 15:52:58.000000,BR_009,0,normal
TXN_006254,ACC_10030,148247.35,TRANSFER,EXT_10392,2026-09-25 15:53:42.374078,BR_005,1,temporal_link
TXN_006255,ACC_10031,22407.33,TRANSFER,EXT_10155,2026-09-25 15:55:22.000000,BR_009,0,normal
TXN_006256,ACC_10032,13968.15,PAYMENT,EXT_10161,2026-09-25 15:57:06.000000,BR_009,0,normal
TXN_006257,ACC_10023,2000.05,TRANSFER,EXT_10131,2026-09-25 15:57:50.000000,BR_009,0,normal
TXN_006258,ACC_10040,2415.56,TRANSFER,EXT_10339,2026-09-25 15:58:49.000000,BR_009,0,normal
TXN_006259,ACC_10030,1434.82,TRANSFER,EXT_10213,2026-09-25 15:59:22.000000,BR_009,0,normal
TXN_006260,ACC_10000,4307.68,DEBIT,EXT_10475,2026-09-25 16:00:28.000000,BR_009,0,normal
TXN_006261,ACC_10030,2899.6,TRANSFER,EXT_10429,2026-09-25 16:00:47.000000,BR_009,0,normal
TXN_006262,ACC_10022,2271.08,CREDIT,EXT_10109,2026-09-25 16:01:39.000000,BR_009,0,normal
TXN_006263,ACC_10046,156507.21,TRANSFER,EXT_10122,2026-09-25 16:06:47.405386,BR_005,1,temporal_link
TXN_006264,ACC_10002,1631.09,TRANSFER,EXT_10138,2026-09-25 16:06:51.000000,BR_009,0,normal
TXN_006265,ACC_10017,650.57,TRANSFER,EXT_10404,2026-09-25 16:06:51.000000,BR_009,0,normal
TXN_006266,ACC_10022,9848.0,CREDIT,EXT_10131,2026-09-25 16:10:11.000000,BR_009,0,normal
TXN_006267,ACC_10048,558.58,DEBIT,EXT_10389,2026-09-25 16:13:22.000000,BR_009,0,normal
TXN_006268,ACC_10022,501.21,TRANSFER,EXT_10487,2026-09-25 16:14:15.000000,BR_009,0,normal
TXN_006269,ACC_10026,113471.32,TRANSFER,EXT_10156,2026-09-25 16:17:37.210958,BR_005,1,temporal_link
TXN_006270,ACC_10025,166435.12,TRANSFER,EXT_10016,2026-09-25 16:17:38.202958,BR_005,1,temporal_link
TXN_006271,ACC_10039,1724.82,TRANSFER,EXT_10035,2026-09-25 16:18:28.000000,BR_009,0,normal
TXN_006272,ACC_10024,19666.22,DEBIT,EXT_10164,2026-09-25 16:18:30.000000,BR_009,0,normal
TXN_006273,ACC_10031,12488.65,TRANSFER,EXT_10257,2026-09-25 16:22:04.000000,BR_009,0,normal
TXN_006274,ACC_10037,6048.33,CREDIT,EXT_10387,2026-09-25 16:24:15.000000,BR_009,0,normal
TXN_006275,ACC_10027,172064.88,TRANSFER,EXT_10298,2026-09-25 16:25:18.342240,BR_005,1,temporal_link
TXN_006276,ACC_10008,2664.35,TRANSFER,EXT_10092,2026-09-25 16:25:47.000000,BR_009,0,normal
TXN_006277,ACC_10039,24673.68,DEBIT,EXT_10247,2026-09-25 16:29:15.000000,BR_009,0,normal
TXN_006278,ACC_10018,500.0,DEBIT,EXT_10210,2026-09-25 16:30:38.000000,BR_009,0,normal
TXN_006279,ACC_10006,89738.02,TRANSFER,EXT_10288,2026-09-25 16:30:51.772098,BR_005,1,temporal_link
TXN_006280,ACC_10045,2682.79,CREDIT,EXT_10429,2026-09-25 16:31:23.000000,BR_009,0,normal
TXN_006281,ACC_10008,3290.18,CREDIT,EXT_10101,2026-09-25 16:31:46.000000,BR_009,0,normal
TXN_006282,ACC_10040,12927.82,DEBIT,EXT_10321,2026-09-25 16:36:01.000000,BR_009,0,normal
TXN_006283,ACC_10034,555.61,DEBIT,EXT_10403,2026-09-25 16:38:23.000000,BR_009,0,normal
TXN_006284,ACC_10004,83731.61,TRANSFER,EXT_10210,2026-09-25 16:42:05.832045,BR_005,1,temporal_link
TXN_006285,ACC_10043,1581.61,TRANSFER,EXT_10164,2026-09-25 16:42:08.000000,BR_009,0,normal
TXN_006286,ACC_10029,13716.12,TRANSFER,EXT_10139,2026-09-25 16:42:39.000000,BR_009,0,normal
TXN_006287,ACC_10026,5408.98,DEBIT,EXT_10110,2026-09-25 16:43:49.000000,BR_009,0,normal
TXN_006288,ACC_10023,500.0,DEBIT,EXT_10220,2026-09-25 16:44:37.000000,BR_009,0,normal
TXN_006289,ACC_10018,5891.84,TRANSFER,EXT_10280,2026-09-25 16:44:58.000000,BR_009,0,normal
TXN_006290,ACC_10019,1803.57,CREDIT,EXT_10304,2026-09-25 16:44:58.000000,BR_009,0,normal
TXN_006291,ACC_10019,117681.61,TRANSFER,EXT_10215,2026-09-25 16:45:48.045361,BR_005,1,temporal_link
TXN_006292,ACC_10011,9922.65,TRANSFER,EXT_10032,2026-09-25 16:49:40.000000,BR_009,0,normal
TXN_006293,ACC_10037,4928.96,CREDIT,EXT_10497,2026-09-25 16:49:51.000000,BR_009,0,normal
TXN_006294,ACC_10030,2245.63,DEBIT,EXT_10223,2026-09-25 16:51:06.000000,BR_009,0,normal
TXN_006295,ACC_10030,1157.19,TRANSFER,EXT_10222,2026-09-25 16:52:36.000000,BR_009,0,normal
TXN_006296,ACC_10030,966.49,TRANSFER,EXT_10050,2026-09-25 16:56:01.000000,BR_009,0,normal
TXN_006297,ACC_10033,81011.98,TRANSFER,EXT_10027,2026-09-25 16:56:51.705939,BR_005,1,temporal_link
TXN_006298,ACC_10020,195624.07,TRANSFER,EXT_10038,2026-09-25 16:57:10.997360,BR_005,1,temporal_link
TXN_006299,ACC_10034,2697.8,TRANSFER,EXT_10150,2026-09-25 16:58:00.000000,BR_009,0,normal
TXN_006300,ACC_10049,103666.38,TRANSFER,EXT_10286,2026-09-25 16:58:16.382172,BR_005,1,temporal_link
TXN_006301,ACC_10048,15137.69,CREDIT,EXT_10196,2026-09-25 16:58:40.000000,BR_009,0,normal
TXN_006302,ACC_10027,9024.47,CREDIT,EXT_10322,2026-09-25 17:00:25.000000,BR_009,0,normal
TXN_006303,ACC_10026,800.41,PAYMENT,EXT_10013,2026-09-25 17:02:36.000000,BR_009,0,normal
TXN_006304,ACC_10024,1650.02,TRANSFER,EXT_10484,2026-09-25 17:07:30.000000,BR_009,0,normal
TXN_006305,ACC_10008,6746.0,DEBIT,EXT_10274,2026-09-25 17:11:45.000000,BR_009,0,normal
TXN_006306,ACC_10002,22262.36,CREDIT,EXT_10219,2026-09-25 17:12:00.000000,BR_009,0,normal
TXN_006307,ACC_10019,48978.07,DEBIT,EXT_10099,2026-09-25 17:14:45.000000,BR_009,0,normal
TXN_006308,ACC_10046,6884.21,DEBIT,EXT_10099,2026-09-25 17:15:49.000000,BR_009,0,normal
TXN_006309,ACC_10008,9465.38,CREDIT,EXT_10313,2026-09-25 17:17:14.000000,BR_009,0,normal
TXN_006310,ACC_10002,13394.04,TRANSFER,EXT_10137,2026-09-25 17:20:21.000000,BR_009,0,normal
TXN_006311,ACC_10010,500.0,DEBIT,EXT_10414,2026-09-25 17:21:03.000000,BR_006,0,normal
TXN_006312,ACC_10031,90840.54,CREDIT,EXT_10429,2026-09-25 17:26:13.000000,BR_009,0,normal
TXN_006313,ACC_10045,5038.26,CREDIT,EXT_10376,2026-09-25 17:26:30.000000,BR_009,0,normal
TXN_006314,ACC_10022,15208.61,CREDIT,EXT_10497,2026-09-25 17:27:08.000000,BR_009,0,normal
TXN_006315,ACC_10033,2965.29,DEBIT,EXT_10450,2026-09-25 17:33:20.000000,BR_009,0,normal
TXN_006316,ACC_10040,2708.4,CREDIT,EXT_10051,2026-09-25 17:34:07.000000,BR_009,0,normal
TXN_006317,ACC_10018,696.04,CREDIT,EXT_10460,2026-09-25 17:34:27.000000,BR_009,0,normal
TXN_006318,ACC_10049,3003.51,TRANSFER,EXT_10268,2026-09-25 17:38:04.000000,BR_006,0,normal
TXN_006319,ACC_10006,3882.22,DEBIT,EXT_10021,2026-09-25 17:39:02.000000,BR_009,0,normal
TXN_006320,ACC_10037,4397.46,DEBIT,EXT_10484,2026-09-25 17:40:39.000000,BR_009,0,normal
TXN_006321,ACC_10012,27496.05,DEBIT,EXT_10442,2026-09-25 17:43:28.000000,BR_009,0,normal
TXN_006322,ACC_10024,9520.66,PAYMENT,EXT_10397,2026-09-25 17:47:17.000000,BR_009,0,normal
TXN_006323,ACC_10008,4582.8,DEBIT,EXT_10113,2026-09-25 17:48:39.000000,BR_009,0,normal
TXN_006324,ACC_10004,5634.27,CREDIT,EXT_10288,2026-09-25 17:49:07.000000,BR_009,0,normal
TXN_006325,ACC_10028,1033.56,CREDIT,EXT_10425,2026-09-25 17:50:15.000000,BR_006,0,normal
TXN_006326,ACC_10031,19841.16,TRANSFER,EXT_10162,2026-09-25 17:55:03.000000,BR_009,0,normal
TXN_006327,ACC_10031,3338.72,TRANSFER,EXT_10467,2026-09-26 09:08:22.000000,BR_009,0,normal
TXN_006328,ACC_10003,10079.3,DEBIT,EXT_10329,2026-09-26 09:39:47.000000,BR_009,0,normal
TXN_006329,ACC_10013,17548.36,DEBIT,EXT_10243,2026-09-26 09:41:06.000000,BR_006,0,normal
TXN_006330,ACC_10000,15384.83,TRANSFER,EXT_10378,2026-09-26 10:02:20.000000,BR_009,0,normal
TXN_006331,ACC_10017,5442.34,DEBIT,EXT_10063,2026-09-26 10:14:09.000000,BR_009,0,normal
TXN_006332,ACC_10030,64152.35,DEBIT,EXT_10285,2026-09-26 10:26:25.000000,BR_009,0,normal
TXN_006333,ACC_10049,2634.11,DEBIT,EXT_10377,2026-09-26 10:52:35.000000,BR_006,0,normal
TXN_006334,ACC_10027,1882.56,PAYMENT,EXT_10078,2026-09-26 11:16:35.000000,BR_009,0,normal
TXN_006335,ACC_10034,6786.72,DEBIT,EXT_10415,2026-09-26 11:20:26.000000,BR_009,0,normal
TXN_006336,ACC_10049,542.19,TRANSFER,EXT_10446,2026-09-26 11:55:04.000000,BR_006,0,normal
TXN_006337,ACC_10031,500.0,CREDIT,EXT_10137,2026-09-26 12:23:11.000000,BR_009,0,normal
TXN_006338,ACC_10026,35918.54,TRANSFER,EXT_10157,2026-09-26 12:35:02.000000,BR_009,0,normal
TXN_006339,ACC_10022,2200.54,DEBIT,EXT_10344,2026-09-26 12:42:38.000000,BR_009,0,normal
TXN_006340,ACC_10043,500.0,DEBIT,EXT_10483,2026-09-26 12:43:22.000000,BR_009,0,normal
TXN_006341,ACC_10044,3684.96,CREDIT,EXT_10454,2026-09-26 12:48:58.000000,BR_009,0,normal
TXN_006342,ACC_10002,10792.43,TRANSFER,EXT_10066,2026-09-26 13:17:47.000000,BR_009,0,normal
TXN_006343,ACC_10013,4892.64,CREDIT,EXT_10196,2026-09-26 13:47:01.000000,BR_006,0,normal
TXN_006344,ACC_10032,928.86,TRANSFER,EXT_10149,2026-09-26 13:58:42.000000,BR_009,0,normal
TXN_006345,ACC_10030,500.52,TRANSFER,EXT_10386,2026-09-26 14:26:33.000000,BR_009,0,normal
TXN_006346,ACC_10031,7566.2,TRANSFER,EXT_10334,2026-09-26 16:19:42.000000,BR_009,0,normal
TXN_006347,ACC_10023,4565.74,TRANSFER,EXT_10292,2026-09-26 17:18:28.000000,BR_009,0,normal
